set,label,R,metric,mean,half_range,stat_se,n_seeds
val,UVCGAN-S,0.2,scale_14_20,0.9787497669383779,0.0,0.0017118371645855144,1
val,UVCGAN-S,0.2,resolution_14_20,0.15171745379201182,0.0,0.0012105287244791442,1
val,UVCGAN-S,0.2,bias_gev_14_20,-0.3517245435637529,0.0,0.028702494789773325,1
val,UVCGAN-S,0.2,rmse_gev_14_20,2.568057631121835,0.0,0.02048880708045449,1
val,UVCGAN-S,0.2,eff_14_20,0.9978404471544715,0.0,0.0005232026406473579,1
val,UVCGAN-S,0.2,fake_14_20,0.00655307994757536,0.0,0.0009237039441891661,1
val,UVCGAN-S,0.2,scale_20_30,0.9859658682636676,0.0,0.0009258174321602292,1
val,UVCGAN-S,0.2,resolution_20_30,0.09758484649552644,0.0,0.0006546812486867928,1
val,UVCGAN-S,0.2,bias_gev_20_30,-0.34753339211146816,0.0,0.022142522671465208,1
val,UVCGAN-S,0.2,rmse_gev_20_30,2.3596431754781397,0.0,0.015829759136782785,1
val,UVCGAN-S,0.2,eff_20_30,1.0,0.0,0.0,1
val,UVCGAN-S,0.2,fake_20_30,0.00045649593718615904,0.0,0.0002041045869868185,1
val,UVCGAN-S,0.2,scale_30_50,0.9860887620231822,0.0,0.0010730126222692924,1
val,UVCGAN-S,0.2,resolution_30_50,0.06547135796625696,0.0,0.0007588364203051515,1
val,UVCGAN-S,0.2,bias_gev_30_50,-0.48572918634037043,0.0,0.03626664516032264,1
val,UVCGAN-S,0.2,rmse_gev_30_50,2.2655421826846918,0.0,0.026254916226185383,1
val,UVCGAN-S,0.2,eff_30_50,1.0,0.0,0.0,1
val,UVCGAN-S,0.2,fake_30_50,0.0,0.0,0.0,1
val,UVCGAN-S,0.2,deta_rms_20_50,0.011287238185005929,0.0,6.553271990112714e-05,1
val,UVCGAN-S,0.2,calib_a,-0.19339679646029603,0.0,,1
val,UVCGAN-S,0.2,calib_b,0.9923713271120657,0.0,,1
val,UVCGAN-S,0.2,scale_cal_20_30,1.0018061515475774,0.0,0.00130987438298206,1
val,UVCGAN-S,0.2,resolution_cal_20_30,0.09773278158225818,0.0,0.0009263042584451197,1
val,UVCGAN-S,0.2,bias_cal_gev_20_30,0.03738047655969651,0.0,0.03136336880133361,1
val,UVCGAN-S,0.2,scale_cal_30_50,0.9988205446996324,0.0,0.00151123459969407,1
val,UVCGAN-S,0.2,resolution_cal_30_50,0.06545582562863478,0.0,0.0010688891565516345,1
val,UVCGAN-S,0.2,bias_cal_gev_30_50,-0.045916360290525926,0.0,0.05088458148726929,1
val,UVCGAN-S,0.4,scale_14_20,0.9689012500995904,0.0,0.004090352253356128,1
val,UVCGAN-S,0.4,resolution_14_20,0.2516148529199549,0.0,0.002892698068592069,1
val,UVCGAN-S,0.4,bias_gev_14_20,-0.5214644278197024,0.0,0.06904674733315741,1
val,UVCGAN-S,0.4,rmse_gev_14_20,4.279248590827888,0.0,0.049190014958636424,1
val,UVCGAN-S,0.4,eff_14_20,0.9722507708119219,0.0,0.002632862592995203,1
val,UVCGAN-S,0.4,fake_14_20,0.03005530175522962,0.0,0.002647521971118032,1
val,UVCGAN-S,0.4,scale_20_30,0.9823920496100845,0.0,0.0012166161950546948,1
val,UVCGAN-S,0.4,resolution_20_30,0.1437976525399111,0.0,0.0008603083534552461,1
val,UVCGAN-S,0.4,bias_gev_20_30,-0.4625948427605146,0.0,0.030082406053790547,1
val,UVCGAN-S,0.4,rmse_gev_20_30,3.5855489969767462,0.0,0.021450748977618974,1
val,UVCGAN-S,0.4,eff_20_30,0.9991417536833072,0.0,0.0002476480310272769,1
val,UVCGAN-S,0.4,fake_20_30,0.0017898052691867124,0.0,0.00035764057008208077,1
val,UVCGAN-S,0.4,scale_30_50,0.965052527415341,0.0,0.0009276865889342599,1
val,UVCGAN-S,0.4,resolution_30_50,0.09585296709133129,0.0,0.0006560042018847777,1
val,UVCGAN-S,0.4,bias_gev_30_50,-1.2384555276336129,0.0,0.032021675085947644,1
val,UVCGAN-S,0.4,rmse_gev_30_50,3.5328191172965266,0.0,0.024176983908950973,1
val,UVCGAN-S,0.4,eff_30_50,0.9999063407324155,0.0,9.365488145262552e-05,1
val,UVCGAN-S,0.4,fake_30_50,0.00010054293183189222,0.0,0.00010053787726426808,1
val,UVCGAN-S,0.4,deta_rms_20_50,0.030137222765341847,0.0,0.00013574223900215856,1
val,UVCGAN-S,0.4,calib_a,0.7738323419127715,0.0,,1
val,UVCGAN-S,0.4,calib_b,0.9455246454450539,0.0,,1
val,UVCGAN-S,0.4,scale_cal_20_30,1.006555732319493,0.0,0.001832616175695245,1
val,UVCGAN-S,0.4,resolution_cal_20_30,0.1533386214036975,0.0,0.0012959478829354012,1
val,UVCGAN-S,0.4,bias_cal_gev_20_30,0.16310441525171865,0.0,0.0452488498841532,1
val,UVCGAN-S,0.4,scale_cal_30_50,0.9964018654772928,0.0,0.0013810933176591838,1
val,UVCGAN-S,0.4,resolution_cal_30_50,0.10172387492643735,0.0,0.0009766704702283491,1
val,UVCGAN-S,0.4,bias_cal_gev_30_50,-0.12663000649181752,0.0,0.04746920091309519,1
val,UVCGAN-S,0.4,sub_truth_jets,13982.0,0.0,,1
val,UVCGAN-S,0.4,sub_matched,13970.0,0.0,,1
val,UVCGAN-S,0.4,zg_mean_truth,0.2468019464600556,0.0,0.0009747757447164019,1
val,UVCGAN-S,0.4,zg_truth_all_sd,0.11513913115315934,0.0,,1
val,UVCGAN-S,0.4,zg_mean_reco,0.24779716788254189,0.0,0.0009705048165572494,1
val,UVCGAN-S,0.4,zg_w1,0.0012551240758197303,0.0,,1
val,UVCGAN-S,0.4,zg_pair_bias,0.0009641968142104606,0.0,0.0010935385744197319,1
val,UVCGAN-S,0.4,zg_pair_rmse,0.12899017541082716,0.0,0.0007732701450266482,1
val,UVCGAN-S,0.4,zg_truth_sd,0.11506407494735187,0.0,,1
val,UVCGAN-S,0.4,zg_pair_undefined,0.004080171796707277,0.0,,1
val,UVCGAN-S,0.4,rg_mean_truth,0.25681209316520703,0.0,0.0006292934832735559,1
val,UVCGAN-S,0.4,rg_truth_all_sd,0.074331255467936,0.0,,1
val,UVCGAN-S,0.4,rg_mean_reco,0.25543059412901475,0.0,0.0006317411451808142,1
val,UVCGAN-S,0.4,rg_w1,0.0014801082507033012,0.0,,1
val,UVCGAN-S,0.4,rg_pair_bias,-0.0013532344003778377,0.0,0.0005915386615213301,1
val,UVCGAN-S,0.4,rg_pair_rmse,0.06978710634080011,0.0,0.0004183596593249611,1
val,UVCGAN-S,0.4,rg_truth_sd,0.07424161938655661,0.0,,1
val,UVCGAN-S,0.4,rg_pair_undefined,0.004080171796707277,0.0,,1
val,UVCGAN-S,0.4,girth_mean_truth,0.1438926693175284,0.0,0.00031543679697609167,1
val,UVCGAN-S,0.4,girth_truth_all_sd,0.03729898408401423,0.0,,1
val,UVCGAN-S,0.4,girth_mean_reco,0.14131980363560961,0.0,0.0003093671912674664,1
val,UVCGAN-S,0.4,girth_w1,0.0025734469231132274,0.0,,1
val,UVCGAN-S,0.4,girth_pair_bias,-0.0025053022794274426,0.0,0.00018819642772357966,1
val,UVCGAN-S,0.4,girth_pair_rmse,0.02238447091981176,0.0,0.00013391635900180334,1
val,UVCGAN-S,0.4,girth_truth_sd,0.037235137329340175,0.0,,1
val,UVCGAN-S,0.4,girth_pair_undefined,0.0,0.0,,1
val,UVCGAN-S,0.4,mass_mean_truth,4.257431070304588,0.0,0.007917988058547133,1
val,UVCGAN-S,0.4,mass_truth_all_sd,0.9362665148909336,0.0,,1
val,UVCGAN-S,0.4,mass_mean_reco,4.106158481087446,0.0,0.00937106705664706,1
val,UVCGAN-S,0.4,mass_w1,0.19635420183314917,0.0,,1
val,UVCGAN-S,0.4,mass_pair_bias,-0.15050293817024274,0.0,0.009091591518030847,1
val,UVCGAN-S,0.4,mass_pair_rmse,1.0850667868560813,0.0,0.006491473213286658,1
val,UVCGAN-S,0.4,mass_truth_sd,0.9360956763166657,0.0,,1
val,UVCGAN-S,0.4,mass_pair_undefined,0.0,0.0,,1
val,UVCGAN-S,0.4,zlead_mean_truth,0.27740267927557066,0.0,0.000993361862433755,1
val,UVCGAN-S,0.4,zlead_truth_all_sd,0.11746057737008929,0.0,,1
val,UVCGAN-S,0.4,zlead_mean_reco,0.28159320821103584,0.0,0.0010117860378980818,1
val,UVCGAN-S,0.4,zlead_w1,0.004200039854725366,0.0,,1
val,UVCGAN-S,0.4,zlead_pair_bias,0.0040814685101678,0.0,0.0003729745383710802,1
val,UVCGAN-S,0.4,zlead_pair_rmse,0.0442721715396363,0.0,0.0002648607616829575,1
val,UVCGAN-S,0.4,zlead_truth_sd,0.11744533239670667,0.0,,1
val,UVCGAN-S,0.4,zlead_pair_undefined,0.0,0.0,,1
val,UVCGAN-S,0.4,xi_mean_truth,5.277875749137128,0.0,0.002813431504379299,1
val,UVCGAN-S,0.4,xi_truth_all_sd,2.050399078183814,0.0,,1
val,UVCGAN-S,0.4,xi_mean_reco,6.961847916244065,0.0,0.00337209737714579,1
val,UVCGAN-S,0.4,xi_w1,1.6839750911367046,0.0,,1
val,UVCGAN-S,0.4,ptd_mean_truth,0.37313176550987476,0.0,0.0007695188648364086,1
val,UVCGAN-S,0.4,ptd_truth_all_sd,0.09099214856045275,0.0,,1
val,UVCGAN-S,0.4,ptd_mean_reco,0.3785313450007218,0.0,0.0007821068552167913,1
val,UVCGAN-S,0.4,ptd_w1,0.005409363666556395,0.0,,1
val,UVCGAN-S,0.4,ptd_pair_bias,0.005297479682924144,0.0,0.0003549625995562644,1
val,UVCGAN-S,0.4,ptd_pair_rmse,0.042287842186033264,0.0,0.0002529893994762355,1
val,UVCGAN-S,0.4,ptd_truth_sd,0.09096206842836317,0.0,,1
val,UVCGAN-S,0.4,ptd_pair_undefined,0.0,0.0,,1
val,UVCGAN-S,0.4,zg_w1_floor,0.0007714136295143184,0.0,,1
val,UVCGAN-S,0.4,rg_w1_floor,0.00235826208327121,0.0,,1
val,UVCGAN-S,0.4,girth_w1_floor,0.001268685575778252,0.0,,1
val,UVCGAN-S,0.4,mass_w1_floor,0.028382738884839172,0.0,,1
val,UVCGAN-S,0.4,zlead_w1_floor,0.0025506128405569043,0.0,,1
val,UVCGAN-S,0.4,xi_w1_floor,0.006663111531351521,0.0,,1
val,UVCGAN-S,0.4,ptd_w1_floor,0.002062756778244051,0.0,,1
val,UVCGAN-S,0.5,scale_14_20,0.9810360942661174,0.0,0.0054344793484574485,1
val,UVCGAN-S,0.5,resolution_14_20,0.288386062876295,0.0,0.0038434396890302844,1
val,UVCGAN-S,0.5,bias_gev_14_20,-0.33675618182913697,0.0,0.09210081920002405,1
val,UVCGAN-S,0.5,rmse_gev_14_20,4.899009717569526,0.0,0.06527952382618248,1
val,UVCGAN-S,0.5,eff_14_20,0.9433835845896147,0.0,0.004230027339781366,1
val,UVCGAN-S,0.5,fake_14_20,0.04052809333742708,0.0,0.003455296645997139,1
val,UVCGAN-S,0.5,scale_20_30,0.9799809833247412,0.0,0.001379072041917581,1
val,UVCGAN-S,0.5,resolution_20_30,0.15868919126806316,0.0,0.000975188017840754,1
val,UVCGAN-S,0.5,bias_gev_20_30,-0.5347993984084904,0.0,0.03447274695999856,1
val,UVCGAN-S,0.5,rmse_gev_20_30,4.002651785169247,0.0,0.02459644939027806,1
val,UVCGAN-S,0.5,eff_20_30,0.9975890906351239,0.0,0.0004256785243005131,1
val,UVCGAN-S,0.5,fake_20_30,0.0023465571606658357,0.0,0.0004143296388817774,1
val,UVCGAN-S,0.5,scale_30_50,0.9575039540298004,0.0,0.0009269229282358234,1
val,UVCGAN-S,0.5,resolution_30_50,0.10584794253152079,0.0,0.0006554586212905448,1
val,UVCGAN-S,0.5,bias_gev_30_50,-1.5307645081014947,0.0,0.032304541409993684,1
val,UVCGAN-S,0.5,rmse_gev_30_50,3.9939413440011324,0.0,0.02473135371485109,1
val,UVCGAN-S,0.5,eff_30_50,1.0,0.0,0.0,1
val,UVCGAN-S,0.5,fake_30_50,0.0002519314746388982,0.0,0.0001454343814887935,1
val,UVCGAN-S,0.5,deta_rms_20_50,0.040672707386885255,0.0,0.00017740552509345857,1
val,UVCGAN-S,0.5,calib_a,1.4049259032561683,0.0,,1
val,UVCGAN-S,0.5,calib_b,0.9192652682893367,0.0,,1
val,UVCGAN-S,0.5,scale_cal_20_30,1.0055443017006893,0.0,0.0021395085540663297,1
val,UVCGAN-S,0.5,resolution_cal_20_30,0.17435353911022747,0.0,0.0015129749229546338,1
val,UVCGAN-S,0.5,bias_cal_gev_20_30,0.14532074048141955,0.0,0.053418424015175825,1
val,UVCGAN-S,0.5,scale_cal_30_50,0.9964546007025835,0.0,0.001419784065831681,1
val,UVCGAN-S,0.5,resolution_cal_30_50,0.11529136184870668,0.0,0.0010040150746148191,1
val,UVCGAN-S,0.5,bias_cal_gev_30_50,-0.13495329451005178,0.0,0.04926650397043495,1
val,Area,0.2,scale_14_20,0.9243939789223681,0.0,0.002111058342393777,1
val,Area,0.2,resolution_14_20,0.18669443764812496,0.0,0.0014928391103046204,1
val,Area,0.2,bias_gev_14_20,-1.272273924461983,0.0,0.0356040686067341,1
val,Area,0.2,rmse_gev_14_20,3.3960225636982946,0.0,0.027153413068529083,1
val,Area,0.2,eff_14_20,0.9935213414634146,0.0,0.00090425017786319,1
val,Area,0.2,fake_14_20,0.015261350629530714,0.0,0.0013824926757623687,1
val,Area,0.2,scale_20_30,0.953465819921939,0.0,0.001240536342816264,1
val,Area,0.2,resolution_20_30,0.1307162745390405,0.0,0.0008772311654438153,1
val,Area,0.2,bias_gev_20_30,-1.1151878283293204,0.0,0.029704862485878794,1
val,Area,0.2,rmse_gev_20_30,3.322754327798693,0.0,0.022297853850982274,1
val,Area,0.2,eff_20_30,0.9993699369936994,0.0,0.00023806639826482058,1
val,Area,0.2,fake_20_30,0.00041021433699107784,0.0,0.00020506509522976387,1
val,Area,0.2,scale_30_50,0.9775064167848327,0.0,0.0014940194789956488,1
val,Area,0.2,resolution_30_50,0.09115967705115795,0.0,0.0010565732124469811,1
val,Area,0.2,bias_gev_30_50,-0.7602512506054909,0.0,0.050572497275321475,1
val,Area,0.2,rmse_gev_30_50,3.178025003764653,0.0,0.03682949753762148,1
val,Area,0.2,eff_30_50,1.0,0.0,0.0,1
val,Area,0.2,fake_30_50,0.0,0.0,0.0,1
val,Area,0.2,deta_rms_20_50,0.014240570897062004,0.0,8.269902789452133e-05,1
val,Area,0.2,calib_a,-1.7713449235764889,0.0,,1
val,Area,0.2,calib_b,1.0280929442745808,0.0,,1
val,Area,0.2,scale_cal_20_30,0.9974413467017001,0.0,0.0016947804693597055,1
val,Area,0.2,resolution_cal_20_30,0.12639472310312289,0.0,0.0011984985072372625,1
val,Area,0.2,bias_cal_gev_20_30,-0.061869906682514,0.0,0.0407959838870114,1
val,Area,0.2,scale_cal_30_50,1.0029380901260103,0.0,0.002007265225585835,1
val,Area,0.2,resolution_cal_30_50,0.08694030868732514,0.0,0.001419729295760041,1
val,Area,0.2,bias_cal_gev_30_50,0.0958165987879053,0.0,0.06761201485265382,1
val,Area,0.4,scale_14_20,0.867986409571955,0.0,0.006222496614629706,1
val,Area,0.4,resolution_14_20,0.36095844187482024,0.0,0.004400623482348546,1
val,Area,0.4,bias_gev_14_20,-2.3307383014528704,0.0,0.10731809430780317,1
val,Area,0.4,rmse_gev_14_20,6.647377633772087,0.0,0.08102943662459261,1
val,Area,0.4,eff_14_20,0.8645940390544707,0.0,0.005484519620637155,1
val,Area,0.4,fake_14_20,0.19229625223081498,0.0,0.004806153161386722,1
val,Area,0.4,scale_20_30,0.881284283238717,0.0,0.0022930866317616276,1
val,Area,0.4,resolution_20_30,0.2693864458298568,0.0,0.0016215158545485333,1
val,Area,0.4,bias_gev_20_30,-2.9838851906142096,0.0,0.0573763100895261,1
val,Area,0.4,rmse_gev_20_30,7.3713654171178336,0.0,0.044368798171303736,1
val,Area,0.4,eff_20_30,0.9870547847232156,0.0,0.000955961976890473,1
val,Area,0.4,fake_20_30,0.020061138708444785,0.0,0.0013703939220327348,1
val,Area,0.4,scale_30_50,0.9332924256257695,0.0,0.0019147152753156433,1
val,Area,0.4,resolution_30_50,0.19778183947868855,0.0,0.0013539716042953957,1
val,Area,0.4,bias_gev_30_50,-2.2696013289896264,0.0,0.06585638538687176,1
val,Area,0.4,rmse_gev_30_50,7.1713009766194755,0.0,0.04909087154489773,1
val,Area,0.4,eff_30_50,0.9993443851269083,0.0,0.0002477178862892056,1
val,Area,0.4,fake_30_50,0.0006684491978609625,0.0,0.00029883963952458185,1
val,Area,0.4,deta_rms_20_50,0.05389426271337167,0.0,0.00024361368363160274,1
val,Area,0.4,calib_a,-3.4874560379366937,0.0,,1
val,Area,0.4,calib_b,1.0301675907252144,0.0,,1
val,Area,0.4,scale_cal_20_30,0.991896787351672,0.0,0.003142144999481652,1
val,Area,0.4,resolution_cal_20_30,0.261176332276445,0.0,0.0022219928466536963,1
val,Area,0.4,bias_cal_gev_20_30,-0.21023023585293477,0.0,0.07844406767201828,1
val,Area,0.4,scale_cal_30_50,1.0026025870119828,0.0,0.0025852790731135016,1
val,Area,0.4,resolution_cal_30_50,0.19032992392543543,0.0,0.001828237028190724,1
val,Area,0.4,bias_cal_gev_30_50,0.13489923994815314,0.0,0.08912604219388118,1
val,Area,0.4,zg_w1_floor,0.0007714136295143184,0.0,,1
val,Area,0.4,rg_w1_floor,0.00235826208327121,0.0,,1
val,Area,0.4,girth_w1_floor,0.001268685575778252,0.0,,1
val,Area,0.4,mass_w1_floor,0.028382738884839172,0.0,,1
val,Area,0.4,zlead_w1_floor,0.0025506128405569043,0.0,,1
val,Area,0.4,xi_w1_floor,0.006663111531351521,0.0,,1
val,Area,0.4,ptd_w1_floor,0.002062756778244051,0.0,,1
val,Area,0.5,scale_14_20,0.9564222303047523,0.0,0.01064511402216715,1
val,Area,0.5,resolution_14_20,0.4973672505358624,0.0,0.007528956961002238,1
val,Area,0.5,bias_gev_14_20,-0.8743499186137922,0.0,0.18324657511882989,1
val,Area,0.5,rmse_gev_14_20,8.606283495233049,0.0,0.13024881541381467,1
val,Area,0.5,eff_14_20,0.7313232830820771,0.0,0.008113300259876432,1
val,Area,0.5,fake_14_20,0.2065063649222065,0.0,0.005382496354199821,1
val,Area,0.5,scale_20_30,0.8807356499239771,0.0,0.003185710904553533,1
val,Area,0.5,resolution_20_30,0.35704131215365253,0.0,0.0022527274567958697,1
val,Area,0.5,bias_gev_20_30,-3.079522290355189,0.0,0.08137428698228848,1
val,Area,0.5,rmse_gev_20_30,9.625984004751771,0.0,0.060732062465736564,1
val,Area,0.5,eff_20_30,0.9463572666315075,0.0,0.001955683010860921,1
val,Area,0.5,fake_20_30,0.03679873574895586,0.0,0.0020002423601950085,1
val,Area,0.5,scale_30_50,0.9270495144637447,0.0,0.0024314934899165902,1
val,Area,0.5,resolution_30_50,0.2771475967870835,0.0,0.0017193917075753323,1
val,Area,0.5,bias_gev_30_50,-2.4739401939276466,0.0,0.0845543542596495,1
val,Area,0.5,rmse_gev_30_50,9.950170314522188,0.0,0.061727332652293826,1
val,Area,0.5,eff_30_50,0.996319018404908,0.0,0.0005303251671794493,1
val,Area,0.5,fake_30_50,0.002778163633838033,0.0,0.0006203527533903024,1
val,Area,0.5,deta_rms_20_50,0.09466536306185987,0.0,0.00041875032733845583,1
val,Area,0.5,calib_a,-2.6289167222245364,0.0,,1
val,Area,0.5,calib_b,1.0012487985484286,0.0,,1
val,Area,0.5,scale_cal_20_30,0.9789426092842202,0.0,0.004467241837515168,1
val,Area,0.5,resolution_cal_20_30,0.3545200420290219,0.0,0.003159067805749476,1
val,Area,0.5,bias_cal_gev_20_30,-0.5728116158509121,0.0,0.11367486071005817,1
val,Area,0.5,scale_cal_30_50,1.0005322888066188,0.0,0.0033989349901687835,1
val,Area,0.5,resolution_cal_30_50,0.27552346512020315,0.0,0.002403592881314411,1
val,Area,0.5,bias_cal_gev_30_50,0.10756023239947775,0.0,0.11851992816235978,1
val,unpaired FM,0.2,scale_14_20,0.8742922775008056,0.0009464104471234025,0.0015603940334586364,3
val,unpaired FM,0.2,resolution_14_20,0.13822778840869426,0.00039977686934355994,0.0011034355110125557,3
val,unpaired FM,0.2,bias_gev_14_20,-2.1375709827740343,0.016140727162742063,0.026247149522331727,3
val,unpaired FM,0.2,rmse_gev_14_20,3.158405448618123,0.00851607130072951,0.025211102796252854,3
val,unpaired FM,0.2,eff_14_20,0.9968665311653115,6.351626016259937e-05,0.0006298955850256209,3
val,unpaired FM,0.2,fake_14_20,0.002193679421774566,0.000225460630537417,0.000497818238905994,3
val,unpaired FM,0.2,scale_20_30,0.8842484452523577,0.0005014481986919672,0.0008729556934898401,3
val,unpaired FM,0.2,resolution_20_30,0.0920088675064768,0.0003485512353659931,0.0006173006749766516,3
val,unpaired FM,0.2,bias_gev_20_30,-2.824423517220533,0.012053558788394314,0.02106550434208963,3
val,unpaired FM,0.2,rmse_gev_20_30,3.5926562232057946,0.005296763245010494,0.024102560456643957,3
val,unpaired FM,0.2,eff_20_30,0.9999099909990999,0.0,9.000494999879696e-05,3
val,unpaired FM,0.2,fake_20_30,0.0,0.0,0.0,3
val,unpaired FM,0.2,scale_30_50,0.9003736466135587,0.0006874975592311428,0.0010704036669160271,3
val,unpaired FM,0.2,resolution_30_50,0.06531216892569341,0.0002028391095241014,0.0007569913624745913,3
val,unpaired FM,0.2,bias_gev_30_50,-3.4226234058697216,0.024134411902636987,0.03630420335997282,3
val,unpaired FM,0.2,rmse_gev_30_50,4.07694907104437,0.016645730106022327,0.04724694915715529,3
val,unpaired FM,0.2,eff_30_50,1.0,0.0,0.0,3
val,unpaired FM,0.2,fake_30_50,0.0,0.0,0.0,3
val,unpaired FM,0.2,deta_rms_20_50,0.011217840553590786,2.2974401842037334e-05,6.513199885621715e-05,3
val,unpaired FM,0.2,calib_a,-0.9573190006279431,0.030142005729879795,,3
val,unpaired FM,0.2,calib_b,0.9266133658280586,0.0010470681591247533,,3
val,unpaired FM,0.2,scale_cal_20_30,0.9971298816904272,0.00012830855318884948,0.0013310966247161663,3
val,unpaired FM,0.2,resolution_cal_20_30,0.09930730203074228,0.00033668179491738726,0.0009413120126596997,3
val,unpaired FM,0.2,bias_cal_gev_20_30,-0.07446831337515986,0.002938313376196551,0.03198561672716632,3
val,unpaired FM,0.2,scale_cal_30_50,1.0009570411455193,0.00019342768276098266,0.0016180254810628809,3
val,unpaired FM,0.2,resolution_cal_30_50,0.07008123938704142,0.00018695439207419562,0.001144421846933936,3
val,unpaired FM,0.2,bias_cal_gev_30_50,0.04017436148326655,0.007267840436722553,0.05441429888295388,3
val,unpaired FM,0.4,scale_14_20,1.0380041287102897,0.001512253383173734,0.0034776009648471817,3
val,unpaired FM,0.4,resolution_14_20,0.2156393423574913,0.0004941323394741931,0.0024593550572966855,3
val,unpaired FM,0.4,bias_gev_14_20,0.6394246966415538,0.025613174997966504,0.05876839734103514,3
val,unpaired FM,0.4,rmse_gev_14_20,3.699843027753174,0.009581162956497025,0.042191022136382185,3
val,unpaired FM,0.4,eff_14_20,0.9879239465570401,0.0002569373072970338,0.0017507376218872806,3
val,unpaired FM,0.4,fake_14_20,0.14611581980849322,0.0006531873036638991,0.004974622413316719,3
val,unpaired FM,0.4,scale_20_30,0.9926939977385502,0.001045057265461502,0.0011256816439940832,3
val,unpaired FM,0.4,resolution_20_30,0.13306712285952801,0.00046863651317551047,0.0007960056067815912,3
val,unpaired FM,0.4,bias_gev_20_30,-0.2296649729304713,0.026584978681465032,0.028080245385455397,3
val,unpaired FM,0.4,rmse_gev_20_30,3.3273984811966852,0.008627204820070844,0.01990373742214827,3
val,unpaired FM,0.4,eff_20_30,0.9994039956134078,3.576026319551673e-05,0.0002063193155636907,3
val,unpaired FM,0.4,fake_20_30,0.0021780692157845906,0.00016868784688975325,0.000384399613677462,3
val,unpaired FM,0.4,scale_30_50,0.9632436994068022,0.0009352626894641447,0.0009422692286324102,3
val,unpaired FM,0.4,resolution_30_50,0.09735971441285647,0.00017962713817668702,0.0006663161682650918,3
val,unpaired FM,0.4,bias_gev_30_50,-1.304165954496821,0.03287671690140792,0.03272448631609327,3
val,unpaired FM,0.4,rmse_gev_30_50,3.624138670211686,0.008208988297120134,0.024801932792009537,3
val,unpaired FM,0.4,eff_30_50,0.9999063407324155,0.0,9.365488145262554e-05,3
val,unpaired FM,0.4,fake_30_50,3.4378437843784377e-05,5.156765676567657e-05,3.437666498258918e-05,3
val,unpaired FM,0.4,deta_rms_20_50,0.03146998070328954,4.3364614046359495e-05,0.00014173462246691495,3
val,unpaired FM,0.4,calib_a,2.5641436134707365,0.03203678805341936,,3
val,unpaired FM,0.4,calib_b,0.890563166748843,0.0007022332529742492,,3
val,unpaired FM,0.4,scale_cal_20_30,1.0003335392555674,0.00036535450854657814,0.001786779274065335,3
val,unpaired FM,0.4,resolution_cal_20_30,0.14953538557914323,0.0004922920604788356,0.001263533945276327,3
val,unpaired FM,0.4,bias_cal_gev_20_30,-0.0017356813660350642,0.008899877057641526,0.04450317932896586,3
val,unpaired FM,0.4,scale_cal_30_50,0.9977311011808715,0.00010235755593729357,0.0014696465968395288,3
val,unpaired FM,0.4,resolution_cal_30_50,0.10824623122234278,0.00016445350105352002,0.0010392928663484876,3
val,unpaired FM,0.4,bias_cal_gev_30_50,-0.056612004993905174,0.0034354134170392105,0.05083652344219632,3
val,unpaired FM,0.4,sub_truth_jets,13982.0,0.0,,3
val,unpaired FM,0.4,sub_matched,13973.666666666666,0.5,,3
val,unpaired FM,0.4,zg_mean_truth,0.2468019464600556,0.0,0.0009747757447164019,3
val,unpaired FM,0.4,zg_truth_all_sd,0.11513913115315934,0.0,,3
val,unpaired FM,0.4,zg_mean_reco,0.221254444257776,0.0004708320885057349,0.0009151863701874906,3
val,unpaired FM,0.4,zg_w1,0.025547608407388497,0.0004709103905297593,,3
val,unpaired FM,0.4,zg_pair_bias,-0.025460728947519388,0.0004762471350062917,0.001074406431638467,3
val,unpaired FM,0.4,zg_pair_rmse,0.12935515121244734,0.00024452397389240765,0.0007748827798513972,3
val,unpaired FM,0.4,zg_truth_sd,0.1150986112453622,1.224203771264809e-06,,3
val,unpaired FM,0.4,zg_pair_undefined,0.0028625254304927017,7.146160379573052e-05,,3
val,unpaired FM,0.4,rg_mean_truth,0.25681209316520703,0.0,0.0006292934832735559,3
val,unpaired FM,0.4,rg_truth_all_sd,0.074331255467936,0.0,,3
val,unpaired FM,0.4,rg_mean_reco,0.28348381744572154,3.6639282702172205e-05,0.0004946881377213252,3
val,unpaired FM,0.4,rg_w1,0.028143438737072302,1.2483783918606009e-05,,3
val,unpaired FM,0.4,rg_pair_bias,0.026735989261505888,5.956772507998212e-05,0.000564637598373327,3
val,unpaired FM,0.4,rg_pair_rmse,0.07181286932215035,9.413087401304032e-05,0.0004301843095412978,3
val,unpaired FM,0.4,rg_truth_sd,0.07426908172117325,3.07349880240837e-06,,3
val,unpaired FM,0.4,rg_pair_undefined,0.0028625254304927017,7.146160379573052e-05,,3
val,unpaired FM,0.4,girth_mean_truth,0.1438926693175284,0.0,0.00031543679697609167,3
val,unpaired FM,0.4,girth_truth_all_sd,0.03729898408401423,0.0,,3
val,unpaired FM,0.4,girth_mean_reco,0.16572721749602692,5.769577993053332e-05,0.0002635860214223837,3
val,unpaired FM,0.4,girth_w1,0.021834548178498517,5.7695779930554136e-05,,3
val,unpaired FM,0.4,girth_pair_bias,0.021885322730043583,5.769577993055587e-05,0.0001674488254115187,3
val,unpaired FM,0.4,girth_pair_rmse,0.029508946868848238,4.4644059874178466e-05,0.00017651577447737844,3
val,unpaired FM,0.4,girth_truth_sd,0.037245427371787,1.103800174429015e-06,,3
val,unpaired FM,0.4,girth_pair_undefined,0.0,0.0,,3
val,unpaired FM,0.4,mass_mean_truth,4.257431070304588,0.0,0.007917988058547133,3
val,unpaired FM,0.4,mass_truth_all_sd,0.9362665148909336,0.0,,3
val,unpaired FM,0.4,mass_mean_reco,4.8900689338286485,0.00669852586321662,0.007552831900660734,3
val,unpaired FM,0.4,mass_w1,0.6326378635240603,0.0066985258632165645,,3
val,unpaired FM,0.4,mass_pair_bias,0.6332866518372734,0.0066985258632166755,0.008875428226882889,3
val,unpaired FM,0.4,mass_pair_rmse,1.225488179881645,0.005160398497335961,0.0073305902687943875,3
val,unpaired FM,0.4,mass_truth_sd,0.9360646916449963,1.7608359647036664e-05,,3
val,unpaired FM,0.4,mass_pair_undefined,0.0,0.0,,3
val,unpaired FM,0.4,zlead_mean_truth,0.27740267927557066,0.0,0.000993361862433755,3
val,unpaired FM,0.4,zlead_truth_all_sd,0.11746057737008929,0.0,,3
val,unpaired FM,0.4,zlead_mean_reco,0.23611916047332948,0.00011034925376712801,0.000857579120995646,3
val,unpaired FM,0.4,zlead_w1,0.041283518802241154,0.00011034925376712801,,3
val,unpaired FM,0.4,zlead_pair_bias,-0.04135648939215721,0.00011034925376713148,0.0003234018251420373,3
val,unpaired FM,0.4,zlead_pair_rmse,0.05631917805702976,0.00010223079636126689,0.00033688845246540106,3
val,unpaired FM,0.4,zlead_truth_sd,0.11745296694748565,8.486935729468126e-07,,3
val,unpaired FM,0.4,zlead_pair_undefined,0.0,0.0,,3
val,unpaired FM,0.4,xi_mean_truth,5.277875749137128,0.0,0.002813431504379299,3
val,unpaired FM,0.4,xi_truth_all_sd,2.050399078183814,0.0,,3
val,unpaired FM,0.4,xi_mean_reco,4.7689646040736955,0.002617860556171081,0.0019011801968276383,3
val,unpaired FM,0.4,xi_w1,0.6545767944590332,0.0020801282702724855,,3
val,unpaired FM,0.4,ptd_mean_truth,0.37313176550987476,0.0,0.0007695188648364086,3
val,unpaired FM,0.4,ptd_truth_all_sd,0.09099214856045275,0.0,,3
val,unpaired FM,0.4,ptd_mean_reco,0.31833182905431096,0.000131181056376245,0.0006515762993334505,3
val,unpaired FM,0.4,ptd_w1,0.05479993645556378,0.00013118105637625194,,3
val,unpaired FM,0.4,ptd_pair_bias,-0.05486592160210915,0.00013520115307038422,0.00029803413358003183,3
val,unpaired FM,0.4,ptd_pair_rmse,0.06520332372085662,0.00012407627772614838,0.0003900313835287583,3
val,unpaired FM,0.4,ptd_truth_sd,0.09097787113432014,8.545593740486024e-07,,3
val,unpaired FM,0.4,ptd_pair_undefined,0.0,0.0,,3
val,unpaired FM,0.4,zg_w1_floor,0.0007714136295143183,0.0,,3
val,unpaired FM,0.4,rg_w1_floor,0.00235826208327121,0.0,,3
val,unpaired FM,0.4,girth_w1_floor,0.001268685575778252,0.0,,3
val,unpaired FM,0.4,mass_w1_floor,0.028382738884839175,0.0,,3
val,unpaired FM,0.4,zlead_w1_floor,0.0025506128405569043,0.0,,3
val,unpaired FM,0.4,xi_w1_floor,0.006663111531351521,0.0,,3
val,unpaired FM,0.4,ptd_w1_floor,0.002062756778244051,0.0,,3
val,unpaired FM,0.5,scale_14_20,1.1998960941689092,0.0007500455338554923,0.004850350222181177,3
val,unpaired FM,0.5,resolution_14_20,0.2616801192448731,0.002447805930050645,0.00343030484488843,3
val,unpaired FM,0.5,bias_gev_14_20,3.406094880782138,0.013368234257239875,0.08136215552506638,3
val,unpaired FM,0.5,rmse_gev_14_20,5.5560842714329794,0.03179350468132869,0.07282103559980319,3
val,unpaired FM,0.5,eff_14_20,0.9750977107761027,0.0010050251256281673,0.002851681912882273,3
val,unpaired FM,0.5,fake_14_20,0.6735855078333423,0.0011775871026638018,0.0053137649421093,3
val,unpaired FM,0.5,scale_20_30,1.0974549362842856,0.001119706055658698,0.0013244564525932302,3
val,unpaired FM,0.5,resolution_20_30,0.15246404404362224,0.0005578178175282278,0.0009365674783008638,3
val,unpaired FM,0.5,bias_gev_20_30,2.4264854639244864,0.02864023752113143,0.03289548467853843,3
val,unpaired FM,0.5,rmse_gev_20_30,4.497497935000054,0.0265931265124828,0.0276265237813466,3
val,unpaired FM,0.5,eff_20_30,0.9983676134508652,7.534091765237783e-05,0.0003503245352692429,3
val,unpaired FM,0.5,fake_20_30,0.020614148693462873,0.0006342186545615462,0.0013204436054624527,3
val,unpaired FM,0.5,scale_30_50,1.0347408909244311,0.0009056554497012259,0.0009608033905609882,3
val,unpaired FM,0.5,resolution_30_50,0.10971684804663283,8.77429475794958e-05,0.0006794166446038799,3
val,unpaired FM,0.5,bias_gev_30_50,1.165470440655015,0.031920956182322824,0.03340492353871799,3
val,unpaired FM,0.5,rmse_gev_30_50,3.988754611175233,0.007229409393613162,0.024699236336779316,3
val,unpaired FM,0.5,eff_30_50,1.0,0.0,0.0,3
val,unpaired FM,0.5,fake_30_50,0.0005046832626402347,6.456665998242513e-05,0.00017813301861672624,3
val,unpaired FM,0.5,deta_rms_20_50,0.04495219042773977,9.213920234358089e-05,0.00019603317170577435,3
val,unpaired FM,0.5,calib_a,5.632875876662265,0.036886840293075984,,3
val,unpaired FM,0.5,calib_b,0.8750540502340233,0.0015298567863157309,,3
val,unpaired FM,0.5,scale_cal_20_30,0.9995533661117934,0.00035322288123890155,0.002104550963929249,3
val,unpaired FM,0.5,resolution_cal_20_30,0.17150905635813732,0.0002491280609453056,0.0014882543070250866,3
val,unpaired FM,0.5,bias_cal_gev_20_30,-0.023036303024784904,0.008707373534692307,0.0529130344823299,3
val,unpaired FM,0.5,scale_cal_30_50,0.9967942623409588,0.00021643635781631865,0.0015299983365878924,3
val,unpaired FM,0.5,resolution_cal_30_50,0.12424114067525122,0.000415797732994265,0.0010819542429291887,3
val,unpaired FM,0.5,bias_cal_gev_30_50,-0.10098123385252812,0.008216592288634056,0.05342216032435878,3
val,paired FM,0.2,scale_14_20,0.7819601158642172,0.0020208802550729654,0.0015852213357471666,3
val,paired FM,0.2,resolution_14_20,0.14025984674915642,0.000753865917695884,0.0011209923539887187,3
val,paired FM,0.2,bias_gev_14_20,-3.7030969320833473,0.03399962386929145,0.026744529514202448,3
val,paired FM,0.2,rmse_gev_14_20,4.394635372567212,0.027659383118320058,0.03512077269676437,3
val,paired FM,0.2,eff_14_20,0.9944952574525745,0.000508130081300795,0.0008333059227543741,3
val,paired FM,0.2,fake_14_20,0.0006903700882376738,0.00011733050729911186,0.000281033744287645,3
val,paired FM,0.2,scale_20_30,0.8175962782499152,0.0010911088479733655,0.0009226183274250388,3
val,paired FM,0.2,resolution_20_30,0.09724034992882079,0.00038015708576026597,0.000652419042630854,3
val,paired FM,0.2,bias_gev_20_30,-4.436899473924853,0.025644873228627407,0.022150351072086655,3
val,paired FM,0.2,rmse_gev_20_30,5.013608618274432,0.026310151520951397,0.033636515557956444,3
val,paired FM,0.2,eff_20_30,0.9998499849984999,4.5004500450085416e-05,0.0001148553112473793,3
val,paired FM,0.2,fake_20_30,0.0,0.0,0.0,3
val,paired FM,0.2,scale_30_50,0.8493484790861063,0.0010247300528548609,0.0011412266423432773,3
val,paired FM,0.2,resolution_30_50,0.06963353130317085,0.0005320087302512488,0.0008070774956972501,3
val,paired FM,0.2,bias_gev_30_50,-5.164201908875454,0.03502309945453863,0.03848743839400855,3
val,paired FM,0.2,rmse_gev_30_50,5.67311330759163,0.03020124510278155,0.065744577951743,3
val,paired FM,0.2,eff_30_50,1.0,0.0,0.0,3
val,paired FM,0.2,fake_30_50,0.0,0.0,0.0,3
val,paired FM,0.2,deta_rms_20_50,0.011137810992395728,1.7290129149783416e-05,6.466879204683542e-05,3
val,paired FM,0.2,calib_a,-2.3784528366373503,0.05468922806316212,,3
val,paired FM,0.2,calib_b,0.918204905918599,0.00134552153709816,,3
val,paired FM,0.2,scale_cal_20_30,0.9976083818322764,0.0004069146562648007,0.0014067758183119586,3
val,paired FM,0.2,resolution_cal_20_30,0.10494710237493117,0.00026908633282173716,0.0009948301021719588,3
val,paired FM,0.2,bias_cal_gev_20_30,-0.06138370911402871,0.009534941245899528,0.03377828839549785,3
val,paired FM,0.2,scale_cal_30_50,0.9999346601273102,0.00037862232214869174,0.0017399360385238823,3
val,paired FM,0.2,resolution_cal_30_50,0.07536152888879871,0.00032365383638027767,0.001230648613423804,3
val,paired FM,0.2,bias_cal_gev_30_50,0.005375941360815921,0.013772303572197154,0.05853611786030094,3
val,paired FM,0.4,scale_14_20,0.80591932512833,0.0025374485382586576,0.00327829740388111,3
val,paired FM,0.4,resolution_14_20,0.20122638235608525,0.0009800665979101536,0.002318414017651417,3
val,paired FM,0.4,bias_gev_14_20,-3.3460299847452304,0.04694236496003956,0.05602003165562822,3
val,paired FM,0.4,rmse_gev_14_20,4.798014999282227,0.025245275344728313,0.05527276399673637,3
val,paired FM,0.4,eff_14_20,0.9680541281260706,0.001284686536485058,0.002818418173196871,3
val,paired FM,0.4,fake_14_20,0.004681549095621747,0.00033583549302853254,0.000816850412755188,3
val,paired FM,0.4,scale_20_30,0.8278547935122481,0.0022748075304697135,0.0011240522193068482,3
val,paired FM,0.4,resolution_20_30,0.1328761052429376,0.000431239808209416,0.0007948533876231753,3
val,paired FM,0.4,bias_gev_20_30,-4.375688374499167,0.056523323716829665,0.028316313795496654,3
val,paired FM,0.4,rmse_gev_20_30,5.509230997758128,0.051709368571182246,0.03295456007412521,3
val,paired FM,0.4,eff_20_30,0.9994278357888714,7.152052639103346e-05,0.00020196779437516789,3
val,paired FM,0.4,fake_20_30,0.00020526159880486866,6.705344113350578e-05,0.00011744510872018829,3
val,paired FM,0.4,scale_30_50,0.8381485226337061,0.0009497319579740982,0.0009564811002907813,3
val,paired FM,0.4,resolution_30_50,0.0988281522264731,0.0006546859641498662,0.0006763659497707715,3
val,paired FM,0.4,bias_gev_30_50,-5.655275689854688,0.03317484002536997,0.03327253631574833,3
val,paired FM,0.4,rmse_gev_30_50,6.618266690255237,0.02923491188206695,0.045292363396712415,3
val,paired FM,0.4,eff_30_50,0.9999063407324155,0.0,9.365488145262554e-05,3
val,paired FM,0.4,fake_30_50,0.0,0.0,0.0,3
val,paired FM,0.4,deta_rms_20_50,0.02937945942022457,1.3102093685744137e-05,0.00013231842977645466,3
val,paired FM,0.4,calib_a,-1.0345639123336259,0.09449923110346681,,3
val,paired FM,0.4,calib_b,0.8691636955184876,0.0025266993652011127,,3
val,paired FM,0.4,scale_cal_20_30,0.9999870143807007,0.0008831322755423754,0.0018448069179509904,3
val,paired FM,0.4,resolution_cal_20_30,0.1543953858666567,0.0002338262345505382,0.0013045686108121071,3
val,paired FM,0.4,bias_cal_gev_20_30,-0.006884517583789336,0.021291438443426507,0.045973376617439665,3
val,paired FM,0.4,scale_cal_30_50,0.9975128196844474,3.788324007020227e-05,0.001521920319371198,3
val,paired FM,0.4,resolution_cal_30_50,0.11209643131002651,0.0006928540289383237,0.0010762593772372113,3
val,paired FM,0.4,bias_cal_gev_30_50,-0.06927958978410809,0.0009622681933190505,0.052645188521851606,3
val,paired FM,0.4,sub_truth_jets,13982.0,0.0,,3
val,paired FM,0.4,sub_matched,13974.0,1.0,,3
val,paired FM,0.4,zg_mean_truth,0.2468019464600556,0.0,0.0009747757447164019,3
val,paired FM,0.4,zg_truth_all_sd,0.11513913115315934,0.0,,3
val,paired FM,0.4,zg_mean_reco,0.2319327993508745,0.00021497958400708284,0.0009592973311531356,3
val,paired FM,0.4,zg_w1,0.014870106306722876,0.00021413677930987463,,3
val,paired FM,0.4,zg_pair_bias,-0.01503197298004851,0.00021408133989914493,0.0010813378301694479,3
val,paired FM,0.4,zg_pair_rmse,0.12841517604787686,0.0007153376291568481,0.0007699157972351614,3
val,paired FM,0.4,zg_truth_sd,0.11508559482614711,1.090111598721355e-05,,3
val,paired FM,0.4,zg_pair_undefined,0.004603806780623221,0.0004295531986072687,,3
val,paired FM,0.4,rg_mean_truth,0.25681209316520703,0.0,0.0006292934832735559,3
val,paired FM,0.4,rg_truth_all_sd,0.074331255467936,0.0,,3
val,paired FM,0.4,rg_mean_reco,0.25447198701721757,0.0003710677726716516,0.0005560684037078391,3
val,paired FM,0.4,rg_w1,0.00976751943314282,8.037574791799201e-05,,3
val,paired FM,0.4,rg_pair_bias,-0.002416234341290067,0.0003205864422543693,0.0005369147969666884,3
val,paired FM,0.4,rg_pair_rmse,0.0633699774038312,0.00024920707684025767,0.00037993550840829775,3
val,paired FM,0.4,rg_truth_sd,0.07421310483133474,2.2312502278215574e-05,,3
val,paired FM,0.4,rg_pair_undefined,0.004603806780623221,0.0004295531986072687,,3
val,paired FM,0.4,girth_mean_truth,0.1438926693175284,0.0,0.00031543679697609167,3
val,paired FM,0.4,girth_truth_all_sd,0.03729898408401423,0.0,,3
val,paired FM,0.4,girth_mean_reco,0.15209480747943005,0.00014544751910640363,0.0002838297446910387,3
val,paired FM,0.4,girth_w1,0.00820479608365655,0.00014680580915011308,,3
val,paired FM,0.4,girth_pair_bias,0.008248495549153134,0.00014663190263001363,0.00015814827566751843,3
val,paired FM,0.4,girth_pair_rmse,0.020434260958033926,1.9689211295482664e-05,0.0001222316196268701,3
val,paired FM,0.4,girth_truth_sd,0.03725514679390247,1.7212830430296533e-06,,3
val,paired FM,0.4,girth_pair_undefined,0.0,0.0,,3
val,paired FM,0.4,mass_mean_truth,4.257431070304588,0.0,0.007917988058547133,3
val,paired FM,0.4,mass_truth_all_sd,0.9362665148909336,0.0,,3
val,paired FM,0.4,mass_mean_reco,3.7603980971483892,0.012045991076806928,0.006314176204483618,3
val,paired FM,0.4,mass_w1,0.4971725735426579,0.012013231014669945,,3
val,paired FM,0.4,mass_pair_bias,-0.49651454043977,0.012069232903393151,0.00824842158670091,3
val,paired FM,0.4,mass_pair_rmse,1.0942257575703913,0.008013142728230616,0.006545329148749154,3
val,paired FM,0.4,mass_truth_sd,0.936227420076763,5.291711955585088e-05,,3
val,paired FM,0.4,mass_pair_undefined,0.0,0.0,,3
val,paired FM,0.4,zlead_mean_truth,0.27740267927557066,0.0,0.000993361862433755,3
val,paired FM,0.4,zlead_truth_all_sd,0.11746057737008929,0.0,,3
val,paired FM,0.4,zlead_mean_reco,0.26075524598206956,0.00043394171958086036,0.0009624501950694367,3
val,paired FM,0.4,zlead_w1,0.01664743329350112,0.000433941719580876,,3
val,paired FM,0.4,zlead_pair_bias,-0.016700894933914245,0.000433964574337458,0.00030902506542730457,3
val,paired FM,0.4,zlead_pair_rmse,0.04016912297997225,2.259775285369872e-05,0.0002402796438302421,3
val,paired FM,0.4,zlead_truth_sd,0.11745805250496605,1.8652577634462042e-06,,3
val,paired FM,0.4,zlead_pair_undefined,0.0,0.0,,3
val,paired FM,0.4,xi_mean_truth,5.277875749137128,0.0,0.002813431504379299,3
val,paired FM,0.4,xi_truth_all_sd,2.050399078183814,0.0,,3
val,paired FM,0.4,xi_mean_reco,5.117568062427362,0.0032516762729235538,0.0015575081086959912,3
val,paired FM,0.4,xi_w1,0.6344060785405231,0.0021743582087840885,,3
val,paired FM,0.4,ptd_mean_truth,0.37313176550987476,0.0,0.0007695188648364086,3
val,paired FM,0.4,ptd_truth_all_sd,0.09099214856045275,0.0,,3
val,paired FM,0.4,ptd_mean_reco,0.34041511322291534,0.00039185040082498346,0.0007550808639188181,3
val,paired FM,0.4,ptd_w1,0.03271665228695942,0.0003918504008250355,,3
val,paired FM,0.4,ptd_pair_bias,-0.032770560215047116,0.00039138478678990216,0.00028167669662746575,3
val,paired FM,0.4,ptd_pair_rmse,0.04671983105899933,0.00015993476714875124,0.0002794640282130898,3
val,paired FM,0.4,ptd_truth_sd,0.09098276428653214,2.9253436316656334e-06,,3
val,paired FM,0.4,ptd_pair_undefined,0.0,0.0,,3
val,paired FM,0.4,zg_w1_floor,0.0007714136295143183,0.0,,3
val,paired FM,0.4,rg_w1_floor,0.00235826208327121,0.0,,3
val,paired FM,0.4,girth_w1_floor,0.001268685575778252,0.0,,3
val,paired FM,0.4,mass_w1_floor,0.028382738884839175,0.0,,3
val,paired FM,0.4,zlead_w1_floor,0.0025506128405569043,0.0,,3
val,paired FM,0.4,xi_w1_floor,0.006663111531351521,0.0,,3
val,paired FM,0.4,ptd_w1_floor,0.002062756778244051,0.0,,3
val,paired FM,0.5,scale_14_20,0.8504268873544127,0.0025354243308848834,0.004360528743957656,3
val,paired FM,0.5,resolution_14_20,0.23272098435458574,0.001648337617117468,0.0030839008421745147,3
val,paired FM,0.5,bias_gev_14_20,-2.597990710989633,0.045016075773887554,0.07392850055897489,3
val,paired FM,0.5,rmse_gev_14_20,4.724239998078414,0.019402486325249768,0.06259251784865484,3
val,paired FM,0.5,eff_14_20,0.954215522054718,0.00167504187604689,0.0038251967096095776,3
val,paired FM,0.5,fake_14_20,0.015311513710214863,0.0012118001594449554,0.0016308382032584662,3
val,paired FM,0.5,scale_20_30,0.8511021547429697,0.0024308001383364086,0.0012265207167760836,3
val,paired FM,0.5,resolution_20_30,0.14121333669365146,0.0002655016070046423,0.0008673138315422927,3
val,paired FM,0.5,bias_gev_20_30,-3.8462103697350294,0.06129694510093198,0.03121347819378106,3
val,paired FM,0.5,rmse_gev_20_30,5.263941542299342,0.04792400124593055,0.03232922269521294,3
val,paired FM,0.5,eff_20_30,0.9986940907606922,0.00015068183530475565,0.0003130149442175628,3
val,paired FM,0.5,fake_20_30,0.0005037444312388502,6.351940920059566e-05,0.00017781569442103283,3
val,paired FM,0.5,scale_30_50,0.8463460268495501,0.0009937705577065525,0.0009219585223593948,3
val,paired FM,0.5,resolution_30_50,0.10527567071594444,0.0006479264147930958,0.0006519481241747575,3
val,paired FM,0.5,bias_gev_30_50,-5.429942175914093,0.03492901958529382,0.03262238216865575,3
val,paired FM,0.5,rmse_gev_30_50,6.5848749443189085,0.03339991179401336,0.040777061072110786,3
val,paired FM,0.5,eff_30_50,0.9998977505112475,3.834355828225e-05,8.727066507328916e-05,3
val,paired FM,0.5,fake_30_50,0.0,0.0,0.0,3
val,paired FM,0.5,deta_rms_20_50,0.03924882201724501,2.3944893183858174e-05,0.00017115143865937014,3
val,paired FM,0.5,calib_a,0.22841988218890044,0.12885546858522395,,3
val,paired FM,0.5,calib_b,0.8413269742540134,0.0036367121108565326,,3
val,paired FM,0.5,scale_cal_20_30,0.9991948556442359,0.00038411128216436774,0.0020711480560789493,3
val,paired FM,0.5,resolution_cal_20_30,0.1688419969015764,0.0006862466787909,0.0014646330340047627,3
val,paired FM,0.5,bias_cal_gev_20_30,-0.02839784771541341,0.010372690740248538,0.05216966854142064,3
val,paired FM,0.5,scale_cal_30_50,0.9970721728633797,0.00017512524259122308,0.0015304672148927425,3
val,paired FM,0.5,resolution_cal_30_50,0.12426979119405966,0.00043082362503183563,0.001082285827550339,3
val,paired FM,0.5,bias_cal_gev_30_50,-0.09648181036607668,0.0055745100815144735,0.05355780349614105,3
val,joint FM: M - B,0.2,scale_14_20,0.9737229883816881,0.008831597590075402,0.0018795863490080344,3
val,joint FM: M - B,0.2,resolution_14_20,0.16624539234191094,0.0012795424461118643,0.001329153207307026,3
val,joint FM: M - B,0.2,bias_gev_14_20,-0.4336757588491869,0.1468831089782544,0.0315089489114852,3
val,joint FM: M - B,0.2,rmse_gev_14_20,2.822967796567921,0.03374168306088299,0.022568533699813095,3
val,joint FM: M - B,0.2,eff_14_20,0.993775406504065,0.0005716463414633943,0.0008857902364773863,3
val,joint FM: M - B,0.2,fake_14_20,0.006444794419721026,0.00012117940591822429,0.0009208820914889159,3
val,joint FM: M - B,0.2,scale_20_30,0.988415825919671,0.002151022072290898,0.001031259206570004,3
val,joint FM: M - B,0.2,resolution_20_30,0.10869562641316437,0.0014772008241053167,0.0007292432000258306,3
val,joint FM: M - B,0.2,bias_gev_20_30,-0.27562211120415514,0.05033775024665925,0.02462973846851339,3
val,joint FM: M - B,0.2,rmse_gev_20_30,2.6109598824460214,0.03623163638797444,0.017516243928009285,3
val,joint FM: M - B,0.2,eff_20_30,0.9999399939993999,9.000900090011532e-05,4.2426830623890154e-05,3
val,joint FM: M - B,0.2,fake_20_30,0.000405566999100046,5.1526489873249314e-05,0.00019448766341829135,3
val,joint FM: M - B,0.2,scale_30_50,0.9977729807792896,0.006316462495574937,0.0012039080040499395,3
val,joint FM: M - B,0.2,resolution_30_50,0.07345812179254475,0.001226516596370103,0.0008514058653269957,3
val,joint FM: M - B,0.2,bias_gev_30_50,-0.07860488467723192,0.2249232493638443,0.04089257636473629,3
val,joint FM: M - B,0.2,rmse_gev_30_50,2.5044954657411047,0.025629375029260437,0.02902409813617908,3
val,joint FM: M - B,0.2,eff_30_50,1.0,0.0,0.0,3
val,joint FM: M - B,0.2,fake_30_50,0.0,0.0,0.0,3
val,joint FM: M - B,0.2,deta_rms_20_50,0.011142743850567799,7.480571709229944e-05,6.469524476616017e-05,3
val,joint FM: M - B,0.2,calib_a,-0.7785049427918818,0.552248666751878,,3
val,joint FM: M - B,0.2,calib_b,1.020407766292217,0.022164893411256437,,3
val,joint FM: M - B,0.2,scale_cal_20_30,1.0001087492053766,0.0005937705045310215,0.0014345956325756823,3
val,joint FM: M - B,0.2,resolution_cal_20_30,0.10703208795190973,0.000942024886634682,0.001014503432716562,3
val,joint FM: M - B,0.2,bias_cal_gev_20_30,0.0010466405539543537,0.013893343645729537,0.0342810668924337,3
val,joint FM: M - B,0.2,scale_cal_30_50,0.9995694001007674,0.0004856458000004338,0.001654528518501113,3
val,joint FM: M - B,0.2,resolution_cal_30_50,0.0716622887184663,0.0007346550860794498,0.0011702402744016658,3
val,joint FM: M - B,0.2,bias_cal_gev_30_50,-0.02259669011989354,0.017107237225175848,0.055967025107177014,3
val,joint FM: M - B,0.4,scale_14_20,0.8861368306361447,0.014456952483712204,0.00421640656267728,3
val,joint FM: M - B,0.4,resolution_14_20,0.2468888149468357,0.007232132623245943,0.002981884566778089,3
val,joint FM: M - B,0.4,bias_gev_14_20,-1.9824224837955533,0.2538084582817871,0.07249900642946093,3
val,joint FM: M - B,0.4,rmse_gev_14_20,4.690794622803316,0.09925880739446846,0.05664885826379206,3
val,joint FM: M - B,0.4,eff_14_20,0.8809523809523809,0.005524152106885949,0.005189756360901201,3
val,joint FM: M - B,0.4,fake_14_20,0.028535193472953514,0.002894875565175734,0.0023543778019861294,3
val,joint FM: M - B,0.4,scale_20_30,0.912302368396919,0.016102004219945065,0.0012945198077304275,3
val,joint FM: M - B,0.4,resolution_20_30,0.15274427748213412,0.000740554289397774,0.0009153966100981498,3
val,joint FM: M - B,0.4,bias_gev_20_30,-2.223037707214472,0.4049264040557715,0.03217281621209317,3
val,joint FM: M - B,0.4,rmse_gev_20_30,4.4095679390294,0.19273980676191815,0.02642574627154473,3
val,joint FM: M - B,0.4,eff_20_30,0.9957326085919993,0.00035760263195538933,0.0005509468412593474,3
val,joint FM: M - B,0.4,fake_20_30,0.0008966458769327662,0.00014068048878209744,0.00025122572838433635,3
val,joint FM: M - B,0.4,scale_30_50,0.921233308334786,0.011126225012389857,0.0010524850540907244,3
val,joint FM: M - B,0.4,resolution_30_50,0.10874609314881949,0.004226076783489248,0.0007442541771290786,3
val,joint FM: M - B,0.4,bias_gev_30_50,-2.743547206043997,0.38952758503876805,0.03650234748340548,3
val,joint FM: M - B,0.4,rmse_gev_30_50,4.672288849489708,0.24339158714610898,0.03197549858397251,3
val,joint FM: M - B,0.4,eff_30_50,0.999875120976554,4.68296337922669e-05,0.00010658385440675237,3
val,joint FM: M - B,0.4,fake_30_50,0.0,0.0,0.0,3
val,joint FM: M - B,0.4,deta_rms_20_50,0.030362671034491046,9.203892459310262e-05,0.00013689107011162718,3
val,joint FM: M - B,0.4,calib_a,-1.088039328827629,0.43666929458788034,,3
val,joint FM: M - B,0.4,calib_b,0.9543381375893843,0.01459730290759087,,3
val,joint FM: M - B,0.4,scale_cal_20_30,1.0008354430582564,0.0022526832269133545,0.0019264702489158586,3
val,joint FM: M - B,0.4,resolution_cal_20_30,0.16086121387699756,0.0026914714354199926,0.0013623178748278085,3
val,joint FM: M - B,0.4,bias_cal_gev_20_30,0.019518517558717436,0.05646085184326409,0.04776261296413382,3
val,joint FM: M - B,0.4,scale_cal_30_50,0.9974575243312448,0.001186697827941896,0.0015366591304486193,3
val,joint FM: M - B,0.4,resolution_cal_30_50,0.11317857814776776,0.0021953816617360233,0.0010866822572546547,3
val,joint FM: M - B,0.4,bias_cal_gev_30_50,-0.08130358406676763,0.047096932903387824,0.053193864195735165,3
val,joint FM: M - B,0.4,sub_truth_jets,13982.0,0.0,,3
val,joint FM: M - B,0.4,sub_matched,13922.333333333334,5.0,,3
val,joint FM: M - B,0.4,zg_mean_truth,0.2468019464600556,0.0,0.0009747757447164019,3
val,joint FM: M - B,0.4,zg_truth_all_sd,0.11513913115315934,0.0,,3
val,joint FM: M - B,0.4,zg_mean_reco,0.2453703315420898,0.0021152544657323247,0.0009876784432769493,3
val,joint FM: M - B,0.4,zg_w1,0.0025240484694414316,0.0007621271347770084,,3
val,joint FM: M - B,0.4,zg_pair_bias,-0.0013708315500917795,0.002055885295066292,0.0011499819171775165,3
val,joint FM: M - B,0.4,zg_pair_rmse,0.13529392024595324,0.001714479864942775,0.0008132669916558949,3
val,joint FM: M - B,0.4,zg_truth_sd,0.11493735830293461,1.7344226062296353e-05,,3
val,joint FM: M - B,0.4,zg_pair_undefined,0.006081378386714779,0.0004676682374256669,,3
val,joint FM: M - B,0.4,rg_mean_truth,0.25681209316520703,0.0,0.0006292934832735559,3
val,joint FM: M - B,0.4,rg_truth_all_sd,0.074331255467936,0.0,,3
val,joint FM: M - B,0.4,rg_mean_reco,0.21975894983331568,0.004428574460819429,0.000585529597038431,3
val,joint FM: M - B,0.4,rg_w1,0.037057064359467255,0.004430357867730508,,3
val,joint FM: M - B,0.4,rg_pair_bias,-0.036839354765093715,0.0044594077767915845,0.0005768185537033836,3
val,joint FM: M - B,0.4,rg_pair_rmse,0.07727202482223959,0.0028950111125631214,0.0004644935232185554,3
val,joint FM: M - B,0.4,rg_truth_sd,0.07411911276940221,8.586870893861898e-06,,3
val,joint FM: M - B,0.4,rg_pair_undefined,0.006081378386714779,0.0004676682374256669,,3
val,joint FM: M - B,0.4,girth_mean_truth,0.1438926693175284,0.0,0.00031543679697609167,3
val,joint FM: M - B,0.4,girth_truth_all_sd,0.03729898408401423,0.0,,3
val,joint FM: M - B,0.4,girth_mean_reco,0.12949214614699342,0.002556261956261907,0.00027604654855684747,3
val,joint FM: M - B,0.4,girth_w1,0.014427271286740333,0.0025356296205412904,,3
val,joint FM: M - B,0.4,girth_pair_bias,-0.014110378295422851,0.002553835122285607,0.00017734720791872467,3
val,joint FM: M - B,0.4,girth_pair_rmse,0.0253069111792668,0.0015957150581314486,0.00015165997251698278,3
val,joint FM: M - B,0.4,girth_truth_sd,0.03705852278233318,2.420166321896733e-06,,3
val,joint FM: M - B,0.4,girth_pair_undefined,0.0,0.0,,3
val,joint FM: M - B,0.4,mass_mean_truth,4.257431070304588,0.0,0.007917988058547133,3
val,joint FM: M - B,0.4,mass_truth_all_sd,0.9362665148909336,0.0,,3
val,joint FM: M - B,0.4,mass_mean_reco,3.5481019224313877,0.1323122536630872,0.006477637052666414,3
val,joint FM: M - B,0.4,mass_w1,0.7097642154425398,0.13232106669778854,,3
val,joint FM: M - B,0.4,mass_pair_bias,-0.7059268699319098,0.13220832746868605,0.00847107300804531,3
val,joint FM: M - B,0.4,mass_pair_rmse,1.2278203943311816,0.06831099761474468,0.007358115565206814,3
val,joint FM: M - B,0.4,mass_truth_sd,0.9353801586153621,0.0002613647259576135,,3
val,joint FM: M - B,0.4,mass_pair_undefined,0.0,0.0,,3
val,joint FM: M - B,0.4,zlead_mean_truth,0.27740267927557066,0.0,0.000993361862433755,3
val,joint FM: M - B,0.4,zlead_truth_all_sd,0.11746057737008929,0.0,,3
val,joint FM: M - B,0.4,zlead_mean_reco,0.3029400612620637,0.005439727826072327,0.0010202341897852156,3
val,joint FM: M - B,0.4,zlead_w1,0.025654522802099816,0.0053551805492383486,,3
val,joint FM: M - B,0.4,zlead_pair_bias,0.025092476887105874,0.005419908831538126,0.0003789830710678641,3
val,joint FM: M - B,0.4,zlead_pair_rmse,0.05141886727549197,0.0035434467738530047,0.00030814472352491115,3
val,joint FM: M - B,0.4,zlead_truth_sd,0.11745565096086226,1.7108925667724817e-06,,3
val,joint FM: M - B,0.4,zlead_pair_undefined,0.0,0.0,,3
val,joint FM: M - B,0.4,xi_mean_truth,5.277875749137128,0.0,0.002813431504379299,3
val,joint FM: M - B,0.4,xi_truth_all_sd,2.050399078183814,0.0,,3
val,joint FM: M - B,0.4,xi_mean_reco,5.612516549524109,0.09165456509782333,0.0019229662157532839,3
val,joint FM: M - B,0.4,xi_w1,0.567726524636569,0.027816022723752942,,3
val,joint FM: M - B,0.4,ptd_mean_truth,0.37313176550987476,0.0,0.0007695188648364086,3
val,joint FM: M - B,0.4,ptd_truth_all_sd,0.09099214856045275,0.0,,3
val,joint FM: M - B,0.4,ptd_mean_reco,0.3882219258344309,0.005671834344162796,0.0007895026112129745,3
val,joint FM: M - B,0.4,ptd_w1,0.01540960172397616,0.0053960302313770065,,3
val,joint FM: M - B,0.4,ptd_pair_bias,0.01469059049251692,0.005655655142715998,0.0003348789490743739,3
val,joint FM: M - B,0.4,ptd_pair_rmse,0.0424013220792768,0.0026495652043842383,0.0002541038329892191,3
val,joint FM: M - B,0.4,ptd_truth_sd,0.09094393781556842,1.0492453169877458e-05,,3
val,joint FM: M - B,0.4,ptd_pair_undefined,0.0,0.0,,3
val,joint FM: M - B,0.4,zg_w1_floor,0.0007714136295143183,0.0,,3
val,joint FM: M - B,0.4,rg_w1_floor,0.00235826208327121,0.0,,3
val,joint FM: M - B,0.4,girth_w1_floor,0.001268685575778252,0.0,,3
val,joint FM: M - B,0.4,mass_w1_floor,0.028382738884839175,0.0,,3
val,joint FM: M - B,0.4,zlead_w1_floor,0.0025506128405569043,0.0,,3
val,joint FM: M - B,0.4,xi_w1_floor,0.006663111531351521,0.0,,3
val,joint FM: M - B,0.4,ptd_w1_floor,0.002062756778244051,0.0,,3
val,joint FM: M - B,0.5,scale_14_20,0.8699186557111047,0.013655674405365914,0.005426253391714766,3
val,joint FM: M - B,0.5,resolution_14_20,0.26698121227044197,0.009199427428355916,0.0038377333329947705,3
val,joint FM: M - B,0.5,bias_gev_14_20,-2.30384593402245,0.23914971734352064,0.09378113074121636,3
val,joint FM: M - B,0.5,rmse_gev_14_20,5.162172203802946,0.1467418447860016,0.07419254439980079,3
val,joint FM: M - B,0.5,eff_14_20,0.8110552763819096,0.00670016750418756,0.007163928343326032,3
val,joint FM: M - B,0.5,fake_14_20,0.036040918170724405,0.005784698253725665,0.0028111326552237776,3
val,joint FM: M - B,0.5,scale_20_30,0.8860698859759267,0.01780219931196958,0.0014741667803677184,3
val,joint FM: M - B,0.5,resolution_20_30,0.1689391508497884,0.002651963335243687,0.001042433014996284,3
val,joint FM: M - B,0.5,bias_gev_20_30,-2.924555150668827,0.4566117721014762,0.037025227527238434,3
val,joint FM: M - B,0.5,rmse_gev_20_30,5.164312914125148,0.21118387661396953,0.03186547869545487,3
val,joint FM: M - B,0.5,eff_20_30,0.9894522715286672,0.0007910796353499672,0.0008863014761329659,3
val,joint FM: M - B,0.5,fake_20_30,0.0015719003900837734,0.00033594247902859304,0.00032850016771742395,3
val,joint FM: M - B,0.5,scale_30_50,0.8967988195529055,0.011389649855463868,0.0010431980173434892,3
val,joint FM: M - B,0.5,resolution_30_50,0.11910903431467366,0.004087333057026965,0.0007376806859556614,3
val,joint FM: M - B,0.5,bias_gev_30_50,-3.6359672086647286,0.3899034159033703,0.03657323300851215,3
val,joint FM: M - B,0.5,rmse_gev_30_50,5.543334849154619,0.32924266232757127,0.034330339033491426,3
val,joint FM: M - B,0.5,eff_30_50,0.9997188139059304,3.834355828219449e-05,0.00014650403919090092,3
val,joint FM: M - B,0.5,fake_30_50,0.0,0.0,0.0,3
val,joint FM: M - B,0.5,deta_rms_20_50,0.04027158939365281,0.00019401582810973234,0.0001760304215602896,3
val,joint FM: M - B,0.5,calib_a,-1.08279105695728,0.41893791227527194,,3
val,joint FM: M - B,0.5,calib_b,0.9285992398900401,0.010865171673988816,,3
val,joint FM: M - B,0.5,scale_cal_20_30,0.9992914545976318,0.0018319140704528558,0.002249268513389651,3
val,joint FM: M - B,0.5,resolution_cal_20_30,0.18247840724529582,0.004137319691139382,0.001590593857119341,3
val,joint FM: M - B,0.5,bias_cal_gev_20_30,-0.01861760567942311,0.049957636204356844,0.05647963437082789,3
val,joint FM: M - B,0.5,scale_cal_30_50,0.9984486429743447,0.0008243980813432139,0.001565305460829251,3
val,joint FM: M - B,0.5,resolution_cal_30_50,0.12707943914890532,0.0030999846464688507,0.0011069220812018118,3
val,joint FM: M - B,0.5,bias_cal_gev_30_50,-0.058127363372421116,0.036313111212323355,0.054821954921000206,3
val,joint FM: direct S,0.2,scale_14_20,0.8492010569165916,0.0240691810649864,0.0021592579065368082,3
val,joint FM: direct S,0.2,resolution_14_20,0.190333504154651,0.00088353820112054,0.00152692416879102,3
val,joint FM: direct S,0.2,bias_gev_14_20,-2.540335062429258,0.40764930477724715,0.036561355081891615,3
val,joint FM: direct S,0.2,rmse_gev_14_20,4.112424450361918,0.24946464753755748,0.03298896986905292,3
val,joint FM: direct S,0.2,eff_14_20,0.9870426829268294,0.000508130081300795,0.0012744250680062708,3
val,joint FM: direct S,0.2,fake_14_20,0.0025745572249871005,0.00036220830512755813,0.0005999436895787342,3
val,joint FM: direct S,0.2,scale_20_30,0.9368234715499844,0.014660942992501369,0.0016754533343107073,3
val,joint FM: direct S,0.2,resolution_20_30,0.17655693248536897,0.0081669695510556,0.0011847777614735066,3
val,joint FM: direct S,0.2,bias_gev_20_30,-1.457952973475483,0.3487309520571227,0.041052053530932185,3
val,joint FM: direct S,0.2,rmse_gev_20_30,4.571369251729927,0.3166814109800935,0.03067461073499328,3
val,joint FM: direct S,0.2,eff_20_30,0.9995199519951995,4.5004500450085416e-05,0.00020761949401774116,3
val,joint FM: direct S,0.2,fake_20_30,0.0002851434300993109,0.00012290459765662651,0.00018274748276173998,3
val,joint FM: direct S,0.2,scale_30_50,1.0331230864933414,0.016861423275073673,0.0030856047967113462,3
val,joint FM: direct S,0.2,resolution_30_50,0.18827246948935486,0.01839383851001007,0.00218214515823767,3
val,joint FM: direct S,0.2,bias_gev_30_50,1.253654011458194,0.6112665466792124,0.1090702170841756,3
val,joint FM: direct S,0.2,rmse_gev_30_50,6.789967001221096,0.7085319010899216,0.0786875725193389,3
val,joint FM: direct S,0.2,eff_30_50,1.0,0.0,0.0,3
val,joint FM: direct S,0.2,fake_30_50,0.0,0.0,0.0,3
val,joint FM: direct S,0.2,deta_rms_20_50,0.01211472794311365,7.966694730891788e-05,7.034970640644281e-05,3
val,joint FM: direct S,0.2,calib_a,-6.6060613605591385,1.1670285513802559,,3
val,joint FM: direct S,0.2,calib_b,1.2226607324390513,0.04941085135583467,,3
val,joint FM: direct S,0.2,scale_cal_20_30,0.989631590806863,0.002020122467648655,0.0019045242509573073,3
val,joint FM: direct S,0.2,resolution_cal_20_30,0.14203716628495075,0.005721322079098756,0.0013468230918614857,3
val,joint FM: direct S,0.2,bias_cal_gev_20_30,-0.254545761730271,0.05243266585891511,0.04692311131161886,3
val,joint FM: direct S,0.2,scale_cal_30_50,1.0000584346079882,0.001237430002738793,0.003487214617091477,3
val,joint FM: direct S,0.2,resolution_cal_30_50,0.15104108386095325,0.010939461055221547,0.0024664905710417248,3
val,joint FM: direct S,0.2,bias_cal_gev_30_50,0.034894173754541576,0.04608206252683548,0.1226602837154077,3
val,joint FM: direct S,0.4,scale_14_20,0.7150591204158202,0.015614389476887591,0.0038298968577632855,3
val,joint FM: direct S,0.4,resolution_14_20,0.2168325182108153,0.008899866930947894,0.002708568590391157,3
val,joint FM: direct S,0.4,bias_gev_14_20,-4.9768009885062945,0.27705724275435584,0.06735841293621005,3
val,joint FM: direct S,0.4,rmse_gev_14_20,6.274131817287054,0.13294296325667387,0.0783569400694994,3
val,joint FM: direct S,0.4,eff_14_20,0.8236553614251457,0.005524152106885893,0.006108207848694237,3
val,joint FM: direct S,0.4,fake_14_20,0.004421343191406489,0.0012892414604480003,0.0007725777753387492,3
val,joint FM: direct S,0.4,scale_20_30,0.7804216457514489,0.018344515887232016,0.0015997237186803827,3
val,joint FM: direct S,0.4,resolution_20_30,0.18846474574314376,0.002508752804383868,0.0011312162419072579,3
val,joint FM: direct S,0.4,bias_gev_20_30,-5.520847486711614,0.4596178953723471,0.040420553124262536,3
val,joint FM: direct S,0.4,rmse_gev_20_30,7.294227184358043,0.40019134328964734,0.04378017625885484,3
val,joint FM: direct S,0.4,eff_20_30,0.9926572259571831,0.00039336289515090606,0.0007217833394396311,3
val,joint FM: direct S,0.4,fake_20_30,0.0003299456174515299,8.071779657574445e-05,0.00017173520326546707,3
val,joint FM: direct S,0.4,scale_30_50,0.8662852227222988,0.016142732124229342,0.001853409102457016,3
val,joint FM: direct S,0.4,resolution_30_50,0.19149444479897734,0.013375648270114546,0.0013106195331624452,3
val,joint FM: direct S,0.4,bias_gev_30_50,-4.548219061722738,0.5607577125872483,0.06549424987390443,3
val,joint FM: direct S,0.4,rmse_gev_30_50,8.16305962431852,0.5438700439997195,0.05586671385889578,3
val,joint FM: direct S,0.4,eff_30_50,0.9998126814648308,9.36592675845338e-05,0.00012943216658211092,3
val,joint FM: direct S,0.4,fake_30_50,0.0,0.0,0.0,3
val,joint FM: direct S,0.4,deta_rms_20_50,0.0315712418792746,0.00012758669812170526,0.00014246646459708186,3
val,joint FM: direct S,0.4,calib_a,-7.117153802794078,0.9848723701357591,,3
val,joint FM: direct S,0.4,calib_b,1.0735774868897767,0.03798457014984424,,3
val,joint FM: direct S,0.4,scale_cal_20_30,0.9899318635420714,0.001615512378558448,0.0020822249763497677,3
val,joint FM: direct S,0.4,resolution_cal_20_30,0.1735668300257429,0.00452975143582654,0.0014724613630583314,3
val,joint FM: direct S,0.4,bias_cal_gev_20_30,-0.2702291337722641,0.045363822067532644,0.05297069987841966,3
val,joint FM: direct S,0.4,scale_cal_30_50,0.9961118069668083,0.0008638928046478811,0.002360619388327208,3
val,joint FM: direct S,0.4,resolution_cal_30_50,0.173865324952738,0.008406003829188546,0.0016693638519140394,3
val,joint FM: direct S,0.4,bias_cal_gev_30_50,-0.08773030995032889,0.02260667002896731,0.08416365078668225,3
val,joint FM: direct S,0.4,sub_truth_jets,13982.0,0.0,,3
val,joint FM: direct S,0.4,sub_matched,13879.333333333334,5.5,,3
val,joint FM: direct S,0.4,zg_mean_truth,0.2468019464600556,0.0,0.0009747757447164019,3
val,joint FM: direct S,0.4,zg_truth_all_sd,0.11513913115315934,0.0,,3
val,joint FM: direct S,0.4,zg_mean_reco,0.245831826190388,0.002347017452600436,0.000993191127445279,3
val,joint FM: direct S,0.4,zg_w1,0.002419456021403301,0.0010215471347177472,,3
val,joint FM: direct S,0.4,zg_pair_bias,-0.0015460794784303673,0.0025124921090147927,0.0011951010424476893,3
val,joint FM: direct S,0.4,zg_pair_rmse,0.13969288331710236,0.0016802239383462703,0.0008452066414743905,3
val,joint FM: direct S,0.4,zg_truth_sd,0.11497376376384066,4.4718330699917985e-05,,3
val,joint FM: direct S,0.4,zg_pair_undefined,0.01592291913778358,0.001296549737088537,,3
val,joint FM: direct S,0.4,rg_mean_truth,0.25681209316520703,0.0,0.0006292934832735559,3
val,joint FM: direct S,0.4,rg_truth_all_sd,0.074331255467936,0.0,,3
val,joint FM: direct S,0.4,rg_mean_reco,0.20483830964726824,0.0030861110957841192,0.0005921244174516209,3
val,joint FM: direct S,0.4,rg_w1,0.05197935608450175,0.003088039704351831,,3
val,joint FM: direct S,0.4,rg_pair_bias,-0.05195833208765405,0.0030569194970039223,0.0005985389271863613,3
val,joint FM: direct S,0.4,rg_pair_rmse,0.0871539410691446,0.0025484939496446535,0.0005273259415902828,3
val,joint FM: direct S,0.4,rg_truth_sd,0.07390089225247708,1.6113794370581358e-05,,3
val,joint FM: direct S,0.4,rg_pair_undefined,0.01592291913778358,0.001296549737088537,,3
val,joint FM: direct S,0.4,girth_mean_truth,0.1438926693175284,0.0,0.00031543679697609167,3
val,joint FM: direct S,0.4,girth_truth_all_sd,0.03729898408401423,0.0,,3
val,joint FM: direct S,0.4,girth_mean_reco,0.11995506043820346,0.0017758235143588083,0.0002947248581748442,3
val,joint FM: direct S,0.4,girth_w1,0.023938527552352484,0.0017755590948870144,,3
val,joint FM: direct S,0.4,girth_pair_bias,-0.02347623710630332,0.0017520226315176513,0.00018623394815803421,3
val,joint FM: direct S,0.4,girth_pair_rmse,0.03214696911994263,0.001412356929699609,0.00019294896876450942,3
val,joint FM: direct S,0.4,girth_truth_sd,0.03695558766077193,1.8691998550209032e-05,,3
val,joint FM: direct S,0.4,girth_pair_undefined,0.0,0.0,,3
val,joint FM: direct S,0.4,mass_mean_truth,4.257431070304588,0.0,0.007917988058547133,3
val,joint FM: direct S,0.4,mass_truth_all_sd,0.9362665148909336,0.0,,3
val,joint FM: direct S,0.4,mass_mean_reco,2.7891939807669655,0.0979015131899188,0.00511243688477624,3
val,joint FM: direct S,0.4,mass_w1,1.46826151254455,0.09793814770030929,,3
val,joint FM: direct S,0.4,mass_pair_bias,-1.4630399542954908,0.09750667349453301,0.008758946393961254,3
val,joint FM: direct S,0.4,mass_pair_rmse,1.791022960100701,0.07646414508695154,0.01074981287634246,3
val,joint FM: direct S,0.4,mass_truth_sd,0.9354854669150284,0.00025624880284508267,,3
val,joint FM: direct S,0.4,mass_pair_undefined,0.0,0.0,,3
val,joint FM: direct S,0.4,zlead_mean_truth,0.27740267927557066,0.0,0.000993361862433755,3
val,joint FM: direct S,0.4,zlead_truth_all_sd,0.11746057737008929,0.0,,3
val,joint FM: direct S,0.4,zlead_mean_reco,0.34015686325146,0.004666460251753463,0.0012126943511259595,3
val,joint FM: direct S,0.4,zlead_w1,0.06276762508533203,0.004661687825704544,,3
val,joint FM: direct S,0.4,zlead_pair_bias,0.06207533196145295,0.004599313375368196,0.0005010836561986347,3
val,joint FM: direct S,0.4,zlead_pair_rmse,0.0856879934526315,0.004251369648689482,0.0005143074122475536,3
val,joint FM: direct S,0.4,zlead_truth_sd,0.11745780633760712,4.470578519093216e-06,,3
val,joint FM: direct S,0.4,zlead_pair_undefined,0.0,0.0,,3
val,joint FM: direct S,0.4,xi_mean_truth,5.277875749137128,0.0,0.002813431504379299,3
val,joint FM: direct S,0.4,xi_truth_all_sd,2.050399078183814,0.0,,3
val,joint FM: direct S,0.4,xi_mean_reco,5.701659568576583,0.05505332328537227,0.0019333345109134377,3
val,joint FM: direct S,0.4,xi_w1,0.6191118698196991,0.026660079546589444,,3
val,joint FM: direct S,0.4,ptd_mean_truth,0.37313176550987476,0.0,0.0007695188648364086,3
val,joint FM: direct S,0.4,ptd_truth_all_sd,0.09099214856045275,0.0,,3
val,joint FM: direct S,0.4,ptd_mean_reco,0.4186640065821227,0.00448984354175741,0.0009587634379936153,3
val,joint FM: direct S,0.4,ptd_w1,0.04572815820459391,0.004477751553730577,,3
val,joint FM: direct S,0.4,ptd_pair_bias,0.044913732980361665,0.004441929284295175,0.00043422291094227794,3
val,joint FM: direct S,0.4,ptd_pair_rmse,0.06810889499251434,0.0038536893682161386,0.0004087962783720492,3
val,joint FM: direct S,0.4,ptd_truth_sd,0.09092549015347591,5.176668532613782e-06,,3
val,joint FM: direct S,0.4,ptd_pair_undefined,0.0,0.0,,3
val,joint FM: direct S,0.4,zg_w1_floor,0.0007714136295143183,0.0,,3
val,joint FM: direct S,0.4,rg_w1_floor,0.00235826208327121,0.0,,3
val,joint FM: direct S,0.4,girth_w1_floor,0.001268685575778252,0.0,,3
val,joint FM: direct S,0.4,mass_w1_floor,0.028382738884839175,0.0,,3
val,joint FM: direct S,0.4,zlead_w1_floor,0.0025506128405569043,0.0,,3
val,joint FM: direct S,0.4,xi_w1_floor,0.006663111531351521,0.0,,3
val,joint FM: direct S,0.4,ptd_w1_floor,0.002062756778244051,0.0,,3
val,joint FM: direct S,0.5,scale_14_20,0.6925926350168864,0.014235044578450151,0.004717716991000533,3
val,joint FM: direct S,0.5,resolution_14_20,0.22228343463708813,0.011495244183093736,0.00333668132495119,3
val,joint FM: direct S,0.5,bias_gev_14_20,-5.4222381442941625,0.24543177292698948,0.08381817873962834,3
val,joint FM: direct S,0.5,rmse_gev_14_20,6.712698573427429,0.07945121827682478,0.10072453029339352,3
val,joint FM: direct S,0.5,eff_14_20,0.7439419318816304,0.008710217755443894,0.007987093315592655,3
val,joint FM: direct S,0.5,fake_14_20,0.0045280194778940545,0.0009480466234276889,0.0007911742340410981,3
val,joint FM: direct S,0.5,scale_20_30,0.7438576455048103,0.01922909742245893,0.001703972101363274,3
val,joint FM: direct S,0.5,resolution_20_30,0.19454669078057774,0.0007603079773450816,0.0012049364467477456,3
val,joint FM: direct S,0.5,bias_gev_20_30,-6.547013900719631,0.4935517973784407,0.043630030022079706,3
val,joint FM: direct S,0.5,rmse_gev_20_30,8.230290291827542,0.40611401605259356,0.05097316225696371,3
val,joint FM: direct S,0.5,eff_20_30,0.9820939752379517,0.0005273864235666448,0.0011509540532923925,3
val,joint FM: direct S,0.5,fake_20_30,0.0004013953880251015,0.0001204854603298953,0.00018471585065314377,3
val,joint FM: direct S,0.5,scale_30_50,0.8262031778418395,0.016313580125508043,0.001708120838343678,3
val,joint FM: direct S,0.5,resolution_30_50,0.19502785131619035,0.012310868456927596,0.0012078701557660257,3
val,joint FM: direct S,0.5,bias_gev_30_50,-6.008017315404238,0.5723003302577383,0.06071216518283328,3
val,joint FM: direct S,0.5,rmse_gev_30_50,9.17945364145019,0.5699264544408207,0.05684911084246395,3
val,joint FM: direct S,0.5,eff_30_50,0.9997188139059304,3.834355828219449e-05,0.00014650403919090092,3
val,joint FM: direct S,0.5,fake_30_50,0.0,0.0,0.0,3
val,joint FM: direct S,0.5,deta_rms_20_50,0.041165696430974404,0.0001420329430554812,0.0001802752954841928,3
val,joint FM: direct S,0.5,calib_a,-7.2008539257708195,0.9869448079131637,,3
val,joint FM: direct S,0.5,calib_b,1.0348304569267666,0.03531263438992749,,3
val,joint FM: direct S,0.5,scale_cal_20_30,0.9905229036585608,0.0009035388300531189,0.002314774345433963,3
val,joint FM: direct S,0.5,resolution_cal_20_30,0.18708224830436893,0.006235982361573897,0.0016369179408237224,3
val,joint FM: direct S,0.5,bias_cal_gev_20_30,-0.2682420777755301,0.03089605972345115,0.05958745172637159,3
val,joint FM: direct S,0.5,scale_cal_30_50,0.9961974412820204,0.0012809037895016862,0.002262189126653899,3
val,joint FM: direct S,0.5,resolution_cal_30_50,0.18365623017113275,0.009211401645484368,0.0015997306329757653,3
val,joint FM: direct S,0.5,bias_cal_gev_30_50,-0.09778865614485933,0.03974496504780788,0.08133840663094226,3
val,unpaired FM [mid32],0.2,scale_14_20,0.7080394522496807,0.0012448778886828271,0.0014576441768272665,3
val,unpaired FM [mid32],0.2,resolution_14_20,0.12875490011437354,0.0005241892361194933,0.0010307761397441812,3
val,unpaired FM [mid32],0.2,bias_gev_14_20,-4.967317689298146,0.020686608520689376,0.024727426537095743,3
val,unpaired FM [mid32],0.2,rmse_gev_14_20,5.426332968291203,0.016732261635494794,0.04343893034490157,3
val,unpaired FM [mid32],0.2,eff_14_20,0.9911500677506776,0.00012703252032519874,0.0010555700613775001,3
val,unpaired FM [mid32],0.2,fake_14_20,0.0001486694086179759,5.570407772689682e-05,0.00012691529322873685,3
val,unpaired FM [mid32],0.2,scale_20_30,0.7437298762580413,0.000743547328074412,0.0008492215871324739,3
val,unpaired FM [mid32],0.2,resolution_20_30,0.08950059412307358,0.0002498252634572165,0.0006005173760740558,3
val,unpaired FM [mid32],0.2,bias_gev_20_30,-6.248669610336699,0.01786215719809814,0.02072826994568852,3
val,unpaired FM [mid32],0.2,rmse_gev_20_30,6.619539196451385,0.018537710428481624,0.044412768843243,3
val,unpaired FM [mid32],0.2,eff_20_30,0.9997599759975998,4.5004500450029905e-05,0.00014634623905691112,3
val,unpaired FM [mid32],0.2,fake_20_30,0.0,0.0,0.0,3
val,unpaired FM [mid32],0.2,scale_30_50,0.7689904351696552,0.0008538498093717539,0.0010453548234519838,3
val,unpaired FM [mid32],0.2,resolution_30_50,0.06378377889277213,0.0002130783022212604,0.0007392767761663341,3
val,unpaired FM [mid32],0.2,bias_gev_30_50,-7.946631848944455,0.02929231683043776,0.0370193653498215,3
val,unpaired FM [mid32],0.2,rmse_gev_30_50,8.261428987306923,0.027154945555809107,0.09574005181986515,3
val,unpaired FM [mid32],0.2,eff_30_50,1.0,0.0,0.0,3
val,unpaired FM [mid32],0.2,fake_30_50,0.0,0.0,0.0,3
val,unpaired FM [mid32],0.2,deta_rms_20_50,0.011085964145711216,3.119710258722968e-05,6.436992520456081e-05,3
val,unpaired FM [mid32],0.2,calib_a,-2.0814709663469375,0.039924065137912024,,3
val,unpaired FM [mid32],0.2,calib_b,0.8300937253618442,0.0017232371596148655,,3
val,unpaired FM [mid32],0.2,scale_cal_20_30,1.000306584379902,0.00021467800095809064,0.0014348043059668823,3
val,unpaired FM [mid32],0.2,resolution_cal_20_30,0.10702843943072597,0.0004967593995570743,0.0010146510330792831,3
val,unpaired FM [mid32],0.2,bias_cal_gev_20_30,0.003686782819741049,0.004482444301474135,0.03437389820565793,3
val,unpaired FM [mid32],0.2,scale_cal_30_50,0.9988190536696302,0.00013672930084202006,0.0017459392675935501,3
val,unpaired FM [mid32],0.2,resolution_cal_30_50,0.07562154564283047,0.00021803734189274754,0.001234894669236821,3
val,unpaired FM [mid32],0.2,bias_cal_gev_30_50,-0.039842796793899106,0.004643325145321599,0.05905933111918319,3
val,unpaired FM [mid32],0.4,scale_14_20,0.7205300853908105,0.002897881460490581,0.0028516541011596335,3
val,unpaired FM [mid32],0.4,resolution_14_20,0.1739352234024363,0.00046658016932464574,0.00201669500820288,3
val,unpaired FM [mid32],0.4,bias_gev_14_20,-4.832930182398581,0.04982351479484315,0.04930252858075342,3
val,unpaired FM [mid32],0.4,rmse_gev_14_20,5.69218358688721,0.04126235564718961,0.06598948715457496,3
val,unpaired FM [mid32],0.4,eff_14_20,0.9558924289140117,0.0014131551901335748,0.0032910450433509823,3
val,unpaired FM [mid32],0.4,fake_14_20,0.0017286710149358082,0.0003751074138085631,0.0004300375938186259,3
val,unpaired FM [mid32],0.4,scale_20_30,0.7416345513917353,0.001807474961625366,0.0010150427432869247,3
val,unpaired FM [mid32],0.4,resolution_20_30,0.11996411994321976,0.0004948039780603361,0.0007177693007864495,3
val,unpaired FM [mid32],0.4,bias_gev_20_30,-6.566384287042969,0.04516462347141381,0.02598152776460144,3
val,unpaired FM [mid32],0.4,rmse_gev_20_30,7.248900956076587,0.044505387892635806,0.04337007212945047,3
val,unpaired FM [mid32],0.4,eff_20_30,0.998998712630525,0.0001072807895866057,0.00026714013582596763,3
val,unpaired FM [mid32],0.4,fake_20_30,0.0,0.0,0.0,3
val,unpaired FM [mid32],0.4,scale_30_50,0.7494327226392768,0.001132810750435198,0.0008664000375423199,3
val,unpaired FM [mid32],0.4,resolution_30_50,0.08951635796011997,0.00012614473686770045,0.0006126660387401101,3
val,unpaired FM [mid32],0.4,bias_gev_30_50,-8.779168972235937,0.03931257493764928,0.031135367966038763,3
val,unpaired FM [mid32],0.4,rmse_gev_30_50,9.349991924563444,0.037926050110551834,0.06399002739537595,3
val,unpaired FM [mid32],0.4,eff_30_50,0.999812681464831,0.0,0.00013244180031500607,3
val,unpaired FM [mid32],0.4,fake_30_50,0.0,0.0,0.0,3
val,unpaired FM [mid32],0.4,deta_rms_20_50,0.029092308690505043,2.5719616626273048e-05,0.00013104377595248484,3
val,unpaired FM [mid32],0.4,calib_a,-0.8540648243116161,0.06733337236059167,,3
val,unpaired FM [mid32],0.4,calib_b,0.7752015191785563,0.0012422622595513189,,3
val,unpaired FM [mid32],0.4,scale_cal_20_30,1.0007207593952188,8.149724260186897e-05,0.0018565042057435636,3
val,unpaired FM [mid32],0.4,resolution_cal_20_30,0.15532254799374604,0.0007380883307351732,0.001312840495368014,3
val,unpaired FM [mid32],0.4,bias_cal_gev_20_30,0.017052680123942024,0.0018070220290657343,0.04635916839588766,3
val,unpaired FM [mid32],0.4,scale_cal_30_50,0.9974026568164231,0.0002291341264489266,0.0015469593881584042,3
val,unpaired FM [mid32],0.4,resolution_cal_30_50,0.11394067388872588,7.886823208509697e-05,0.0010939663046213286,3
val,unpaired FM [mid32],0.4,bias_cal_gev_30_50,-0.08249339718305679,0.008875915166762012,0.0536055466672171,3
val,unpaired FM [mid32],0.4,sub_truth_jets,13982.0,0.0,,3
val,unpaired FM [mid32],0.4,sub_matched,13968.0,1.5,,3
val,unpaired FM [mid32],0.4,zg_mean_truth,0.2468019464600556,0.0,0.0009747757447164019,3
val,unpaired FM [mid32],0.4,zg_truth_all_sd,0.11513913115315934,0.0,,3
val,unpaired FM [mid32],0.4,zg_mean_reco,0.2298603750589742,0.0004143829667251353,0.0009562602284385073,3
val,unpaired FM [mid32],0.4,zg_w1,0.0169435174084463,0.00041686697368150186,,3
val,unpaired FM [mid32],0.4,zg_pair_bias,-0.017014070484912675,0.00045179425994614636,0.001083211957764221,3
val,unpaired FM [mid32],0.4,zg_pair_rmse,0.12886377129899135,0.0003016067672371725,0.0007727160330151159,3
val,unpaired FM [mid32],0.4,zg_truth_sd,0.11505155013948931,1.2392208745264088e-05,,3
val,unpaired FM [mid32],0.4,zg_pair_undefined,0.004462569223360339,0.0001427128483297846,,3
val,unpaired FM [mid32],0.4,rg_mean_truth,0.25681209316520703,0.0,0.0006292934832735559,3
val,unpaired FM [mid32],0.4,rg_truth_all_sd,0.074331255467936,0.0,,3
val,unpaired FM [mid32],0.4,rg_mean_reco,0.24974335590953067,0.0005431664888894128,0.0005481761576360626,3
val,unpaired FM [mid32],0.4,rg_w1,0.010766163606790648,4.7004014512956604e-05,,3
val,unpaired FM [mid32],0.4,rg_pair_bias,-0.007122463733525945,0.0005097111583040252,0.0005352926693776195,3
val,unpaired FM [mid32],0.4,rg_pair_rmse,0.06352509814223915,6.928883289944454e-05,0.0003809205886218888,3
val,unpaired FM [mid32],0.4,rg_truth_sd,0.07418678766846895,1.3636440955956675e-05,,3
val,unpaired FM [mid32],0.4,rg_pair_undefined,0.004462569223360339,0.0001427128483297846,,3
val,unpaired FM [mid32],0.4,girth_mean_truth,0.1438926693175284,0.0,0.00031543679697609167,3
val,unpaired FM [mid32],0.4,girth_truth_all_sd,0.03729898408401423,0.0,,3
val,unpaired FM [mid32],0.4,girth_mean_reco,0.15087054088482202,0.0002528685449062207,0.00027651879079861074,3
val,unpaired FM [mid32],0.4,girth_w1,0.007054085086612472,0.00022537706270131085,,3
val,unpaired FM [mid32],0.4,girth_pair_bias,0.007054396037705082,0.0002465027320830756,0.00015575318825648748,3
val,unpaired FM [mid32],0.4,girth_pair_rmse,0.019714250070797572,7.937731424459415e-05,0.00011795003695642149,3
val,unpaired FM [mid32],0.4,girth_truth_sd,0.037223641381664285,5.998717581598423e-06,,3
val,unpaired FM [mid32],0.4,girth_pair_undefined,0.0,0.0,,3
val,unpaired FM [mid32],0.4,mass_mean_truth,4.257431070304588,0.0,0.007917988058547133,3
val,unpaired FM [mid32],0.4,mass_truth_all_sd,0.9362665148909336,0.0,,3
val,unpaired FM [mid32],0.4,mass_mean_reco,3.3374736337463435,0.013356763395370841,0.005015827444955785,3
val,unpaired FM [mid32],0.4,mass_w1,0.9200233226437081,0.013364428745497203,,3
val,unpaired FM [mid32],0.4,mass_pair_bias,-0.9192016670003292,0.013293740876090643,0.008006931133029355,3
val,unpaired FM [mid32],0.4,mass_pair_rmse,1.3192730731613884,0.010534094013829653,0.007893192790857853,3
val,unpaired FM [mid32],0.4,mass_truth_sd,0.9361813921029377,2.9116363151171498e-05,,3
val,unpaired FM [mid32],0.4,mass_pair_undefined,0.0,0.0,,3
val,unpaired FM [mid32],0.4,zlead_mean_truth,0.27740267927557066,0.0,0.000993361862433755,3
val,unpaired FM [mid32],0.4,zlead_truth_all_sd,0.11746057737008929,0.0,,3
val,unpaired FM [mid32],0.4,zlead_mean_reco,0.2573805982080621,0.0004667181140216303,0.0009414062444252238,3
val,unpaired FM [mid32],0.4,zlead_w1,0.020022081067508562,0.0004667181140216494,,3
val,unpaired FM [mid32],0.4,zlead_pair_bias,-0.020117440436935082,0.0004521188382094563,0.00030860306955709604,3
val,unpaired FM [mid32],0.4,zlead_pair_rmse,0.04165444895518665,0.0001427900389021977,0.00024921790547213383,3
val,unpaired FM [mid32],0.4,zlead_truth_sd,0.11745509952887116,4.619191872910766e-06,,3
val,unpaired FM [mid32],0.4,zlead_pair_undefined,0.0,0.0,,3
val,unpaired FM [mid32],0.4,xi_mean_truth,5.277875749137128,0.0,0.002813431504379299,3
val,unpaired FM [mid32],0.4,xi_truth_all_sd,2.050399078183814,0.0,,3
val,unpaired FM [mid32],0.4,xi_mean_reco,5.028831599981693,0.001911539133808482,0.0014641509987310772,3
val,unpaired FM [mid32],0.4,xi_w1,0.7039930375215869,0.0013849259466481856,,3
val,unpaired FM [mid32],0.4,ptd_mean_truth,0.37313176550987476,0.0,0.0007695188648364086,3
val,unpaired FM [mid32],0.4,ptd_truth_all_sd,0.09099214856045275,0.0,,3
val,unpaired FM [mid32],0.4,ptd_mean_reco,0.33541582839606726,0.0004548748220939425,0.0007383894153728397,3
val,unpaired FM [mid32],0.4,ptd_w1,0.03771593711380753,0.0004548748220939529,,3
val,unpaired FM [mid32],0.4,ptd_pair_bias,-0.03780514175857349,0.00044467307294882366,0.0002777810140545964,3
val,unpaired FM [mid32],0.4,ptd_pair_rmse,0.050071036338565245,0.00029331453176416333,0.000299574185689332,3
val,unpaired FM [mid32],0.4,ptd_truth_sd,0.09097878767464662,8.455620455413704e-07,,3
val,unpaired FM [mid32],0.4,ptd_pair_undefined,0.0,0.0,,3
val,unpaired FM [mid32],0.4,zg_w1_floor,0.0007714136295143183,0.0,,3
val,unpaired FM [mid32],0.4,rg_w1_floor,0.00235826208327121,0.0,,3
val,unpaired FM [mid32],0.4,girth_w1_floor,0.001268685575778252,0.0,,3
val,unpaired FM [mid32],0.4,mass_w1_floor,0.028382738884839175,0.0,,3
val,unpaired FM [mid32],0.4,zlead_w1_floor,0.0025506128405569043,0.0,,3
val,unpaired FM [mid32],0.4,xi_w1_floor,0.006663111531351521,0.0,,3
val,unpaired FM [mid32],0.4,ptd_w1_floor,0.002062756778244051,0.0,,3
val,unpaired FM [mid32],0.5,scale_14_20,0.7561180578910142,0.003517469687432384,0.003737353599933183,3
val,unpaired FM [mid32],0.5,resolution_14_20,0.19818587016364284,0.0012370698210504155,0.002643178096325472,3
val,unpaired FM [mid32],0.5,bias_gev_14_20,-4.241605469323546,0.06048602238877221,0.06402778558847827,3
val,unpaired FM [mid32],0.5,rmse_gev_14_20,5.4333591507087595,0.034366636224095526,0.07245141264553989,3
val,unpaired FM [mid32],0.5,eff_14_20,0.9420435510887772,0.0010050251256281673,0.0042766325970564935,3
val,unpaired FM [mid32],0.5,fake_14_20,0.0041920687351096496,0.00046216072375149654,0.0007132191446032557,3
val,unpaired FM [mid32],0.5,scale_20_30,0.7597755506909515,0.002792753807274173,0.001098399763029719,3
val,unpaired FM [mid32],0.5,resolution_20_30,0.12644165230511498,0.0005802282251383128,0.0007767152285122861,3
val,unpaired FM [mid32],0.5,bias_gev_20_30,-6.191943432737076,0.07032588912162563,0.02843753354682795,3
val,unpaired FM [mid32],0.5,rmse_gev_20_30,7.004079200130385,0.06708093144214278,0.043023560490175396,3
val,unpaired FM [mid32],0.5,eff_20_30,0.9983676134508652,7.534091765237783e-05,0.0003503245352692429,3
val,unpaired FM [mid32],0.5,fake_20_30,4.212748999570943e-05,3.163155563990637e-05,4.212615892889903e-05,3
val,unpaired FM [mid32],0.5,scale_30_50,0.753973410988499,0.0015404795383404113,0.0008318355955215955,3
val,unpaired FM [mid32],0.5,resolution_30_50,0.09498479422927426,0.0003692713836471531,0.0005882191475803787,3
val,unpaired FM [mid32],0.5,bias_gev_30_50,-8.704909960520874,0.053430431346090046,0.030547438011839022,3
val,unpaired FM [mid32],0.5,rmse_gev_30_50,9.377767322090783,0.05316824306615864,0.05807214518195761,3
val,unpaired FM [mid32],0.5,eff_30_50,0.9998977505112475,3.834355828225e-05,8.727066507328916e-05,3
val,unpaired FM [mid32],0.5,fake_30_50,0.0,0.0,0.0,3
val,unpaired FM [mid32],0.5,deta_rms_20_50,0.038807105082982456,1.7429534024188814e-05,0.0001692391959791554,3
val,unpaired FM [mid32],0.5,calib_a,0.30478646546080806,0.1003112937001623,,3
val,unpaired FM [mid32],0.5,calib_b,0.7464479411629151,0.0017334764811423042,,3
val,unpaired FM [mid32],0.5,scale_cal_20_30,1.0000940767595543,0.00028000574167191816,0.0020918030953365695,3
val,unpaired FM [mid32],0.5,resolution_cal_20_30,0.1705257751686531,0.0008329796058971911,0.0014792394513639788,3
val,unpaired FM [mid32],0.5,bias_cal_gev_20_30,0.000765016663254905,0.007490866316301022,0.05272616450844555,3
val,unpaired FM [mid32],0.5,scale_cal_30_50,0.9974224800732033,0.0002991220945510187,0.001553289812799383,3
val,unpaired FM [mid32],0.5,resolution_cal_30_50,0.12611973765482443,0.00014001285310709377,0.0010984250695191032,3
val,unpaired FM [mid32],0.5,bias_cal_gev_30_50,-0.09540220223126887,0.011184711324463664,0.05445314627243523,3
val,paired FM [mid32],0.2,scale_14_20,0.7098171524781134,0.0018231016563351465,0.0014764828717690173,3
val,paired FM [mid32],0.2,resolution_14_20,0.13044971039850725,0.000793355233796908,0.0010440979308639527,3
val,paired FM [mid32],0.2,bias_gev_14_20,-4.936467683034709,0.03080255773166174,0.0250720035434084,3
val,paired FM [mid32],0.2,rmse_gev_14_20,5.410694711590144,0.03338145876985443,0.04330353158714908,3
val,paired FM [mid32],0.2,eff_14_20,0.9916158536585366,0.0005716463414633943,0.001027265693289002,3
val,paired FM [mid32],0.2,fake_14_20,0.0002987548941207787,5.546802505589554e-05,0.00018219237820972663,3
val,paired FM [mid32],0.2,scale_20_30,0.7461634308473645,0.0010869599273207742,0.0008662343025318903,3
val,paired FM [mid32],0.2,resolution_20_30,0.09129494438649076,0.00029211892844902,0.0006125477232415021,3
val,paired FM [mid32],0.2,bias_gev_20_30,-6.1876014654981555,0.02618259650505861,0.021106550997282505,3
val,paired FM [mid32],0.2,rmse_gev_20_30,6.575312675827604,0.02685126269707583,0.04411538531505473,3
val,paired FM [mid32],0.2,eff_20_30,0.9997899789978998,0.00013501350135014523,0.00013242367809075756,3
val,paired FM [mid32],0.2,fake_20_30,0.0,0.0,0.0,3
val,paired FM [mid32],0.2,scale_30_50,0.7743150329220558,0.0014370429297531628,0.0010724786808874907,3
val,paired FM [mid32],0.2,resolution_30_50,0.06543877879000552,0.0008776883246641581,0.0007584588160175501,3
val,paired FM [mid32],0.2,bias_gev_30_50,-7.757316412924349,0.051489352766545426,0.03744751642489346,3
val,paired FM [mid32],0.2,rmse_gev_30_50,8.08684863828512,0.048737176528421244,0.0937168749956429,3
val,paired FM [mid32],0.2,eff_30_50,1.0,0.0,0.0,3
val,paired FM [mid32],0.2,fake_30_50,0.0,0.0,0.0,3
val,paired FM [mid32],0.2,deta_rms_20_50,0.011220932156508835,4.0716818795468596e-05,6.515287354642677e-05,3
val,paired FM [mid32],0.2,calib_a,-2.258136496243573,0.07077378847696303,,3
val,paired FM [mid32],0.2,calib_b,0.8405791252917644,0.0028664485993098454,,3
val,paired FM [mid32],0.2,scale_cal_20_30,0.9990011449800303,0.0005096076129343929,0.0014394264415940512,3
val,paired FM [mid32],0.2,resolution_cal_20_30,0.10737966664927918,2.43332298510493e-05,0.0010179196592766066,3
val,paired FM [mid32],0.2,bias_cal_gev_20_30,-0.02902474680781859,0.012447063990261128,0.03454245662053901,3
val,paired FM [mid32],0.2,scale_cal_30_50,0.9988638570169224,0.0001827479668978227,0.0017816572085655724,3
val,paired FM [mid32],0.2,resolution_cal_30_50,0.07716859023574267,0.00043254322468964934,0.0012601578016499318,3
val,paired FM [mid32],0.2,bias_cal_gev_30_50,-0.03658633057615867,0.007669571534431995,0.06019453753659943,3
val,paired FM [mid32],0.4,scale_14_20,0.7299698954824149,0.0021503140076073457,0.0029456451780680033,3
val,paired FM [mid32],0.4,resolution_14_20,0.17978895060077513,0.0002002851403360706,0.002083165293940221,3
val,paired FM [mid32],0.4,bias_gev_14_20,-4.669846910428135,0.037063843939418195,0.05090733171474741,3
val,paired FM [mid32],0.4,rmse_gev_14_20,5.609123688177644,0.028732480397307913,0.06498271650282343,3
val,paired FM [mid32],0.4,eff_14_20,0.9571771154504968,0.0014131551901336303,0.0032449236501558526,3
val,paired FM [mid32],0.4,fake_14_20,0.001962268224371554,5.894949089424472e-05,0.0004663508449065392,3
val,paired FM [mid32],0.4,scale_20_30,0.7511157571884604,0.0015056865603332303,0.0010382054466002396,3
val,paired FM [mid32],0.4,resolution_20_30,0.12270751853426358,0.00036606461672120116,0.0007341483891675823,3
val,paired FM [mid32],0.4,bias_gev_20_30,-6.327413091898055,0.03756200901777662,0.02653325521918658,3
val,paired FM [mid32],0.4,rmse_gev_20_30,7.061927130575422,0.038468867010132524,0.04224938956666447,3
val,paired FM [mid32],0.4,eff_20_30,0.9990940733323798,0.00014304105278212242,0.000253676488343532,3
val,paired FM [mid32],0.4,fake_20_30,0.0,0.0,0.0,3
val,paired FM [mid32],0.4,scale_30_50,0.7594251281607622,0.0011959411149039534,0.0008847697364299266,3
val,paired FM [mid32],0.4,resolution_30_50,0.09141431325789116,0.0006755470147353435,0.0006256559858345765,3
val,paired FM [mid32],0.4,bias_gev_30_50,-8.425616486235052,0.04146386043308592,0.0315742728412309,3
val,paired FM [mid32],0.4,rmse_gev_30_50,9.035137203773878,0.04076334836600193,0.06183520604671169,3
val,paired FM [mid32],0.4,eff_30_50,0.999812681464831,0.0,0.00013244180031500607,3
val,paired FM [mid32],0.4,fake_30_50,0.0,0.0,0.0,3
val,paired FM [mid32],0.4,deta_rms_20_50,0.029482512492818743,2.0271361916452194e-05,0.00013279782115112193,3
val,paired FM [mid32],0.4,calib_a,-0.8828176590095947,0.11359696834738275,,3
val,paired FM [mid32],0.4,calib_b,0.7859326261053724,0.004462359995602072,,3
val,paired FM [mid32],0.4,scale_cal_20_30,1.000473403759961,0.0005835231283430886,0.001877564420020917,3
val,paired FM [mid32],0.4,resolution_cal_20_30,0.15709952792422124,0.00015781432078652846,0.0013277333614549105,3
val,paired FM [mid32],0.4,bias_cal_gev_20_30,0.007239006120858038,0.014337579613290291,0.04682732971219682,3
val,paired FM [mid32],0.4,scale_cal_30_50,0.9976610873688952,0.0001552489717011052,0.0015527962552758763,3
val,paired FM [mid32],0.4,resolution_cal_30_50,0.11437058599750816,0.0005399821887689671,0.0010980939733888121,3
val,paired FM [mid32],0.4,bias_cal_gev_30_50,-0.06997196552779467,0.005264268298261404,0.05382542284330707,3
val,paired FM [mid32],0.4,sub_truth_jets,13982.0,0.0,,3
val,paired FM [mid32],0.4,sub_matched,13969.333333333334,2.0,,3
val,paired FM [mid32],0.4,zg_mean_truth,0.2468019464600556,0.0,0.0009747757447164019,3
val,paired FM [mid32],0.4,zg_truth_all_sd,0.11513913115315934,0.0,,3
val,paired FM [mid32],0.4,zg_mean_reco,0.23028976008026178,0.00041979868920573316,0.0009559047813030323,3
val,paired FM [mid32],0.4,zg_w1,0.016512311560471827,0.0004199200104931522,,3
val,paired FM [mid32],0.4,zg_pair_bias,-0.016641572602795827,0.0004165504159163308,0.0010798502517141448,3
val,paired FM [mid32],0.4,zg_pair_rmse,0.12841109753210622,0.00032328853081926845,0.0007700661558600401,3
val,paired FM [mid32],0.4,zg_truth_sd,0.11506997415104125,8.5924727856318e-06,,3
val,paired FM [mid32],0.4,zg_pair_undefined,0.004724628168681207,0.0001789805269186706,,3
val,paired FM [mid32],0.4,rg_mean_truth,0.25681209316520703,0.0,0.0006292934832735559,3
val,paired FM [mid32],0.4,rg_truth_all_sd,0.074331255467936,0.0,,3
val,paired FM [mid32],0.4,rg_mean_reco,0.2526585819008219,0.0002095019112952623,0.0005521487395321685,3
val,paired FM [mid32],0.4,rg_w1,0.010234632515247226,8.33301528816617e-05,,3
val,paired FM [mid32],0.4,rg_pair_bias,-0.004219627737102932,0.00023044069213887328,0.0005370547948897657,3
val,paired FM [mid32],0.4,rg_pair_rmse,0.06346617875456108,0.00043216781129791493,0.00038059909765680833,3
val,paired FM [mid32],0.4,rg_truth_sd,0.07418834637915711,1.5580020308658682e-05,,3
val,paired FM [mid32],0.4,rg_pair_undefined,0.004724628168681207,0.0001789805269186706,,3
val,paired FM [mid32],0.4,girth_mean_truth,0.1438926693175284,0.0,0.00031543679697609167,3
val,paired FM [mid32],0.4,girth_truth_all_sd,0.03729898408401423,0.0,,3
val,paired FM [mid32],0.4,girth_mean_reco,0.15218692769629558,1.5072091228710005e-05,0.00028182835414454233,3
val,paired FM [mid32],0.4,girth_w1,0.008300556040549389,1.3033926489291504e-05,,3
val,paired FM [mid32],0.4,girth_pair_bias,0.008367797036851596,2.0662263852023847e-05,0.00015647927963464544,3
val,paired FM [mid32],0.4,girth_pair_rmse,0.02029952990572037,4.4434466163497874e-05,0.00012144596607089655,3
val,paired FM [mid32],0.4,girth_truth_sd,0.037226561631236964,9.854225072953443e-06,,3
val,paired FM [mid32],0.4,girth_pair_undefined,0.0,0.0,,3
val,paired FM [mid32],0.4,mass_mean_truth,4.257431070304588,0.0,0.007917988058547133,3
val,paired FM [mid32],0.4,mass_truth_all_sd,0.9362665148909336,0.0,,3
val,paired FM [mid32],0.4,mass_mean_reco,3.4118217420124517,0.007325947843472624,0.005315780769089825,3
val,paired FM [mid32],0.4,mass_w1,0.8456573845707597,0.007330325383014258,,3
val,paired FM [mid32],0.4,mass_pair_bias,-0.8448304494294185,0.007341233007708781,0.008067777974316626,3
val,paired FM [mid32],0.4,mass_pair_rmse,1.2739742670790426,0.00567185214521615,0.007621804563853442,3
val,paired FM [mid32],0.4,mass_truth_sd,0.9361939443204416,6.318441177571854e-05,,3
val,paired FM [mid32],0.4,mass_pair_undefined,0.0,0.0,,3
val,paired FM [mid32],0.4,zlead_mean_truth,0.27740267927557066,0.0,0.000993361862433755,3
val,paired FM [mid32],0.4,zlead_truth_all_sd,0.11746057737008929,0.0,,3
val,paired FM [mid32],0.4,zlead_mean_reco,0.2594083184733204,0.00012885839693588252,0.0009651513608068948,3
val,paired FM [mid32],0.4,zlead_w1,0.017994360802250312,0.00012885839693589293,,3
val,paired FM [mid32],0.4,zlead_pair_bias,-0.018085126696001833,0.0001325541972152216,0.00030446938240114284,3
val,paired FM [mid32],0.4,zlead_pair_rmse,0.040275061445915354,0.00011383504877680514,0.0002409535393666536,3
val,paired FM [mid32],0.4,zlead_truth_sd,0.11745530319808495,7.41524655310799e-07,,3
val,paired FM [mid32],0.4,zlead_pair_undefined,0.0,0.0,,3
val,paired FM [mid32],0.4,xi_mean_truth,5.277875749137128,0.0,0.002813431504379299,3
val,paired FM [mid32],0.4,xi_truth_all_sd,2.050399078183814,0.0,,3
val,paired FM [mid32],0.4,xi_mean_reco,5.047755013067655,0.001276808172973709,0.0014785293369481449,3
val,paired FM [mid32],0.4,xi_w1,0.6903502683781905,0.001435991376424528,,3
val,paired FM [mid32],0.4,ptd_mean_truth,0.37313176550987476,0.0,0.0007695188648364086,3
val,paired FM [mid32],0.4,ptd_truth_all_sd,0.09099214856045275,0.0,,3
val,paired FM [mid32],0.4,ptd_mean_reco,0.33748102426695953,8.66844309880821e-05,0.0007597829793995186,3
val,paired FM [mid32],0.4,ptd_w1,0.035650741242915236,8.668443098809597e-05,,3
val,paired FM [mid32],0.4,ptd_pair_bias,-0.03573335178442754,9.665693504100001e-05,0.0002762992492226744,3
val,paired FM [mid32],0.4,ptd_pair_rmse,0.04840795761695238,2.1979522887412284e-05,0.0002896102393992921,3
val,paired FM [mid32],0.4,ptd_truth_sd,0.09098132531716335,1.0601668841009326e-06,,3
val,paired FM [mid32],0.4,ptd_pair_undefined,0.0,0.0,,3
val,paired FM [mid32],0.4,zg_w1_floor,0.0007714136295143183,0.0,,3
val,paired FM [mid32],0.4,rg_w1_floor,0.00235826208327121,0.0,,3
val,paired FM [mid32],0.4,girth_w1_floor,0.001268685575778252,0.0,,3
val,paired FM [mid32],0.4,mass_w1_floor,0.028382738884839175,0.0,,3
val,paired FM [mid32],0.4,zlead_w1_floor,0.0025506128405569043,0.0,,3
val,paired FM [mid32],0.4,xi_w1_floor,0.006663111531351521,0.0,,3
val,paired FM [mid32],0.4,ptd_w1_floor,0.002062756778244051,0.0,,3
val,paired FM [mid32],0.5,scale_14_20,0.7721425680237836,0.0021714387220653775,0.003863557598611791,3
val,paired FM [mid32],0.5,resolution_14_20,0.20484136611408935,0.0007053527762614364,0.002732433847143424,3
val,paired FM [mid32],0.5,bias_gev_14_20,-3.9650336867084,0.036980145437656375,0.06613970583671874,3
val,paired FM [mid32],0.5,rmse_gev_14_20,5.293291003191768,0.02118262803226978,0.07059603182438283,3
val,paired FM [mid32],0.5,eff_14_20,0.941708542713568,0.00167504187604689,0.0042879580482767425,3
val,paired FM [mid32],0.5,fake_14_20,0.004855495472048439,0.0001930750418329256,0.0007891049436233405,3
val,paired FM [mid32],0.5,scale_20_30,0.7735045554675225,0.0015644224991942512,0.0011249076932502284,3
val,paired FM [mid32],0.5,resolution_20_30,0.12948985368929963,0.0003209371146579848,0.0007954598745179364,3
val,paired FM [mid32],0.5,bias_gev_20_30,-5.8416820500442705,0.039525986601652185,0.02905770120069026,3
val,paired FM [mid32],0.5,rmse_gev_20_30,6.731533887866409,0.038678263954389,0.04135044908709075,3
val,paired FM [mid32],0.5,eff_20_30,0.9983173861724302,0.00015068183530475565,0.00035548326701995825,3
val,paired FM [mid32],0.5,fake_20_30,4.185501423070484e-05,6.278252134605726e-05,2.9594106221592765e-05,3
val,paired FM [mid32],0.5,scale_30_50,0.7676173593106065,0.0012696630338298043,0.0008513421363833648,3
val,paired FM [mid32],0.5,resolution_30_50,0.09720972366265512,0.0008048411483250056,0.0006020128850366555,3
val,paired FM [mid32],0.5,bias_gev_30_50,-8.219575297238588,0.044327397032856375,0.030990839500011445,3
val,paired FM [mid32],0.5,rmse_gev_30_50,8.948962599054228,0.04468465746557637,0.05541817117386219,3
val,paired FM [mid32],0.5,eff_30_50,0.9998466257668711,7.668711656444449e-05,0.00010597950713435018,3
val,paired FM [mid32],0.5,fake_30_50,0.0,0.0,0.0,3
val,paired FM [mid32],0.5,deta_rms_20_50,0.03926016534656002,6.781631123315215e-05,0.00017121935226454014,3
val,paired FM [mid32],0.5,calib_a,0.3294656376142279,0.1206919586605895,,3
val,paired FM [mid32],0.5,calib_b,0.7594153868431032,0.0045841159237144935,,3
val,paired FM [mid32],0.5,scale_cal_20_30,0.9997068108035077,0.0007506954772531493,0.0021047517437292104,3
val,paired FM [mid32],0.5,resolution_cal_20_30,0.17154271026150802,0.0007995025898717006,0.0014883962678841256,3
val,paired FM [mid32],0.5,bias_cal_gev_20_30,-0.013897912820708255,0.01944733028407977,0.05306382098918275,3
val,paired FM [mid32],0.5,scale_cal_30_50,0.9974854637513285,0.0003621749284422049,0.0015593586439953918,3
val,paired FM [mid32],0.5,resolution_cal_30_50,0.12660932294299374,0.0009278143509212355,0.0011027167109047737,3
val,paired FM [mid32],0.5,bias_cal_gev_30_50,-0.08774377811176186,0.011114386482333503,0.05468639245234366,3
val,joint FM: M - B [mid32],0.2,scale_14_20,0.9960110189680659,0.01437840419203601,0.0018568175695135934,3
val,joint FM: M - B [mid32],0.2,resolution_14_20,0.16412293727459545,0.0039377349180854115,0.0013130523309232368,3
val,joint FM: M - B [mid32],0.2,bias_gev_14_20,-0.06529585025680334,0.24140433053787588,0.031035110100414407,3
val,joint FM: M - B [mid32],0.2,rmse_gev_14_20,2.752502264707619,0.056386014494884895,0.022019761898670887,3
val,joint FM: M - B [mid32],0.2,eff_14_20,0.9924627371273713,0.0001905487804877981,0.0009747587257004217,3
val,joint FM: M - B [mid32],0.2,fake_14_20,0.007771039428640755,0.0011252648719357536,0.0009840084516924016,3
val,joint FM: M - B [mid32],0.2,scale_20_30,0.9841868139594437,0.009311551459852463,0.0009896900588068195,3
val,joint FM: M - B [mid32],0.2,resolution_20_30,0.10430959089582274,0.003220722404481062,0.0006998480535176614,3
val,joint FM: M - B [mid32],0.2,bias_gev_20_30,-0.39895272770332885,0.22573847806124614,0.02363174147109259,3
val,joint FM: M - B [mid32],0.2,rmse_gev_20_30,2.5295222966587874,0.06250866007062572,0.016970663046127567,3
val,joint FM: M - B [mid32],0.2,eff_20_30,0.9998499849984999,0.00013501350135014523,9.438653484040065e-05,3
val,joint FM: M - B [mid32],0.2,fake_20_30,0.0004994494775935001,0.0002568499533425469,0.00020305654582497982,3
val,joint FM: M - B [mid32],0.2,scale_30_50,0.9773413123600533,0.006529173520816223,0.0011736283205982748,3
val,joint FM: M - B [mid32],0.2,resolution_30_50,0.07161056478042292,0.0016486117336847253,0.0008299920197472112,3
val,joint FM: M - B [mid32],0.2,bias_gev_30_50,-0.7939901638762992,0.22681854730190254,0.04006061726428137,3
val,joint FM: M - B [mid32],0.2,rmse_gev_30_50,2.5777059806591542,0.03512486863297415,0.029872520183113354,3
val,joint FM: M - B [mid32],0.2,eff_30_50,1.0,0.0,0.0,3
val,joint FM: M - B [mid32],0.2,fake_30_50,0.0,0.0,0.0,3
val,joint FM: M - B [mid32],0.2,deta_rms_20_50,0.011408188454344138,9.17593731003313e-05,6.62386835876745e-05,3
val,joint FM: M - B [mid32],0.2,calib_a,0.6603866592311486,0.5658822744018738,,3
val,joint FM: M - B [mid32],0.2,calib_b,0.9572685175766894,0.01763898506060363,,3
val,joint FM: M - B [mid32],0.2,scale_cal_20_30,0.9993236437044288,0.0005596154431369293,0.00146798967423804,3
val,joint FM: M - B [mid32],0.2,resolution_cal_20_30,0.10951721767799898,0.003277616739615463,0.0010381187181610844,3
val,joint FM: M - B [mid32],0.2,bias_cal_gev_20_30,-0.018531947670208045,0.010858750569287697,0.03500419250840992,3
val,joint FM: M - B [mid32],0.2,scale_cal_30_50,1.000508895820766,0.0006072498168356866,0.0017156699953943257,3
val,joint FM: M - B [mid32],0.2,resolution_cal_30_50,0.07431049823604187,0.0013919411662278794,0.00121348535473528,3
val,joint FM: M - B [mid32],0.2,bias_cal_gev_30_50,0.014210610096776941,0.022222659875857018,0.05821975502587485,3
val,joint FM: M - B [mid32],0.4,scale_14_20,0.8609429391200405,0.022374517370426616,0.004104303819991744,3
val,joint FM: M - B [mid32],0.4,resolution_14_20,0.23620797011255865,0.010058494330631634,0.0029026192870461195,3
val,joint FM: M - B [mid32],0.4,bias_gev_14_20,-2.4296321800009495,0.3902111285435472,0.07082102682305373,3
val,joint FM: M - B [mid32],0.4,rmse_gev_14_20,4.758207709944652,0.058391642564010304,0.05846907946835444,3
val,joint FM: M - B [mid32],0.4,eff_14_20,0.8508907159986298,0.006294964028776995,0.005708242050541022,3
val,joint FM: M - B [mid32],0.4,fake_14_20,0.023749718345369788,0.00577762195813325,0.0020525015533005425,3
val,joint FM: M - B [mid32],0.4,scale_20_30,0.8768270755405637,0.02287210021703384,0.0012524584423875488,3
val,joint FM: M - B [mid32],0.4,resolution_20_30,0.14767350991203604,0.0018916619067089746,0.0008856537117125854,3
val,joint FM: M - B [mid32],0.4,bias_gev_20_30,-3.1328380651429875,0.5729015089419833,0.03119458247617062,3
val,joint FM: M - B [mid32],0.4,rmse_gev_20_30,4.845740857681794,0.3481756778993277,0.029060835022882217,3
val,joint FM: M - B [mid32],0.4,eff_20_30,0.9942783578887141,0.0003218423687598171,0.0006376881657728497,3
val,joint FM: M - B [mid32],0.4,fake_20_30,0.0005582299648036857,0.00012147872472926437,0.00019263411388749732,3
val,joint FM: M - B [mid32],0.4,scale_30_50,0.8798921999522166,0.012515370243672441,0.0010145900971339557,3
val,joint FM: M - B [mid32],0.4,resolution_30_50,0.10483066797776454,0.003985004852889815,0.0007174571410107087,3
val,joint FM: M - B [mid32],0.4,bias_gev_30_50,-4.199718368554446,0.42537159180270456,0.03538272518079471,3
val,joint FM: M - B [mid32],0.4,rmse_gev_30_50,5.571809254312465,0.3711733753376776,0.03813148336215707,3
val,joint FM: M - B [mid32],0.4,eff_30_50,0.999875120976554,4.68296337922669e-05,0.00010658385440675237,3
val,joint FM: M - B [mid32],0.4,fake_30_50,0.0,0.0,0.0,3
val,joint FM: M - B [mid32],0.4,deta_rms_20_50,0.031230110377046084,0.0002182036056501864,0.0001408601859661918,3
val,joint FM: M - B [mid32],0.4,calib_a,-0.5618515334589533,0.6760535193381734,,3
val,joint FM: M - B [mid32],0.4,calib_b,0.8977193710683969,0.012266583358134242,,3
val,joint FM: M - B [mid32],0.4,scale_cal_20_30,1.0017285986604965,0.0029376109035352815,0.0019766995713443643,3
val,joint FM: M - B [mid32],0.4,resolution_cal_20_30,0.16491343439899303,0.002884978076669195,0.0013978380893227003,3
val,joint FM: M - B [mid32],0.4,bias_cal_gev_20_30,0.04136823446842256,0.07283229433876179,0.048970320045735094,3
val,joint FM: M - B [mid32],0.4,scale_cal_30_50,0.9974883118463344,0.000629440174461815,0.001577612396224326,3
val,joint FM: M - B [mid32],0.4,resolution_cal_30_50,0.11619490864340627,0.0025320552718180248,0.001115643258652759,3
val,joint FM: M - B [mid32],0.4,bias_cal_gev_30_50,-0.07664905994316047,0.025686493742104893,0.054682647705318506,3
val,joint FM: M - B [mid32],0.4,sub_truth_jets,13982.0,0.0,,3
val,joint FM: M - B [mid32],0.4,sub_matched,13902.0,4.5,,3
val,joint FM: M - B [mid32],0.4,zg_mean_truth,0.2468019464600556,0.0,0.0009747757447164019,3
val,joint FM: M - B [mid32],0.4,zg_truth_all_sd,0.11513913115315934,0.0,,3
val,joint FM: M - B [mid32],0.4,zg_mean_reco,0.25492365586947374,0.0031980518356006238,0.0010073572682294722,3
val,joint FM: M - B [mid32],0.4,zg_w1,0.008292482013157937,0.0029834630096675554,,3
val,joint FM: M - B [mid32],0.4,zg_pair_bias,0.007974469191224232,0.003134047309174162,0.0012002317633093137,3
val,joint FM: M - B [mid32],0.4,zg_pair_rmse,0.14103379893560136,0.001542799201328507,0.0008502029155112153,3
val,joint FM: M - B [mid32],0.4,zg_truth_sd,0.11496777367817607,1.245875947752939e-05,,3
val,joint FM: M - B [mid32],0.4,zg_pair_undefined,0.010310507577325026,0.0011182485243157458,,3
val,joint FM: M - B [mid32],0.4,rg_mean_truth,0.25681209316520703,0.0,0.0006292934832735559,3
val,joint FM: M - B [mid32],0.4,rg_truth_all_sd,0.074331255467936,0.0,,3
val,joint FM: M - B [mid32],0.4,rg_mean_reco,0.20134595370574956,0.0035129817727617973,0.0005759553026369232,3
val,joint FM: M - B [mid32],0.4,rg_w1,0.05547483650275578,0.0035141503830569687,,3
val,joint FM: M - B [mid32],0.4,rg_pair_bias,-0.0552715733127594,0.003484271136956381,0.0006004747024666008,3
val,joint FM: M - B [mid32],0.4,rg_pair_rmse,0.08955363846922533,0.002653263118418882,0.0005398651388292323,3
val,joint FM: M - B [mid32],0.4,rg_truth_sd,0.07405727781464772,1.390117424866083e-05,,3
val,joint FM: M - B [mid32],0.4,rg_pair_undefined,0.010310507577325026,0.0011182485243157458,,3
val,joint FM: M - B [mid32],0.4,girth_mean_truth,0.1438926693175284,0.0,0.00031543679697609167,3
val,joint FM: M - B [mid32],0.4,girth_truth_all_sd,0.03729898408401423,0.0,,3
val,joint FM: M - B [mid32],0.4,girth_mean_reco,0.11657102296236178,0.0025645218360976427,0.0002721268979114833,3
val,joint FM: M - B [mid32],0.4,girth_w1,0.027322917856426293,0.002565236095992643,,3
val,joint FM: M - B [mid32],0.4,girth_pair_bias,-0.02695084928475669,0.002554665064610757,0.00019265853535055096,3
val,joint FM: M - B [mid32],0.4,girth_pair_rmse,0.03526640957046619,0.0021565469415001683,0.0002114997973915113,3
val,joint FM: M - B [mid32],0.4,girth_truth_sd,0.03701396310428931,6.617050417531689e-06,,3
val,joint FM: M - B [mid32],0.4,girth_pair_undefined,0.0,0.0,,3
val,joint FM: M - B [mid32],0.4,mass_mean_truth,4.257431070304588,0.0,0.007917988058547133,3
val,joint FM: M - B [mid32],0.4,mass_truth_all_sd,0.9362665148909336,0.0,,3
val,joint FM: M - B [mid32],0.4,mass_mean_reco,3.080352974871118,0.14884271549864825,0.00650140732066786,3
val,joint FM: M - B [mid32],0.4,mass_w1,1.1771591584035728,0.14873462236959512,,3
val,joint FM: M - B [mid32],0.4,mass_pair_bias,-1.1728064492950914,0.14862174985988907,0.008286824317987803,3
val,joint FM: M - B [mid32],0.4,mass_pair_rmse,1.5285712972390968,0.11183563957520792,0.009167147522461248,3
val,joint FM: M - B [mid32],0.4,mass_truth_sd,0.9353612168439375,0.00021712300783099936,,3
val,joint FM: M - B [mid32],0.4,mass_pair_undefined,0.0,0.0,,3
val,joint FM: M - B [mid32],0.4,zlead_mean_truth,0.27740267927557066,0.0,0.000993361862433755,3
val,joint FM: M - B [mid32],0.4,zlead_truth_all_sd,0.11746057737008929,0.0,,3
val,joint FM: M - B [mid32],0.4,zlead_mean_reco,0.3365777562922394,0.005847473159863614,0.0010864835988780308,3
val,joint FM: M - B [mid32],0.4,zlead_w1,0.059189696410211455,0.005840623080086722,,3
val,joint FM: M - B [mid32],0.4,zlead_pair_bias,0.05864281083260747,0.005848644941775356,0.0004495403398067476,3
val,joint FM: M - B [mid32],0.4,zlead_pair_rmse,0.07907393432381567,0.005645816269975366,0.00047422273856851586,3
val,joint FM: M - B [mid32],0.4,zlead_truth_sd,0.11746415180054015,1.8735223788701738e-05,,3
val,joint FM: M - B [mid32],0.4,zlead_pair_undefined,0.0,0.0,,3
val,joint FM: M - B [mid32],0.4,xi_mean_truth,5.277875749137128,0.0,0.002813431504379299,3
val,joint FM: M - B [mid32],0.4,xi_truth_all_sd,2.050399078183814,0.0,,3
val,joint FM: M - B [mid32],0.4,xi_mean_reco,6.065617577926147,0.10640989695440606,0.002679172844711036,3
val,joint FM: M - B [mid32],0.4,xi_w1,0.7901645296301307,0.10710419001947602,,3
val,joint FM: M - B [mid32],0.4,ptd_mean_truth,0.37313176550987476,0.0,0.0007695188648364086,3
val,joint FM: M - B [mid32],0.4,ptd_truth_all_sd,0.09099214856045275,0.0,,3
val,joint FM: M - B [mid32],0.4,ptd_mean_reco,0.42300729619451527,0.005178702607703478,0.0008414830556846042,3
val,joint FM: M - B [mid32],0.4,ptd_w1,0.04989305657156595,0.005172910787477135,,3
val,joint FM: M - B [mid32],0.4,ptd_pair_bias,0.04938348670546144,0.0051825155895471806,0.00038842912338606924,3
val,joint FM: M - B [mid32],0.4,ptd_pair_rmse,0.06738354698506928,0.004838879270927982,0.00040411336850060915,3
val,joint FM: M - B [mid32],0.4,ptd_truth_sd,0.09093953781721764,2.117507518697298e-05,,3
val,joint FM: M - B [mid32],0.4,ptd_pair_undefined,0.0,0.0,,3
val,joint FM: M - B [mid32],0.4,zg_w1_floor,0.0007714136295143183,0.0,,3
val,joint FM: M - B [mid32],0.4,rg_w1_floor,0.00235826208327121,0.0,,3
val,joint FM: M - B [mid32],0.4,girth_w1_floor,0.001268685575778252,0.0,,3
val,joint FM: M - B [mid32],0.4,mass_w1_floor,0.028382738884839175,0.0,,3
val,joint FM: M - B [mid32],0.4,zlead_w1_floor,0.0025506128405569043,0.0,,3
val,joint FM: M - B [mid32],0.4,xi_w1_floor,0.006663111531351521,0.0,,3
val,joint FM: M - B [mid32],0.4,ptd_w1_floor,0.002062756778244051,0.0,,3
val,joint FM: M - B [mid32],0.5,scale_14_20,0.824035762605155,0.022041537395940947,0.005209367843712544,3
val,joint FM: M - B [mid32],0.5,resolution_14_20,0.24997700694965796,0.012615158112814315,0.0036843794674542695,3
val,joint FM: M - B [mid32],0.5,bias_gev_14_20,-3.1171759268062544,0.38362342452013865,0.09071655258459173,3
val,joint FM: M - B [mid32],0.5,rmse_gev_14_20,5.366008308650151,0.09597805351665167,0.07907692197451703,3
val,joint FM: M - B [mid32],0.5,eff_14_20,0.7714126186487995,0.006030150753768837,0.007685156409857768,3
val,joint FM: M - B [mid32],0.5,fake_14_20,0.023272412198052973,0.004731944490997781,0.0020909402559778772,3
val,joint FM: M - B [mid32],0.5,scale_20_30,0.8362238264331715,0.022977312988988585,0.0014233454038824693,3
val,joint FM: M - B [mid32],0.5,resolution_20_30,0.16274467613157212,0.0029878869378483774,0.0010064956814651615,3
val,joint FM: M - B [mid32],0.5,bias_gev_20_30,-4.213133853635019,0.5872400253157435,0.03594174618304131,3
val,joint FM: M - B [mid32],0.5,rmse_gev_20_30,5.897438378533003,0.3795768204741603,0.03647276847474232,3
val,joint FM: M - B [mid32],0.5,eff_20_30,0.9849569301087421,0.0012807956000903675,0.0010558355608390833,3
val,joint FM: M - B [mid32],0.5,fake_20_30,0.0008060811081213177,0.000254491672536482,0.00022756139855325177,3
val,joint FM: M - B [mid32],0.5,scale_30_50,0.8463254297845344,0.01411620899198579,0.0010170461654485153,3
val,joint FM: M - B [mid32],0.5,resolution_30_50,0.11612465079711881,0.004342985595794956,0.0007191878241085242,3
val,joint FM: M - B [mid32],0.5,bias_gev_30_50,-5.417665140801714,0.4843074298011407,0.03581149487691575,3
val,joint FM: M - B [mid32],0.5,rmse_gev_30_50,6.7900334002425415,0.44585921373697035,0.042050660809912405,3
val,joint FM: M - B [mid32],0.5,eff_30_50,0.9997443762781186,7.668711656438898e-05,0.00013838168615202542,3
val,joint FM: M - B [mid32],0.5,fake_30_50,0.0,0.0,0.0,3
val,joint FM: M - B [mid32],0.5,deta_rms_20_50,0.04107682680359014,0.00029229817340191075,0.00017975425089858475,3
val,joint FM: M - B [mid32],0.5,calib_a,-1.0294314696694709,0.6554076806700359,,3
val,joint FM: M - B [mid32],0.5,calib_b,0.8765793309444967,0.009137900367982343,,3
val,joint FM: M - B [mid32],0.5,scale_cal_20_30,0.9995648823544205,0.0024366857249193408,0.002302712378491823,3
val,joint FM: M - B [mid32],0.5,resolution_cal_20_30,0.18638906787097667,0.004148370414147076,0.0016283878128372103,3
val,joint FM: M - B [mid32],0.5,bias_cal_gev_20_30,-0.014070357657230068,0.0661295508803263,0.057980390867909994,3
val,joint FM: M - B [mid32],0.5,scale_cal_30_50,0.9987033177698722,0.0003714118314535608,0.0016121324844364856,3
val,joint FM: M - B [mid32],0.5,resolution_cal_30_50,0.1308811156979723,0.003611603631540533,0.0011400362992768592,3
val,joint FM: M - B [mid32],0.5,bias_cal_gev_30_50,-0.04502469690236129,0.01921975544952861,0.0565065181488183,3
val,joint FM: direct S [mid32],0.2,scale_14_20,1.0044830574548131,0.02419616877909342,0.002029646883929429,3
val,joint FM: direct S [mid32],0.2,resolution_14_20,0.17935314962942497,0.0011475014432739683,0.0014352689802587327,3
val,joint FM: direct S [mid32],0.2,bias_gev_14_20,0.09124547826122602,0.40745913139284384,0.034070047432286206,3
val,joint FM: direct S [mid32],0.2,rmse_gev_14_20,3.031555866789333,0.04210472336538773,0.02425840210072844,3
val,joint FM: direct S [mid32],0.2,eff_14_20,0.9919546070460704,0.00012703252032519874,0.0010068498172293423,3
val,joint FM: direct S [mid32],0.2,fake_14_20,0.008073612075385405,0.0012917902338059895,0.0010503891286131977,3
val,joint FM: direct S [mid32],0.2,scale_20_30,1.0211305385362635,0.013536159476842391,0.0011693075403992632,3
val,joint FM: direct S [mid32],0.2,resolution_20_30,0.12324049828947538,0.002296199373237995,0.0008268625100226129,3
val,joint FM: direct S [mid32],0.2,bias_gev_20_30,0.5311150310657035,0.3236533940600321,0.028145249246635227,3
val,joint FM: direct S [mid32],0.2,rmse_gev_20_30,3.0276987749494815,0.038078652845467076,0.020312953433837752,3
val,joint FM: direct S [mid32],0.2,eff_20_30,0.9998499849984999,0.00013501350135014523,9.438653484040065e-05,3
val,joint FM: direct S [mid32],0.2,fake_20_30,0.0005892007452796838,0.00021835688893423005,0.0002317127133337985,3
val,joint FM: direct S [mid32],0.2,scale_30_50,1.038675158786219,0.00851121486543771,0.0015898515473424391,3
val,joint FM: direct S [mid32],0.2,resolution_30_50,0.09700700402678124,0.0021450895391587343,0.001124345820322666,3
val,joint FM: direct S [mid32],0.2,bias_gev_30_50,1.3452375170094584,0.2919961464028762,0.05483552319244761,3
val,joint FM: direct S [mid32],0.2,rmse_gev_30_50,3.614476643554363,0.06704372187751528,0.04188744848951284,3
val,joint FM: direct S [mid32],0.2,eff_30_50,1.0,0.0,0.0,3
val,joint FM: direct S [mid32],0.2,fake_30_50,0.0,0.0,0.0,3
val,joint FM: direct S [mid32],0.2,deta_rms_20_50,0.01181254805803697,0.00015026400540522032,6.858650444679667e-05,3
val,joint FM: direct S [mid32],0.2,calib_a,-1.198262836297684,0.6594580417347431,,3
val,joint FM: direct S [mid32],0.2,calib_b,1.0733015542681368,0.013371118021695216,,3
val,joint FM: direct S [mid32],0.2,scale_cal_20_30,0.9972164123046988,0.0012916306046890091,0.0015445649594350548,3
val,joint FM: direct S [mid32],0.2,resolution_cal_20_30,0.11523000213085915,0.0027883731560808464,0.001092270486605178,3
val,joint FM: direct S [mid32],0.2,bias_cal_gev_20_30,-0.06929208153806389,0.03091115578890763,0.037133272026320475,3
val,joint FM: direct S [mid32],0.2,scale_cal_30_50,0.9986491600572992,0.0008193020716036337,0.002065484728502026,3
val,joint FM: direct S [mid32],0.2,resolution_cal_30_50,0.08946195928468405,0.002843294367719608,0.001460907677580799,3
val,joint FM: direct S [mid32],0.2,bias_cal_gev_30_50,-0.04731621783433063,0.0272728750888458,0.07098172587851959,3
val,joint FM: direct S [mid32],0.4,scale_14_20,0.8465832274069601,0.021844914978728425,0.004187841670153291,3
val,joint FM: direct S [mid32],0.4,resolution_14_20,0.24026116694347496,0.010476013974792267,0.002961701201208151,3
val,joint FM: direct S [mid32],0.4,bias_gev_14_20,-2.6754507284042437,0.38403406932381534,0.07250896909531448,3
val,joint FM: direct S [mid32],0.4,rmse_gev_14_20,4.958978127521944,0.0766943653726968,0.06112381081998874,3
val,joint FM: direct S [mid32],0.4,eff_14_20,0.8456663240835903,0.006038026721479961,0.00578952976577641,3
val,joint FM: direct S [mid32],0.4,fake_14_20,0.020286800293454147,0.004324521258593604,0.0019168798307702536,3
val,joint FM: direct S [mid32],0.4,scale_20_30,0.8844362047473288,0.02152232762490114,0.0013835231149810466,3
val,joint FM: direct S [mid32],0.4,resolution_20_30,0.1631129565329071,0.00148969489298445,0.0009783337698961656,3
val,joint FM: direct S [mid32],0.4,bias_gev_20_30,-2.9154412440676194,0.5387113492411408,0.03452787342535089,3
val,joint FM: direct S [mid32],0.4,rmse_gev_20_30,5.019319892505981,0.3477739709550658,0.030104245876655288,3
val,joint FM: direct S [mid32],0.4,eff_20_30,0.9941114766604683,0.0002145615791732114,0.0006469718112994031,3
val,joint FM: direct S [mid32],0.4,fake_20_30,0.000513356162919888,0.0001375664181604797,0.00019300196467830145,3
val,joint FM: direct S [mid32],0.4,scale_30_50,0.9127111867860839,0.011339352421738502,0.0012325256774018852,3
val,joint FM: direct S [mid32],0.4,resolution_30_50,0.1273464996386321,0.004705787910836388,0.0008715680869610092,3
val,joint FM: direct S [mid32],0.4,bias_gev_30_50,-3.012524231705596,0.3842436202207451,0.04294543666814405,3
val,joint FM: direct S [mid32],0.4,rmse_gev_30_50,5.366635026391273,0.34603389018351294,0.036727880591825794,3
val,joint FM: direct S [mid32],0.4,eff_30_50,0.9998439012206924,4.68296337922669e-05,0.0001195128273608792,3
val,joint FM: direct S [mid32],0.4,fake_30_50,0.0,0.0,0.0,3
val,joint FM: direct S [mid32],0.4,deta_rms_20_50,0.031474605400790064,0.00024083312015989872,0.000141970651205574,3
val,joint FM: direct S [mid32],0.4,calib_a,-2.648069814005513,0.7674891669600559,,3
val,joint FM: direct S [mid32],0.4,calib_b,0.991187444632876,0.01581417977299443,,3
val,joint FM: direct S [mid32],0.4,scale_cal_20_30,0.9983343749849652,0.002189535338126769,0.0019687343328449384,3
val,joint FM: direct S [mid32],0.4,resolution_cal_20_30,0.16423312083918293,0.0012308493439728563,0.0013922054297394067,3
val,joint FM: direct S [mid32],0.4,bias_cal_gev_20_30,-0.04610669030771727,0.05413728485959552,0.049151462860099214,3
val,joint FM: direct S [mid32],0.4,scale_cal_30_50,0.9965160712710502,0.0011878009799295985,0.0017251109491325106,3
val,joint FM: direct S [mid32],0.4,resolution_cal_30_50,0.1270585618679472,0.003546630419150175,0.0012199501001258918,3
val,joint FM: direct S [mid32],0.4,bias_cal_gev_30_50,-0.10606885217126645,0.046397389642270734,0.060279077057484205,3
val,joint FM: direct S [mid32],0.4,sub_truth_jets,13982.0,0.0,,3
val,joint FM: direct S [mid32],0.4,sub_matched,13899.666666666666,3.0,,3
val,joint FM: direct S [mid32],0.4,zg_mean_truth,0.2468019464600556,0.0,0.0009747757447164019,3
val,joint FM: direct S [mid32],0.4,zg_truth_all_sd,0.11513913115315934,0.0,,3
val,joint FM: direct S [mid32],0.4,zg_mean_reco,0.25179269097791346,0.003446036763730509,0.001002350272690981,3
val,joint FM: direct S [mid32],0.4,zg_w1,0.005376309588914517,0.0030687772049717036,,3
val,joint FM: direct S [mid32],0.4,zg_pair_bias,0.0044769413319400535,0.0033709717453425402,0.0012019762788510141,3
val,joint FM: direct S [mid32],0.4,zg_pair_rmse,0.1407767206187068,0.0012318383951738648,0.0008505191249476452,3
val,joint FM: direct S [mid32],0.4,zg_truth_sd,0.11502522430946406,9.138075156872594e-06,,3
val,joint FM: direct S [mid32],0.4,zg_pair_undefined,0.014484937416672672,0.0012261425963215333,,3
val,joint FM: direct S [mid32],0.4,rg_mean_truth,0.25681209316520703,0.0,0.0006292934832735559,3
val,joint FM: direct S [mid32],0.4,rg_truth_all_sd,0.074331255467936,0.0,,3
val,joint FM: direct S [mid32],0.4,rg_mean_reco,0.19947557163355692,0.0038165322285657333,0.0005841807060892416,3
val,joint FM: direct S [mid32],0.4,rg_w1,0.05734386838168357,0.0038181807594083322,,3
val,joint FM: direct S [mid32],0.4,rg_pair_bias,-0.05729567195964336,0.003810435069530285,0.0006062202668035186,3
val,joint FM: direct S [mid32],0.4,rg_pair_rmse,0.09122106291286024,0.003010658554588555,0.0005511274006915042,3
val,joint FM: direct S [mid32],0.4,rg_truth_sd,0.07398344834082428,6.424823777781419e-05,,3
val,joint FM: direct S [mid32],0.4,rg_pair_undefined,0.014484937416672672,0.0012261425963215333,,3
val,joint FM: direct S [mid32],0.4,girth_mean_truth,0.1438926693175284,0.0,0.00031543679697609167,3
val,joint FM: direct S [mid32],0.4,girth_truth_all_sd,0.03729898408401423,0.0,,3
val,joint FM: direct S [mid32],0.4,girth_mean_reco,0.1143664709625812,0.0024510108592914817,0.0002816903229160161,3
val,joint FM: direct S [mid32],0.4,girth_w1,0.029527137966134268,0.002451706105515313,,3
val,joint FM: direct S [mid32],0.4,girth_pair_bias,-0.02914391516955607,0.0024451048720419543,0.00019310900480723264,3
val,joint FM: direct S [mid32],0.4,girth_pair_rmse,0.036999951287470086,0.002052250059471985,0.00022191440825365766,3
val,joint FM: direct S [mid32],0.4,girth_truth_sd,0.03700457775654563,6.363550581825472e-06,,3
val,joint FM: direct S [mid32],0.4,girth_pair_undefined,0.0,0.0,,3
val,joint FM: direct S [mid32],0.4,mass_mean_truth,4.257431070304588,0.0,0.007917988058547133,3
val,joint FM: direct S [mid32],0.4,mass_truth_all_sd,0.9362665148909336,0.0,,3
val,joint FM: direct S [mid32],0.4,mass_mean_reco,3.0439499463811512,0.12335762377776938,0.006275848063346104,3
val,joint FM: direct S [mid32],0.4,mass_w1,1.2135240577018471,0.12330804777618731,,3
val,joint FM: direct S [mid32],0.4,mass_pair_bias,-1.2090641358922984,0.12315055051770496,0.008402145945708829,3
val,joint FM: direct S [mid32],0.4,mass_pair_rmse,1.5643512830180903,0.09680387934725887,0.009382486138974295,3
val,joint FM: direct S [mid32],0.4,mass_truth_sd,0.9353043112958455,0.0002913599717190851,,3
val,joint FM: direct S [mid32],0.4,mass_pair_undefined,0.0,0.0,,3
val,joint FM: direct S [mid32],0.4,zlead_mean_truth,0.27740267927557066,0.0,0.000993361862433755,3
val,joint FM: direct S [mid32],0.4,zlead_truth_all_sd,0.11746057737008929,0.0,,3
val,joint FM: direct S [mid32],0.4,zlead_mean_reco,0.35294574255159467,0.006044029901742992,0.001166564146150481,3
val,joint FM: direct S [mid32],0.4,zlead_w1,0.07555080783072068,0.006039731844695757,,3
val,joint FM: direct S [mid32],0.4,zlead_pair_bias,0.07499820647300183,0.006061500542647334,0.0004941784944190434,3
val,joint FM: direct S [mid32],0.4,zlead_pair_rmse,0.09498547232641923,0.006240776448279507,0.0005696940978277902,3
val,joint FM: direct S [mid32],0.4,zlead_truth_sd,0.11746340090945255,1.750320826788415e-05,,3
val,joint FM: direct S [mid32],0.4,zlead_pair_undefined,0.0,0.0,,3
val,joint FM: direct S [mid32],0.4,xi_mean_truth,5.277875749137128,0.0,0.002813431504379299,3
val,joint FM: direct S [mid32],0.4,xi_truth_all_sd,2.050399078183814,0.0,,3
val,joint FM: direct S [mid32],0.4,xi_mean_reco,6.351149737187814,0.17430850558437916,0.002975300857133528,3
val,joint FM: direct S [mid32],0.4,xi_w1,1.0765787552685813,0.17485484901028403,,3
val,joint FM: direct S [mid32],0.4,ptd_mean_truth,0.37313176550987476,0.0,0.0007695188648364086,3
val,joint FM: direct S [mid32],0.4,ptd_truth_all_sd,0.09099214856045275,0.0,,3
val,joint FM: direct S [mid32],0.4,ptd_mean_reco,0.4348205799145872,0.005145550894703088,0.0009059091563087797,3
val,joint FM: direct S [mid32],0.4,ptd_w1,0.06170055686047124,0.005143525793761219,,3
val,joint FM: direct S [mid32],0.4,ptd_pair_bias,0.06118569405026956,0.005160875984872495,0.0004205936894553742,3
val,joint FM: direct S [mid32],0.4,ptd_pair_rmse,0.07877752081980371,0.00509519287238086,0.0004724839477215953,3
val,joint FM: direct S [mid32],0.4,ptd_truth_sd,0.09093773844747853,1.8903838383675653e-05,,3
val,joint FM: direct S [mid32],0.4,ptd_pair_undefined,0.0,0.0,,3
val,joint FM: direct S [mid32],0.4,zg_w1_floor,0.0007714136295143183,0.0,,3
val,joint FM: direct S [mid32],0.4,rg_w1_floor,0.00235826208327121,0.0,,3
val,joint FM: direct S [mid32],0.4,girth_w1_floor,0.001268685575778252,0.0,,3
val,joint FM: direct S [mid32],0.4,mass_w1_floor,0.028382738884839175,0.0,,3
val,joint FM: direct S [mid32],0.4,zlead_w1_floor,0.0025506128405569043,0.0,,3
val,joint FM: direct S [mid32],0.4,xi_w1_floor,0.006663111531351521,0.0,,3
val,joint FM: direct S [mid32],0.4,ptd_w1_floor,0.002062756778244051,0.0,,3
val,joint FM: direct S [mid32],0.5,scale_14_20,0.8086423088370417,0.01967046952026441,0.005245193641993911,3
val,joint FM: direct S [mid32],0.5,resolution_14_20,0.25056635606180283,0.014236412300710544,0.003709724923098317,3
val,joint FM: direct S [mid32],0.5,bias_gev_14_20,-3.3837108204823694,0.34280336855036375,0.09170158242486103,3
val,joint FM: direct S [mid32],0.5,rmse_gev_14_20,5.546909486629839,0.08120963332800901,0.08210475758204296,3
val,joint FM: direct S [mid32],0.5,eff_14_20,0.7646007816862088,0.006532663316582921,0.00776424851586753,3
val,joint FM: direct S [mid32],0.5,fake_14_20,0.020587221683371137,0.003993453402983009,0.001978660625730412,3
val,joint FM: direct S [mid32],0.5,scale_20_30,0.8401298138081349,0.022234223420280808,0.0015477170304352527,3
val,joint FM: direct S [mid32],0.5,resolution_20_30,0.1768963003786879,0.0011929583626847512,0.0010944430982608268,3
val,joint FM: direct S [mid32],0.5,bias_gev_20_30,-4.094232774072756,0.5683565785138891,0.03915149230256668,3
val,joint FM: direct S [mid32],0.5,rmse_gev_20_30,6.075834281083147,0.37700684657295147,0.03759009567954472,3
val,joint FM: direct S [mid32],0.5,eff_20_30,0.9842035209322182,0.0011677842236118008,0.0010817649292297175,3
val,joint FM: direct S [mid32],0.5,fake_20_30,0.0007128179894227292,0.0002728459033390418,0.00022179125934206737,3
val,joint FM: direct S [mid32],0.5,scale_30_50,0.8739405473152576,0.0133017281798668,0.0012121661172923167,3
val,joint FM: direct S [mid32],0.5,resolution_30_50,0.1384012900940984,0.0051700890681956185,0.0008571637580044311,3
val,joint FM: direct S [mid32],0.5,bias_gev_30_50,-4.4067386814104,0.45709961058800475,0.04255078561417916,3
val,joint FM: direct S [mid32],0.5,rmse_gev_30_50,6.561692722904973,0.439042183803692,0.04063710426769603,3
val,joint FM: direct S [mid32],0.5,eff_30_50,0.9997188139059304,3.834355828219449e-05,0.00014650403919090092,3
val,joint FM: direct S [mid32],0.5,fake_30_50,0.0,0.0,0.0,3
val,joint FM: direct S [mid32],0.5,deta_rms_20_50,0.04125423517942208,0.0002541865527247236,0.00018056626526568903,3
val,joint FM: direct S [mid32],0.5,calib_a,-3.0916116114854435,0.7307474421468474,,3
val,joint FM: direct S [mid32],0.5,calib_b,0.9637406826691016,0.013197296351149246,,3
val,joint FM: direct S [mid32],0.5,scale_cal_20_30,0.9968531200743324,0.0020959683215850955,0.0022694694327164626,3
val,joint FM: direct S [mid32],0.5,resolution_cal_20_30,0.1836129812200956,0.0025274261883439647,0.001604879820150408,3
val,joint FM: direct S [mid32],0.5,bias_cal_gev_20_30,-0.08939443824484843,0.05632510791366489,0.0575378179045809,3
val,joint FM: direct S [mid32],0.5,scale_cal_30_50,0.9977439732290083,0.0008830631225423824,0.0017389652798092846,3
val,joint FM: direct S [mid32],0.5,resolution_cal_30_50,0.1411781109944189,0.005157122555614915,0.0012297274331778978,3
val,joint FM: direct S [mid32],0.5,bias_cal_gev_30_50,-0.07324706810471956,0.03632145465387743,0.061371606675990065,3
val,UVCGAN-S [thr0.5],0.2,scale_14_20,0.916182215681225,0.0,0.0017502729084831344,1
val,UVCGAN-S [thr0.5],0.2,resolution_14_20,0.15503506030642844,0.0,0.001237708720170398,1
val,UVCGAN-S [thr0.5],0.2,bias_gev_14_20,-1.4092999238187927,0.0,0.029323145931533984,1
val,UVCGAN-S [thr0.5],0.2,rmse_gev_14_20,2.95507782523648,0.0,0.023590099531292277,1
val,UVCGAN-S [thr0.5],0.2,eff_14_20,0.9966971544715447,0.0,0.0006466707205501692,1
val,UVCGAN-S [thr0.5],0.2,fake_14_20,0.004662004662004662,0.0,0.0007751874704986147,1
val,UVCGAN-S [thr0.5],0.2,scale_20_30,0.9437756985078688,0.0,0.0009647911682515349,1
val,UVCGAN-S [thr0.5],0.2,resolution_20_30,0.10169283357992713,0.0,0.0006822410821095768,1
val,UVCGAN-S [thr0.5],0.2,bias_gev_20_30,-1.3645627502482154,0.0,0.023008751239209334,1
val,UVCGAN-S [thr0.5],0.2,rmse_gev_20_30,2.7827494961863923,0.0,0.018668184546041897,1
val,UVCGAN-S [thr0.5],0.2,eff_20_30,1.0,0.0,0.0,1
val,UVCGAN-S [thr0.5],0.2,fake_20_30,0.00019760893192372295,0.0,0.00013971680909530897,1
val,UVCGAN-S [thr0.5],0.2,scale_30_50,0.9581966461177244,0.0,0.0010988025212808426,1
val,UVCGAN-S [thr0.5],0.2,resolution_30_50,0.06704496453439578,0.0,0.0007770750824045472,1
val,UVCGAN-S [thr0.5],0.2,bias_gev_30_50,-1.4359158363458362,0.0,0.037170424878603774,1
val,UVCGAN-S [thr0.5],0.2,rmse_gev_30_50,2.684343833633422,0.0,0.03110832497976557,1
val,UVCGAN-S [thr0.5],0.2,eff_30_50,1.0,0.0,0.0,1
val,UVCGAN-S [thr0.5],0.2,fake_30_50,0.0,0.0,0.0,1
val,UVCGAN-S [thr0.5],0.2,deta_rms_20_50,0.011681646625951383,0.0,6.782262089049881e-05,1
val,UVCGAN-S [thr0.5],0.2,calib_a,-1.3975010938092898,0.0,,1
val,UVCGAN-S [thr0.5],0.2,calib_b,0.9995828853352697,0.0,,1
val,UVCGAN-S [thr0.5],0.2,scale_cal_20_30,1.0029157212223403,0.0,0.001341255079915469,1
val,UVCGAN-S [thr0.5],0.2,resolution_cal_20_30,0.10007416854205943,0.0,0.0009484957552634757,1
val,UVCGAN-S [thr0.5],0.2,bias_cal_gev_20_30,0.06480626970022474,0.0,0.03206837143772864,1
val,UVCGAN-S [thr0.5],0.2,scale_cal_30_50,0.9987757614948217,0.0,0.001526264552575988,1
val,UVCGAN-S [thr0.5],0.2,resolution_cal_30_50,0.06610681520711888,0.0,0.0010795197718526713,1
val,UVCGAN-S [thr0.5],0.2,bias_cal_gev_30_50,-0.04840926778225424,0.0,0.0514979339542975,1
val,UVCGAN-S [thr0.5],0.4,scale_14_20,0.8200840240025191,0.0,0.0036749772460373657,1
val,UVCGAN-S [thr0.5],0.4,resolution_14_20,0.22405308855225134,0.0,0.002598950958199754,1
val,UVCGAN-S [thr0.5],0.4,bias_gev_14_20,-3.0941257291074256,0.0,0.06260176992585445,1
val,UVCGAN-S [thr0.5],0.4,rmse_gev_14_20,4.91329508850543,0.0,0.05698513348309395,1
val,UVCGAN-S [thr0.5],0.4,eff_14_20,0.9550359712230215,0.0,0.0033216667368768317,1
val,UVCGAN-S [thr0.5],0.4,fake_14_20,0.010128755364806867,0.0,0.001311956484123859,1
val,UVCGAN-S [thr0.5],0.4,scale_20_30,0.8697992957507189,0.0,0.0012302354356264857,1
val,UVCGAN-S [thr0.5],0.4,resolution_20_30,0.1453865567556878,0.0,0.0008699389644313177,1
val,UVCGAN-S [thr0.5],0.4,bias_gev_20_30,-3.286138241864141,0.0,0.03048124075559316,1
val,UVCGAN-S [thr0.5],0.4,rmse_gev_20_30,4.875920371720194,0.0,0.029174645515867268,1
val,UVCGAN-S [thr0.5],0.4,eff_20_30,0.9988556715777428,0.0,0.00028591837276761915,1
val,UVCGAN-S [thr0.5],0.4,fake_20_30,0.0005679801206957757,0.0,0.00020075426094903206,1
val,UVCGAN-S [thr0.5],0.4,scale_30_50,0.8908766252289558,0.0,0.0009586803938683695,1
val,UVCGAN-S [thr0.5],0.4,resolution_30_50,0.09905539364338191,0.0,0.000677921158011664,1
val,UVCGAN-S [thr0.5],0.4,bias_gev_30_50,-3.800300660566375,0.0,0.03298472954052002,1
val,UVCGAN-S [thr0.5],0.4,rmse_gev_30_50,5.10467352434296,0.0,0.034934030178406364,1
val,UVCGAN-S [thr0.5],0.4,eff_30_50,0.9999063407324155,0.0,9.365488145262552e-05,1
val,UVCGAN-S [thr0.5],0.4,fake_30_50,0.0,0.0,0.0,1
val,UVCGAN-S [thr0.5],0.4,deta_rms_20_50,0.030978715471073594,0.0,0.0001395437633832144,1
val,UVCGAN-S [thr0.5],0.4,calib_a,-2.2331251532612213,0.0,,1
val,UVCGAN-S [thr0.5],0.4,calib_b,0.9569795332749645,0.0,,1
val,UVCGAN-S [thr0.5],0.4,scale_cal_20_30,1.0019536200493977,0.0,0.0018212624601230505,1
val,UVCGAN-S [thr0.5],0.4,resolution_cal_20_30,0.15236686530747295,0.0,0.0012879190465217019,1
val,UVCGAN-S [thr0.5],0.4,bias_cal_gev_20_30,0.0488795201896795,0.0,0.04521443334281414,1
val,UVCGAN-S [thr0.5],0.4,scale_cal_30_50,0.997291065719623,0.0,0.0014051682627872085,1
val,UVCGAN-S [thr0.5],0.4,resolution_cal_30_50,0.10349710536333123,0.0,0.0009936955963934385,1
val,UVCGAN-S [thr0.5],0.4,bias_cal_gev_30_50,-0.09120337860721732,0.0,0.04835068634941923,1
val,UVCGAN-S [thr0.5],0.4,sub_truth_jets,13982.0,0.0,,1
val,UVCGAN-S [thr0.5],0.4,sub_matched,13966.0,0.0,,1
val,UVCGAN-S [thr0.5],0.4,zg_mean_truth,0.2468019464600556,0.0,0.0009747757447164019,1
val,UVCGAN-S [thr0.5],0.4,zg_truth_all_sd,0.11513913115315934,0.0,,1
val,UVCGAN-S [thr0.5],0.4,zg_mean_reco,0.25157654172231997,0.0,0.0009790777963625099,1
val,UVCGAN-S [thr0.5],0.4,zg_w1,0.00477485189524208,0.0,,1
val,UVCGAN-S [thr0.5],0.4,zg_pair_bias,0.004603377304280068,0.0,0.0011182777920135914,1
val,UVCGAN-S [thr0.5],0.4,zg_pair_rmse,0.13187594242296238,0.0,0.0007912240062104797,1
val,UVCGAN-S [thr0.5],0.4,zg_truth_sd,0.11508185688195016,0.0,,1
val,UVCGAN-S [thr0.5],0.4,zg_pair_undefined,0.005441787197479564,0.0,,1
val,UVCGAN-S [thr0.5],0.4,rg_mean_truth,0.25681209316520703,0.0,0.0006292934832735559,1
val,UVCGAN-S [thr0.5],0.4,rg_truth_all_sd,0.074331255467936,0.0,,1
val,UVCGAN-S [thr0.5],0.4,rg_mean_reco,0.24332744060652375,0.0,0.0006888186305476921,1
val,UVCGAN-S [thr0.5],0.4,rg_w1,0.01447058981321234,0.0,,1
val,UVCGAN-S [thr0.5],0.4,rg_pair_bias,-0.013509384231836239,0.0,0.0006302545405815263,1
val,UVCGAN-S [thr0.5],0.4,rg_pair_rmse,0.07549768326778389,0.0,0.0004529679812498132,1
val,UVCGAN-S [thr0.5],0.4,rg_truth_sd,0.07423362521501141,0.0,,1
val,UVCGAN-S [thr0.5],0.4,rg_pair_undefined,0.005441787197479564,0.0,,1
val,UVCGAN-S [thr0.5],0.4,girth_mean_truth,0.1438926693175284,0.0,0.00031543679697609167,1
val,UVCGAN-S [thr0.5],0.4,girth_truth_all_sd,0.03729898408401423,0.0,,1
val,UVCGAN-S [thr0.5],0.4,girth_mean_reco,0.1282993614682816,0.0,0.00032117484644916025,1
val,UVCGAN-S [thr0.5],0.4,girth_w1,0.015593855649328778,0.0,,1
val,UVCGAN-S [thr0.5],0.4,girth_pair_bias,-0.015517620863610205,0.0,0.00020739997545852522,1
val,UVCGAN-S [thr0.5],0.4,girth_pair_rmse,0.029009318386608463,0.0,0.0001735747338071582,1
val,UVCGAN-S [thr0.5],0.4,girth_truth_sd,0.037239923438356484,0.0,,1
val,UVCGAN-S [thr0.5],0.4,girth_pair_undefined,0.0,0.0,,1
val,UVCGAN-S [thr0.5],0.4,mass_mean_truth,4.257431070304588,0.0,0.007917988058547133,1
val,UVCGAN-S [thr0.5],0.4,mass_truth_all_sd,0.9362665148909336,0.0,,1
val,UVCGAN-S [thr0.5],0.4,mass_mean_reco,3.2881301314411266,0.0,0.008778167524034344,1
val,UVCGAN-S [thr0.5],0.4,mass_w1,0.9695589741010643,0.0,,1
val,UVCGAN-S [thr0.5],0.4,mass_pair_bias,-0.9684407017308646,0.0,0.009081493807127203,1
val,UVCGAN-S [thr0.5],0.4,mass_pair_rmse,1.4455804057613963,0.0,0.008649504644780218,1
val,UVCGAN-S [thr0.5],0.4,mass_truth_sd,0.9362468920104585,0.0,,1
val,UVCGAN-S [thr0.5],0.4,mass_pair_undefined,0.0,0.0,,1
val,UVCGAN-S [thr0.5],0.4,zlead_mean_truth,0.27740267927557066,0.0,0.000993361862433755,1
val,UVCGAN-S [thr0.5],0.4,zlead_truth_all_sd,0.11746057737008929,0.0,,1
val,UVCGAN-S [thr0.5],0.4,zlead_mean_reco,0.3177116084529652,0.0,0.0011048387991788244,1
val,UVCGAN-S [thr0.5],0.4,zlead_w1,0.04030892917739452,0.0,,1
val,UVCGAN-S [thr0.5],0.4,zlead_pair_bias,0.04017852473338024,0.0,0.00045590006930559823,1
val,UVCGAN-S [thr0.5],0.4,zlead_pair_rmse,0.06720919095452779,0.0,0.0004021403493131332,1
val,UVCGAN-S [thr0.5],0.4,zlead_truth_sd,0.1174507277945879,0.0,,1
val,UVCGAN-S [thr0.5],0.4,zlead_pair_undefined,0.0,0.0,,1
val,UVCGAN-S [thr0.5],0.4,xi_mean_truth,5.277875749137128,0.0,0.002813431504379299,1
val,UVCGAN-S [thr0.5],0.4,xi_truth_all_sd,2.050399078183814,0.0,,1
val,UVCGAN-S [thr0.5],0.4,xi_mean_reco,2.705175356059284,0.0,0.0020342435489549685,1
val,UVCGAN-S [thr0.5],0.4,xi_w1,2.5727003930778443,0.0,,1
val,UVCGAN-S [thr0.5],0.4,ptd_mean_truth,0.37313176550987476,0.0,0.0007695188648364086,1
val,UVCGAN-S [thr0.5],0.4,ptd_truth_all_sd,0.09099214856045275,0.0,,1
val,UVCGAN-S [thr0.5],0.4,ptd_mean_reco,0.4258548614148543,0.0,0.000837940063924583,1
val,UVCGAN-S [thr0.5],0.4,ptd_w1,0.052723095904979506,0.0,,1
val,UVCGAN-S [thr0.5],0.4,ptd_pair_bias,0.05260244367822465,0.0,0.00044126558593298565,1
val,UVCGAN-S [thr0.5],0.4,ptd_pair_rmse,0.07407031255998961,0.0,0.00044319327377054956,1
val,UVCGAN-S [thr0.5],0.4,ptd_truth_sd,0.09096467514018228,0.0,,1
val,UVCGAN-S [thr0.5],0.4,ptd_pair_undefined,0.0,0.0,,1
val,UVCGAN-S [thr0.5],0.4,zg_w1_floor,0.0007714136295143184,0.0,,1
val,UVCGAN-S [thr0.5],0.4,rg_w1_floor,0.00235826208327121,0.0,,1
val,UVCGAN-S [thr0.5],0.4,girth_w1_floor,0.001268685575778252,0.0,,1
val,UVCGAN-S [thr0.5],0.4,mass_w1_floor,0.028382738884839172,0.0,,1
val,UVCGAN-S [thr0.5],0.4,zlead_w1_floor,0.0025506128405569043,0.0,,1
val,UVCGAN-S [thr0.5],0.4,xi_w1_floor,0.006663111531351521,0.0,,1
val,UVCGAN-S [thr0.5],0.4,ptd_w1_floor,0.002062756778244051,0.0,,1
val,UVCGAN-S [thr0.5],0.5,scale_14_20,0.8120100267346517,0.0,0.004772397930899731,1
val,UVCGAN-S [thr0.5],0.5,resolution_14_20,0.24985679596872362,0.0,0.003375210685280037,1
val,UVCGAN-S [thr0.5],0.5,bias_gev_14_20,-3.284217575927593,0.0,0.08188846960707079,1
val,UVCGAN-S [thr0.5],0.5,rmse_gev_14_20,5.40059881800693,0.0,0.07294111561240207,1
val,UVCGAN-S [thr0.5],0.5,eff_14_20,0.9182579564489112,0.0,0.005014561104531714,1
val,UVCGAN-S [thr0.5],0.5,fake_14_20,0.012211410036252623,0.0,0.0015170777187249235,1
val,UVCGAN-S [thr0.5],0.5,scale_20_30,0.849278955506321,0.0,0.001372704967885338,1
val,UVCGAN-S [thr0.5],0.5,resolution_20_30,0.1578909098991429,0.0,0.0009706856770752366,1
val,UVCGAN-S [thr0.5],0.5,bias_gev_20_30,-3.854547152269095,0.0,0.034422449147125125,1
val,UVCGAN-S [thr0.5],0.5,rmse_gev_20_30,5.525742209785493,0.0,0.033970011990372355,1
val,UVCGAN-S [thr0.5],0.5,eff_20_30,0.9967603405409478,0.0,0.0004932425204253179,1
val,UVCGAN-S [thr0.5],0.5,fake_20_30,0.0005468963631391851,0.0,0.0001933041831225749,1
val,UVCGAN-S [thr0.5],0.5,scale_30_50,0.870851774202072,0.0,0.0009538761717612194,1
val,UVCGAN-S [thr0.5],0.5,resolution_30_50,0.10892580940136302,0.0,0.0006745181733873828,1
val,UVCGAN-S [thr0.5],0.5,bias_gev_30_50,-4.542861114553303,0.0,0.033213940961622904,1
val,UVCGAN-S [thr0.5],0.5,rmse_gev_30_50,5.918012344167322,0.0,0.036645619944391354,1
val,UVCGAN-S [thr0.5],0.5,eff_30_50,1.0,0.0,0.0,1
val,UVCGAN-S [thr0.5],0.5,fake_30_50,0.0,0.0,0.0,1
val,UVCGAN-S [thr0.5],0.5,deta_rms_20_50,0.04090461166246356,0.0,0.00017845439147692364,1
val,UVCGAN-S [thr0.5],0.5,calib_a,-2.1639768909423687,0.0,,1
val,UVCGAN-S [thr0.5],0.5,calib_b,0.9335435077842924,0.0,,1
val,UVCGAN-S [thr0.5],0.5,scale_cal_20_30,1.0015990408236448,0.0,0.0020781393424046867,1
val,UVCGAN-S [thr0.5],0.5,resolution_cal_20_30,0.1691993435721258,0.0,0.0014695772700125665,1
val,UVCGAN-S [thr0.5],0.5,bias_cal_gev_20_30,0.04287806545432884,0.0,0.05223595244314731,1
val,UVCGAN-S [thr0.5],0.5,scale_cal_30_50,0.9979254829859422,0.0,0.001433937315880385,1
val,UVCGAN-S [thr0.5],0.5,resolution_cal_30_50,0.11644065455593573,0.0,0.0010140236926474266,1
val,UVCGAN-S [thr0.5],0.5,bias_cal_gev_30_50,-0.07751458368587173,0.0,0.049873906566192706,1
val,unpaired FM [thr0.5],0.2,scale_14_20,0.7945914187136398,0.0,0.0015953755581952199,1
val,unpaired FM [thr0.5],0.2,resolution_14_20,0.14112537446699122,0.0,0.0011281729657718251,1
val,unpaired FM [thr0.5],0.2,bias_gev_14_20,-3.4853820969486504,0.0,0.02681027560873005,1
val,unpaired FM [thr0.5],0.2,rmse_gev_14_20,4.215735639692186,0.0,0.03369893674318439,1
val,unpaired FM [thr0.5],0.2,eff_14_20,0.9940294715447154,0.0,0.0008682873501409464,1
val,unpaired FM [thr0.5],0.2,fake_14_20,0.0009309903409752124,0.0,0.00032900153601732616,1
val,unpaired FM [thr0.5],0.2,scale_20_30,0.8313049647303142,0.0,0.0009023269689478474,1
val,unpaired FM [thr0.5],0.2,resolution_20_30,0.09510029703085522,0.0,0.0006380702404397199,1
val,unpaired FM [thr0.5],0.2,bias_gev_20_30,-4.102098854805492,0.0,0.021590537625070204,1
val,unpaired FM [thr0.5],0.2,rmse_gev_20_30,4.690972587955007,0.0,0.03147240720724831,1
val,unpaired FM [thr0.5],0.2,eff_20_30,0.9998199819981998,0.0,0.00012728049187167047,1
val,unpaired FM [thr0.5],0.2,fake_20_30,0.0,0.0,0.0,1
val,unpaired FM [thr0.5],0.2,scale_30_50,0.864469476101824,0.0,0.001087367426961485,1
val,unpaired FM [thr0.5],0.2,resolution_30_50,0.06634723634553512,0.0,0.000768988163519286,1
val,unpaired FM [thr0.5],0.2,bias_gev_30_50,-4.64594851675712,0.0,0.03667244610963302,1
val,unpaired FM [thr0.5],0.2,rmse_gev_30_50,5.156722051351861,0.0,0.05976022273817394,1
val,unpaired FM [thr0.5],0.2,eff_30_50,1.0,0.0,0.0,1
val,unpaired FM [thr0.5],0.2,fake_30_50,0.0,0.0,0.0,1
val,unpaired FM [thr0.5],0.2,deta_rms_20_50,0.011454463747584177,0.0,6.650810086832424e-05,1
val,unpaired FM [thr0.5],0.2,calib_a,-2.4256433512896374,0.0,,1
val,unpaired FM [thr0.5],0.2,calib_b,0.933578414333691,0.0,,1
val,unpaired FM [thr0.5],0.2,scale_cal_20_30,0.999028371466183,0.0,0.0013513927341294036,1
val,unpaired FM [thr0.5],0.2,resolution_cal_20_30,0.10081244874090872,0.0,0.000955664834073287,1
val,unpaired FM [thr0.5],0.2,bias_cal_gev_20_30,-0.02966171065001025,0.0,0.032418604480139765,1
val,unpaired FM [thr0.5],0.2,scale_cal_30_50,1.0011713599362322,0.0,0.0016088774550631938,1
val,unpaired FM [thr0.5],0.2,resolution_cal_30_50,0.06968501262330604,0.0,0.001137951490976696,1
val,unpaired FM [thr0.5],0.2,bias_cal_gev_30_50,0.04749606509025268,0.0,0.05412069160504138,1
val,unpaired FM [thr0.5],0.4,scale_14_20,0.7153493973313887,0.0,0.003153837561083547,1
val,unpaired FM [thr0.5],0.4,resolution_14_20,0.19277146813601978,0.0,0.0022303984470431483,1
val,unpaired FM [thr0.5],0.4,bias_gev_14_20,-4.910293676104202,0.0,0.05427690137298999,1
val,unpaired FM [thr0.5],0.4,rmse_gev_14_20,5.9259744196394895,0.0,0.06855534817317528,1
val,unpaired FM [thr0.5],0.4,eff_14_20,0.959917780061665,0.0,0.0031441733736032986,1
val,unpaired FM [thr0.5],0.4,fake_14_20,0.004404177677110859,0.0,0.0007428007643203753,1
val,unpaired FM [thr0.5],0.4,scale_20_30,0.7665546234221001,0.0,0.0011350749249468052,1
val,unpaired FM [thr0.5],0.4,resolution_20_30,0.13415990213489515,0.0,0.0008026479046544521,1
val,unpaired FM [thr0.5],0.4,bias_gev_20_30,-5.9031452743478825,0.0,0.02835576318329218,1
val,unpaired FM [thr0.5],0.4,rmse_gev_20_30,6.788202481569168,0.0,0.04061080397009417,1
val,unpaired FM [thr0.5],0.4,eff_20_30,0.9991417536833072,0.0,0.0002476480310272769,1
val,unpaired FM [thr0.5],0.4,fake_20_30,0.00038553473667977484,0.0,0.0001723831363256237,1
val,unpaired FM [thr0.5],0.4,scale_30_50,0.8056957260697067,0.0,0.0009646624256083716,1
val,unpaired FM [thr0.5],0.4,resolution_30_50,0.09967348546270254,0.0,0.0006821512913390821,1
val,unpaired FM [thr0.5],0.4,bias_gev_30_50,-6.758601259685414,0.0,0.032998088989748604,1
val,unpaired FM [thr0.5],0.4,rmse_gev_30_50,7.5699080904599025,0.0,0.05180495802891266,1
val,unpaired FM [thr0.5],0.4,eff_30_50,0.9999063407324155,0.0,9.365488145262552e-05,1
val,unpaired FM [thr0.5],0.4,fake_30_50,0.0,0.0,0.0,1
val,unpaired FM [thr0.5],0.4,deta_rms_20_50,0.03142882729932317,0.0,0.0001415598052959443,1
val,unpaired FM [thr0.5],0.4,calib_a,-3.4314139283355023,0.0,,1
val,unpaired FM [thr0.5],0.4,calib_b,0.9056433718985243,0.0,,1
val,unpaired FM [thr0.5],0.4,scale_cal_20_30,0.9971175481884924,0.0,0.0017689053424198608,1
val,unpaired FM [thr0.5],0.4,resolution_cal_20_30,0.1480183800252913,0.0,0.0012508942901626487,1
val,unpaired FM [thr0.5],0.4,bias_cal_gev_20_30,-0.07908177149897064,0.0,0.044168712091976495,1
val,unpaired FM [thr0.5],0.4,scale_cal_30_50,0.9976597661714282,0.0,0.0014704996544771015,1
val,unpaired FM [thr0.5],0.4,resolution_cal_30_50,0.10830906284082933,0.0,0.0010398961247911774,1
val,unpaired FM [thr0.5],0.4,bias_cal_gev_30_50,-0.057304959303239714,0.0,0.050768848573325406,1
val,unpaired FM [thr0.5],0.4,sub_truth_jets,13982.0,0.0,,1
val,unpaired FM [thr0.5],0.4,sub_matched,13970.0,0.0,,1
val,unpaired FM [thr0.5],0.4,zg_mean_truth,0.2468019464600556,0.0,0.0009747757447164019,1
val,unpaired FM [thr0.5],0.4,zg_truth_all_sd,0.11513913115315934,0.0,,1
val,unpaired FM [thr0.5],0.4,zg_mean_reco,0.24025973053841077,0.0,0.0009721504199608111,1
val,unpaired FM [thr0.5],0.4,zg_w1,0.006642769153725104,0.0,,1
val,unpaired FM [thr0.5],0.4,zg_pair_bias,-0.006723675692699818,0.0,0.001119369912368729,1
val,unpaired FM [thr0.5],0.4,zg_pair_rmse,0.1321097422666974,0.0,0.0007925411661862152,1
val,unpaired FM [thr0.5],0.4,zg_truth_sd,0.11507969235571204,0.0,,1
val,unpaired FM [thr0.5],0.4,zg_pair_undefined,0.005511811023622082,0.0,,1
val,unpaired FM [thr0.5],0.4,rg_mean_truth,0.25681209316520703,0.0,0.0006292934832735559,1
val,unpaired FM [thr0.5],0.4,rg_truth_all_sd,0.074331255467936,0.0,,1
val,unpaired FM [thr0.5],0.4,rg_mean_reco,0.2470023773027392,0.0,0.0006846957909268915,1
val,unpaired FM [thr0.5],0.4,rg_w1,0.010588787201479105,0.0,,1
val,unpaired FM [thr0.5],0.4,rg_pair_bias,-0.009878237371219059,0.0,0.0006299990447592386,1
val,unpaired FM [thr0.5],0.4,rg_pair_rmse,0.07491124449582555,0.0,0.0004494009605539023,1
val,unpaired FM [thr0.5],0.4,rg_truth_sd,0.07418982548012759,0.0,,1
val,unpaired FM [thr0.5],0.4,rg_pair_undefined,0.005511811023622082,0.0,,1
val,unpaired FM [thr0.5],0.4,girth_mean_truth,0.1438926693175284,0.0,0.00031543679697609167,1
val,unpaired FM [thr0.5],0.4,girth_truth_all_sd,0.03729898408401423,0.0,,1
val,unpaired FM [thr0.5],0.4,girth_mean_reco,0.13308578979489688,0.0,0.00030871207554142446,1
val,unpaired FM [thr0.5],0.4,girth_w1,0.010807135017676228,0.0,,1
val,unpaired FM [thr0.5],0.4,girth_pair_bias,-0.010736326917651447,0.0,0.0001985957607645422,1
val,unpaired FM [thr0.5],0.4,girth_pair_rmse,0.025811806874140746,0.0,0.00015442058953393906,1
val,unpaired FM [thr0.5],0.4,girth_truth_sd,0.03723165799157463,0.0,,1
val,unpaired FM [thr0.5],0.4,girth_pair_undefined,0.0,0.0,,1
val,unpaired FM [thr0.5],0.4,mass_mean_truth,4.257431070304588,0.0,0.007917988058547133,1
val,unpaired FM [thr0.5],0.4,mass_truth_all_sd,0.9362665148909336,0.0,,1
val,unpaired FM [thr0.5],0.4,mass_mean_reco,3.0424162965980828,0.0,0.007439995110947164,1
val,unpaired FM [thr0.5],0.4,mass_w1,1.2150147737065058,0.0,,1
val,unpaired FM [thr0.5],0.4,mass_pair_bias,-1.2141314586170688,0.0,0.008746416411736496,1
val,unpaired FM [thr0.5],0.4,mass_pair_rmse,1.5946213987862747,0.0,0.00953991240073573,1
val,unpaired FM [thr0.5],0.4,mass_truth_sd,0.9360721734118176,0.0,,1
val,unpaired FM [thr0.5],0.4,mass_pair_undefined,0.0,0.0,,1
val,unpaired FM [thr0.5],0.4,zlead_mean_truth,0.27740267927557066,0.0,0.000993361862433755,1
val,unpaired FM [thr0.5],0.4,zlead_truth_all_sd,0.11746057737008929,0.0,,1
val,unpaired FM [thr0.5],0.4,zlead_mean_reco,0.30621239913467463,0.0,0.0010756239760534828,1
val,unpaired FM [thr0.5],0.4,zlead_w1,0.02882264839700424,0.0,,1
val,unpaired FM [thr0.5],0.4,zlead_pair_bias,0.02870207329557943,0.0,0.0004186104711828044,1
val,unpaired FM [thr0.5],0.4,zlead_pair_rmse,0.05719998375735565,0.0,0.0003422021269650708,1
val,unpaired FM [thr0.5],0.4,zlead_truth_sd,0.11744660737330306,0.0,,1
val,unpaired FM [thr0.5],0.4,zlead_pair_undefined,0.0,0.0,,1
val,unpaired FM [thr0.5],0.4,xi_mean_truth,5.277875749137128,0.0,0.002813431504379299,1
val,unpaired FM [thr0.5],0.4,xi_truth_all_sd,2.050399078183814,0.0,,1
val,unpaired FM [thr0.5],0.4,xi_mean_reco,2.795415874208937,0.0,0.0018169641240185477,1
val,unpaired FM [thr0.5],0.4,xi_w1,2.482459918230061,0.0,,1
val,unpaired FM [thr0.5],0.4,ptd_mean_truth,0.37313176550987476,0.0,0.0007695188648364086,1
val,unpaired FM [thr0.5],0.4,ptd_truth_all_sd,0.09099214856045275,0.0,,1
val,unpaired FM [thr0.5],0.4,ptd_mean_reco,0.40863667458642006,0.0,0.0008110221789121264,1
val,unpaired FM [thr0.5],0.4,ptd_w1,0.03551699159723944,0.0,,1
val,unpaired FM [thr0.5],0.4,ptd_pair_bias,0.03540663947564997,0.0,0.000408739386785873,1
val,unpaired FM [thr0.5],0.4,ptd_pair_rmse,0.059896314500231425,0.0,0.00035833307761581716,1
val,unpaired FM [thr0.5],0.4,ptd_truth_sd,0.09096601486566988,0.0,,1
val,unpaired FM [thr0.5],0.4,ptd_pair_undefined,0.0,0.0,,1
val,unpaired FM [thr0.5],0.4,zg_w1_floor,0.0007714136295143184,0.0,,1
val,unpaired FM [thr0.5],0.4,rg_w1_floor,0.00235826208327121,0.0,,1
val,unpaired FM [thr0.5],0.4,girth_w1_floor,0.001268685575778252,0.0,,1
val,unpaired FM [thr0.5],0.4,mass_w1_floor,0.028382738884839172,0.0,,1
val,unpaired FM [thr0.5],0.4,zlead_w1_floor,0.0025506128405569043,0.0,,1
val,unpaired FM [thr0.5],0.4,xi_w1_floor,0.006663111531351521,0.0,,1
val,unpaired FM [thr0.5],0.4,ptd_w1_floor,0.002062756778244051,0.0,,1
val,unpaired FM [thr0.5],0.5,scale_14_20,0.728446813687855,0.0,0.004065456632714276,1
val,unpaired FM [thr0.5],0.5,resolution_14_20,0.21600548126492639,0.0,0.002875221247965209,1
val,unpaired FM [thr0.5],0.5,bias_gev_14_20,-4.717804464540454,0.0,0.0701625408088377,1
val,unpaired FM [thr0.5],0.5,rmse_gev_14_20,6.012877258550703,0.0,0.08002246067801377,1
val,unpaired FM [thr0.5],0.5,eff_14_20,0.9457286432160804,0.0,0.004146641054204326,1
val,unpaired FM [thr0.5],0.5,fake_14_20,0.00830945558739255,0.0,0.001086542354772896,1
val,unpaired FM [thr0.5],0.5,scale_20_30,0.7694384004064994,0.0,0.001285526111656224,1
val,unpaired FM [thr0.5],0.5,resolution_20_30,0.14793607502229084,0.0,0.000909038553066157,1
val,unpaired FM [thr0.5],0.5,bias_gev_20_30,-5.903776520495939,0.0,0.032499342581606645,1
val,unpaired FM [thr0.5],0.5,rmse_gev_20_30,6.988700169360312,0.0,0.0429425886944329,1
val,unpaired FM [thr0.5],0.5,eff_20_30,0.9977397724704287,0.0,0.0004121925853566897,1
val,unpaired FM [thr0.5],0.5,fake_20_30,0.0004977246871444823,0.0,0.000188075426709575,1
val,unpaired FM [thr0.5],0.5,scale_30_50,0.8046310551422403,0.0,0.0009662406475148869,1
val,unpaired FM [thr0.5],0.5,resolution_30_50,0.11033774374794077,0.0,0.0006832615132958087,1
val,unpaired FM [thr0.5],0.5,bias_gev_30_50,-6.857364855093636,0.0,0.03358661455769086,1
val,unpaired FM [thr0.5],0.5,rmse_gev_30_50,7.857058227465344,0.0,0.04865261390818544,1
val,unpaired FM [thr0.5],0.5,eff_30_50,1.0,0.0,0.0,1
val,unpaired FM [thr0.5],0.5,fake_30_50,0.0,0.0,0.0,1
val,unpaired FM [thr0.5],0.5,deta_rms_20_50,0.04397355266662994,0.0,0.0001917957982885995,1
val,unpaired FM [thr0.5],0.5,calib_a,-3.0960084596201796,0.0,,1
val,unpaired FM [thr0.5],0.5,calib_b,0.8940860936821995,0.0,,1
val,unpaired FM [thr0.5],0.5,scale_cal_20_30,0.9952371339040925,0.0,0.0020272385732920646,1
val,unpaired FM [thr0.5],0.5,resolution_cal_20_30,0.16520439668374506,0.0,0.0014335820805239624,1
val,unpaired FM [thr0.5],0.5,bias_cal_gev_20_30,-0.12581847829538537,0.0,0.05114607934109113,1
val,unpaired FM [thr0.5],0.5,scale_cal_30_50,0.997834870212739,0.0,0.0015090191291735227,1
val,unpaired FM [thr0.5],0.5,resolution_cal_30_50,0.12253755669264586,0.0,0.0010671185781232456,1
val,unpaired FM [thr0.5],0.5,bias_cal_gev_30_50,-0.0614404116613808,0.0,0.052620022147262496,1
val,paired FM [thr0.5],0.2,scale_14_20,0.6899308184485078,0.0,0.00162600911126775,1
val,paired FM [thr0.5],0.2,resolution_14_20,0.14321808502058628,0.0,0.0011498361777189518,1
val,paired FM [thr0.5],0.2,bias_gev_14_20,-5.266845592166097,0.0,0.02738802181758504,1
val,paired FM [thr0.5],0.2,rmse_gev_14_20,5.793010210547369,0.0,0.046506580531238406,1
val,paired FM [thr0.5],0.2,eff_14_20,0.9855182926829268,0.0,0.0013464793122793684,1
val,paired FM [thr0.5],0.2,fake_14_20,0.0002444390124663896,0.0,0.00017282335704302355,1
val,paired FM [thr0.5],0.2,scale_20_30,0.7563578430034437,0.0,0.0009573595557595668,1
val,paired FM [thr0.5],0.2,resolution_20_30,0.10088680254394597,0.0,0.0006769859157283939,1
val,paired FM [thr0.5],0.2,bias_gev_20_30,-5.915002124759379,0.0,0.02266960927302045,1
val,paired FM [thr0.5],0.2,rmse_gev_20_30,6.379203229306591,0.0,0.042804769119555615,1
val,paired FM [thr0.5],0.2,eff_20_30,0.9995499549954996,0.0,0.000201220950068736,1
val,paired FM [thr0.5],0.2,fake_20_30,0.0,0.0,0.0,1
val,paired FM [thr0.5],0.2,scale_30_50,0.8085678444663683,0.0,0.0011665766854371902,1
val,paired FM [thr0.5],0.2,resolution_30_50,0.07118029945054971,0.0,0.0008250050909153597,1
val,paired FM [thr0.5],0.2,bias_gev_30_50,-6.553520287674601,0.0,0.038946745757191974,1
val,paired FM [thr0.5],0.2,rmse_gev_30_50,6.971072873443379,0.0,0.08078637232964819,1
val,paired FM [thr0.5],0.2,eff_30_50,1.0,0.0,0.0,1
val,paired FM [thr0.5],0.2,fake_30_50,0.0,0.0,0.0,1
val,paired FM [thr0.5],0.2,deta_rms_20_50,0.011377275700753014,0.0,6.606660587023835e-05,1
val,paired FM [thr0.5],0.2,calib_a,-4.069449817955441,0.0,,1
val,paired FM [thr0.5],0.2,calib_b,0.9266636589458194,0.0,,1
val,paired FM [thr0.5],0.2,scale_cal_20_30,0.9981300865724196,0.0,0.0014331023462865282,1
val,paired FM [thr0.5],0.2,resolution_cal_20_30,0.1068886856932316,0.0,0.0010134474795023556,1
val,paired FM [thr0.5],0.2,bias_cal_gev_20_30,-0.04933894441516977,0.0,0.034347663233631684,1
val,paired FM [thr0.5],0.2,scale_cal_30_50,1.000214579164347,0.0,0.0017269461897136337,1
val,paired FM [thr0.5],0.2,resolution_cal_30_50,0.0747989019618887,0.0,0.001221460954180606,1
val,paired FM [thr0.5],0.2,bias_cal_gev_30_50,0.014673642849464694,0.0,0.058175069716430064,1
val,paired FM [thr0.5],0.4,scale_14_20,0.5328502381989402,0.0,0.0027359004274742083,1
val,paired FM [thr0.5],0.4,resolution_14_20,0.150300319919299,0.0,0.0019348943305107296,1
val,paired FM [thr0.5],0.4,bias_gev_14_20,-8.191655697178449,0.0,0.05023637550749278,1
val,paired FM [thr0.5],0.4,rmse_gev_14_20,8.644057485645265,0.0,0.11126101840815589,1
val,paired FM [thr0.5],0.4,eff_14_20,0.7754367934224049,0.0,0.006688921306910939,1
val,paired FM [thr0.5],0.4,fake_14_20,0.0003204443494979705,0.0,0.0001849789865825984,1
val,paired FM [thr0.5],0.4,scale_20_30,0.6027234082424303,0.0,0.001145512960441148,1
val,paired FM [thr0.5],0.4,resolution_20_30,0.1348789828081297,0.0,0.0008100291961932959,1
val,paired FM [thr0.5],0.4,bias_gev_20_30,-10.039507350739854,0.0,0.028527430935218014,1
val,paired FM [thr0.5],0.4,rmse_gev_20_30,10.586521124491583,0.0,0.06357611649017798,1
val,paired FM [thr0.5],0.4,eff_20_30,0.9915605778858533,0.0,0.000773626489405484,1
val,paired FM [thr0.5],0.4,fake_20_30,0.0,0.0,0.0,1
val,paired FM [thr0.5],0.4,scale_30_50,0.6822538510139815,0.0,0.0010309457436918864,1
val,paired FM [thr0.5],0.4,resolution_30_50,0.10651720248255092,0.0,0.0007290228734700774,1
val,paired FM [thr0.5],0.4,bias_gev_30_50,-11.049367087382432,0.0,0.034753496806623874,1
val,paired FM [thr0.5],0.4,rmse_gev_30_50,11.618168408759821,0.0,0.07951310768595604,1
val,paired FM [thr0.5],0.4,eff_30_50,0.9998126814648309,0.0,0.00013244180031500607,1
val,paired FM [thr0.5],0.4,fake_30_50,0.0,0.0,0.0,1
val,paired FM [thr0.5],0.4,deta_rms_20_50,0.029983702476807365,0.0,0.0001353448800902457,1
val,paired FM [thr0.5],0.4,calib_a,-6.442954633271212,0.0,,1
val,paired FM [thr0.5],0.4,calib_b,0.8670735555935042,0.0,,1
val,paired FM [thr0.5],0.4,scale_cal_20_30,0.9904523537426239,0.0,0.001829647233506003,1
val,paired FM [thr0.5],0.4,resolution_cal_20_30,0.1524876785434911,0.0,0.0012938491056167767,1
val,paired FM [thr0.5],0.4,bias_cal_gev_20_30,-0.2419442353925996,0.0,0.04609235849510796,1
val,paired FM [thr0.5],0.4,scale_cal_30_50,0.9999444370243272,0.0,0.0016001437026841516,1
val,paired FM [thr0.5],0.4,resolution_cal_30_50,0.11785794326487133,0.0,0.0011315767606364757,1
val,paired FM [thr0.5],0.4,bias_cal_gev_30_50,0.027117624122767543,0.0,0.05540675391931835,1
val,paired FM [thr0.5],0.4,sub_truth_jets,13982.0,0.0,,1
val,paired FM [thr0.5],0.4,sub_matched,13864.0,0.0,,1
val,paired FM [thr0.5],0.4,zg_mean_truth,0.2468019464600556,0.0,0.0009747757447164019,1
val,paired FM [thr0.5],0.4,zg_truth_all_sd,0.11513913115315934,0.0,,1
val,paired FM [thr0.5],0.4,zg_mean_reco,0.258340523177493,0.0,0.0010019275587488114,1
val,paired FM [thr0.5],0.4,zg_w1,0.01153892051446848,0.0,,1
val,paired FM [thr0.5],0.4,zg_pair_bias,0.01149239479324804,0.0,0.0011767723609615996,1
val,paired FM [thr0.5],0.4,zg_pair_rmse,0.13832144624580398,0.0,0.0008349907052557678,1
val,paired FM [thr0.5],0.4,zg_truth_sd,0.11486252420434413,0.0,,1
val,paired FM [thr0.5],0.4,zg_pair_undefined,0.010314483554529685,0.0,,1
val,paired FM [thr0.5],0.4,rg_mean_truth,0.25681209316520703,0.0,0.0006292934832735559,1
val,paired FM [thr0.5],0.4,rg_truth_all_sd,0.074331255467936,0.0,,1
val,paired FM [thr0.5],0.4,rg_mean_reco,0.20909819374061206,0.0,0.0006712675675298246,1
val,paired FM [thr0.5],0.4,rg_w1,0.04772334687723831,0.0,,1
val,paired FM [thr0.5],0.4,rg_pair_bias,-0.047325991811425716,0.0,0.0006359342455676049,1
val,paired FM [thr0.5],0.4,rg_pair_rmse,0.08825356398914883,0.0,0.0005327511216567391,1
val,paired FM [thr0.5],0.4,rg_truth_sd,0.07398365971180978,0.0,,1
val,paired FM [thr0.5],0.4,rg_pair_undefined,0.010314483554529685,0.0,,1
val,paired FM [thr0.5],0.4,girth_mean_truth,0.1438926693175284,0.0,0.00031543679697609167,1
val,paired FM [thr0.5],0.4,girth_truth_all_sd,0.03729898408401423,0.0,,1
val,paired FM [thr0.5],0.4,girth_mean_reco,0.10857284151498908,0.0,0.0003103041110446045,1
val,paired FM [thr0.5],0.4,girth_w1,0.03531982780253934,0.0,,1
val,paired FM [thr0.5],0.4,girth_pair_bias,-0.034743734723319514,0.0,0.00020839621553825032,1
val,paired FM [thr0.5],0.4,girth_pair_rmse,0.042535003444142516,0.0,0.00025543899663306967,1
val,paired FM [thr0.5],0.4,girth_truth_sd,0.03685212565620974,0.0,,1
val,paired FM [thr0.5],0.4,girth_pair_undefined,0.0,0.0,,1
val,paired FM [thr0.5],0.4,mass_mean_truth,4.257431070304588,0.0,0.007917988058547133,1
val,paired FM [thr0.5],0.4,mass_truth_all_sd,0.9362665148909336,0.0,,1
val,paired FM [thr0.5],0.4,mass_mean_reco,1.8996689504328943,0.0,0.005620731603142414,1
val,paired FM [thr0.5],0.4,mass_w1,2.357762119871694,0.0,,1
val,paired FM [thr0.5],0.4,mass_pair_bias,-2.350444226319356,0.0,0.008015698579006964,1
val,paired FM [thr0.5],0.4,mass_pair_rmse,2.532858029844236,0.0,0.0152107831519765,1
val,paired FM [thr0.5],0.4,mass_truth_sd,0.9344882727716529,0.0,,1
val,paired FM [thr0.5],0.4,mass_pair_undefined,0.0,0.0,,1
val,paired FM [thr0.5],0.4,zlead_mean_truth,0.27740267927557066,0.0,0.000993361862433755,1
val,paired FM [thr0.5],0.4,zlead_truth_all_sd,0.11746057737008929,0.0,,1
val,paired FM [thr0.5],0.4,zlead_mean_reco,0.3619453614128754,0.0,0.0012385681146844703,1
val,paired FM [thr0.5],0.4,zlead_w1,0.08454268213730479,0.0,,1
val,paired FM [thr0.5],0.4,zlead_pair_bias,0.0836115211355813,0.0,0.0005568957506474951,1
val,paired FM [thr0.5],0.4,zlead_pair_rmse,0.10625708764393527,0.0,0.0006381145328590944,1
val,paired FM [thr0.5],0.4,zlead_truth_sd,0.1174195201420208,0.0,,1
val,paired FM [thr0.5],0.4,zlead_pair_undefined,0.0,0.0,,1
val,paired FM [thr0.5],0.4,xi_mean_truth,5.277875749137128,0.0,0.002813431504379299,1
val,paired FM [thr0.5],0.4,xi_truth_all_sd,2.050399078183814,0.0,,1
val,paired FM [thr0.5],0.4,xi_mean_reco,2.46848878214037,0.0,0.0022318629060852522,1
val,paired FM [thr0.5],0.4,xi_w1,2.8093869669967573,0.0,,1
val,paired FM [thr0.5],0.4,ptd_mean_truth,0.37313176550987476,0.0,0.0007695188648364086,1
val,paired FM [thr0.5],0.4,ptd_truth_all_sd,0.09099214856045275,0.0,,1
val,paired FM [thr0.5],0.4,ptd_mean_reco,0.46784823310907725,0.0,0.000933614656348408,1
val,paired FM [thr0.5],0.4,ptd_w1,0.09471646759920252,0.0,,1
val,paired FM [thr0.5],0.4,ptd_pair_bias,0.09387571099935824,0.0,0.000518994609798539,1
val,paired FM [thr0.5],0.4,ptd_pair_rmse,0.11201335835762699,0.0,0.0006726831445058444,1
val,paired FM [thr0.5],0.4,ptd_truth_sd,0.09085939160171515,0.0,,1
val,paired FM [thr0.5],0.4,ptd_pair_undefined,0.0,0.0,,1
val,paired FM [thr0.5],0.4,zg_w1_floor,0.0007714136295143184,0.0,,1
val,paired FM [thr0.5],0.4,rg_w1_floor,0.00235826208327121,0.0,,1
val,paired FM [thr0.5],0.4,girth_w1_floor,0.001268685575778252,0.0,,1
val,paired FM [thr0.5],0.4,mass_w1_floor,0.028382738884839172,0.0,,1
val,paired FM [thr0.5],0.4,zlead_w1_floor,0.0025506128405569043,0.0,,1
val,paired FM [thr0.5],0.4,xi_w1_floor,0.006663111531351521,0.0,,1
val,paired FM [thr0.5],0.4,ptd_w1_floor,0.002062756778244051,0.0,,1
val,paired FM [thr0.5],0.5,scale_14_20,0.508910164807824,0.0,0.003310553872220074,1
val,paired FM [thr0.5],0.5,resolution_14_20,0.14790434345880166,0.0,0.0023415017145397895,1
val,paired FM [thr0.5],0.5,bias_gev_14_20,-8.694594897672262,0.0,0.062240033415162224,1
val,paired FM [thr0.5],0.5,rmse_gev_14_20,9.128424215965836,0.0,0.14447760977435256,1
val,paired FM [thr0.5],0.5,eff_14_20,0.668676716917923,0.0,0.008615131504750873,1
val,paired FM [thr0.5],0.5,fake_14_20,0.0005213764337851929,0.0,0.00023310583784424713,1
val,paired FM [thr0.5],0.5,scale_20_30,0.5628518142056694,0.0,0.001238240810265108,1
val,paired FM [thr0.5],0.5,resolution_20_30,0.14121917942265252,0.0,0.0008756021332084563,1
val,paired FM [thr0.5],0.5,bias_gev_20_30,-11.20564648723502,0.0,0.031602176635038434,1
val,paired FM [thr0.5],0.5,rmse_gev_20_30,11.771005584264978,0.0,0.07298103157965913,1
val,paired FM [thr0.5],0.5,eff_20_30,0.9799593159044677,0.0,0.001216398138476971,1
val,paired FM [thr0.5],0.5,fake_20_30,0.0,0.0,0.0,1
val,paired FM [thr0.5],0.5,scale_30_50,0.6457531387689394,0.0,0.0010237699896799317,1
val,paired FM [thr0.5],0.5,resolution_30_50,0.11688028260883172,0.0,0.0007239424739193035,1
val,paired FM [thr0.5],0.5,bias_gev_30_50,-12.416684090879565,0.0,0.035100277607685366,1
val,paired FM [thr0.5],0.5,rmse_gev_30_50,13.047310686922186,0.0,0.08081037980077731,1
val,paired FM [thr0.5],0.5,eff_30_50,0.9995398773006134,0.0,0.00018780108474145284,1
val,paired FM [thr0.5],0.5,fake_30_50,0.0,0.0,0.0,1
val,paired FM [thr0.5],0.5,deta_rms_20_50,0.039172410963312296,0.0,0.00017164710202871803,1
val,paired FM [thr0.5],0.5,calib_a,-6.930536166672643,0.0,,1
val,paired FM [thr0.5],0.5,calib_b,0.8435714748731726,0.0,,1
val,paired FM [thr0.5],0.5,scale_cal_20_30,0.9881810042436463,0.0,0.0020504509651152244,1
val,paired FM [thr0.5],0.5,resolution_cal_20_30,0.16559216534531526,0.0,0.0014499989483244004,1
val,paired FM [thr0.5],0.5,bias_cal_gev_20_30,-0.3140952039928941,0.0,0.05256695099891696,1
val,paired FM [thr0.5],0.5,scale_cal_30_50,0.9998332141428438,0.0,0.001645546206486694,1
val,paired FM [thr0.5],0.5,resolution_cal_30_50,0.13359362595515925,0.0,0.0011636651615403054,1
val,paired FM [thr0.5],0.5,bias_cal_gev_30_50,0.017336956050650432,0.0,0.05769520930579612,1
val,joint FM: M - B [thr0.5],0.2,scale_14_20,0.892500129658317,0.0,0.0019030475471582538,1
val,joint FM: M - B [thr0.5],0.2,resolution_14_20,0.16810492708576866,0.0,0.0013457440607575857,1
val,joint FM: M - B [thr0.5],0.2,bias_gev_14_20,-1.8064425259750383,0.0,0.03188017570370116,1
val,joint FM: M - B [thr0.5],0.2,rmse_gev_14_20,3.3457105880621034,0.0,0.026781973097317637,1
val,joint FM: M - B [thr0.5],0.2,eff_14_20,0.991234756097561,0.0,0.0010505765936316166,1
val,joint FM: M - B [thr0.5],0.2,fake_14_20,0.004009087264466123,0.0,0.0007304871323009774,1
val,joint FM: M - B [thr0.5],0.2,scale_20_30,0.9361127817662149,0.0,0.0010696931437142617,1
val,joint FM: M - B [thr0.5],0.2,resolution_20_30,0.11274991980125894,0.0,0.0007564213188387588,1
val,joint FM: M - B [thr0.5],0.2,bias_gev_20_30,-1.5353020771750499,0.0,0.025427332422423145,1
val,joint FM: M - B [thr0.5],0.2,rmse_gev_20_30,3.0887399468481957,0.0,0.020720933530493948,1
val,joint FM: M - B [thr0.5],0.2,eff_20_30,1.0,0.0,0.0,1
val,joint FM: M - B [thr0.5],0.2,fake_20_30,0.00031075201988812925,0.0,0.00017938488372848543,1
val,joint FM: M - B [thr0.5],0.2,scale_30_50,0.9643725147866652,0.0,0.001224720321885543,1
val,joint FM: M - B [thr0.5],0.2,resolution_30_50,0.07472801432022125,0.0,0.0008661243732334751,1
val,joint FM: M - B [thr0.5],0.2,bias_gev_30_50,-1.2148617168324023,0.0,0.0414391631983257,1
val,joint FM: M - B [thr0.5],0.2,rmse_gev_30_50,2.805180992562315,0.0,0.032508682699403706,1
val,joint FM: M - B [thr0.5],0.2,eff_30_50,1.0,0.0,0.0,1
val,joint FM: M - B [thr0.5],0.2,fake_30_50,0.0,0.0,0.0,1
val,joint FM: M - B [thr0.5],0.2,deta_rms_20_50,0.011387681101689058,0.0,6.611588271005872e-05,1
val,joint FM: M - B [thr0.5],0.2,calib_a,-2.362315062082801,0.0,,1
val,joint FM: M - B [thr0.5],0.2,calib_b,1.0336535758839138,0.0,,1
val,joint FM: M - B [thr0.5],0.2,scale_cal_20_30,1.0000785802604266,0.0,0.0014662466117373648,1
val,joint FM: M - B [thr0.5],0.2,resolution_cal_20_30,0.10940007813910857,0.0,0.0010368860541352008,1
val,joint FM: M - B [thr0.5],0.2,bias_cal_gev_20_30,0.0009460004404962977,0.0,0.035043430958784,1
val,joint FM: M - B [thr0.5],0.2,scale_cal_30_50,0.9989432769212202,0.0,0.0016833440516852956,1
val,joint FM: M - B [thr0.5],0.2,resolution_cal_30_50,0.07291037059528531,0.0,0.0011906213661044772,1
val,joint FM: M - B [thr0.5],0.2,bias_cal_gev_30_50,-0.044455472734488265,0.0,0.05693167939347453,1
val,joint FM: M - B [thr0.5],0.4,scale_14_20,0.6867819119022669,0.0,0.0037046944613981993,1
val,joint FM: M - B [thr0.5],0.4,resolution_14_20,0.20746288983829916,0.0,0.002620032343934494,1
val,joint FM: M - B [thr0.5],0.4,bias_gev_14_20,-5.482531029757983,0.0,0.0653938680467026,1
val,joint FM: M - B [thr0.5],0.4,rmse_gev_14_20,6.5930876766209225,0.0,0.08325030366243061,1
val,joint FM: M - B [thr0.5],0.4,eff_14_20,0.8057553956834532,0.0,0.006341466132186369,1
val,joint FM: M - B [thr0.5],0.4,fake_14_20,0.003894297635605007,0.0,0.0007345186687626289,1
val,joint FM: M - B [thr0.5],0.4,scale_20_30,0.7532953517003297,0.0,0.0013489553265530769,1
val,joint FM: M - B [thr0.5],0.4,resolution_20_30,0.15891357904468856,0.0,0.0009538898265199728,1
val,joint FM: M - B [thr0.5],0.4,bias_gev_20_30,-6.215852622067954,0.0,0.03343914600953735,1
val,joint FM: M - B [thr0.5],0.4,rmse_gev_20_30,7.358999734329111,0.0,0.04417131695732357,1
val,joint FM: M - B [thr0.5],0.4,eff_20_30,0.9925618652553283,0.0,0.0007266514835189864,1
val,joint FM: M - B [thr0.5],0.4,fake_20_30,0.00016290624745458987,0.0,0.00011518272913326231,1
val,joint FM: M - B [thr0.5],0.4,scale_30_50,0.8164458813464941,0.0,0.0011367898188861711,1
val,joint FM: M - B [thr0.5],0.4,resolution_30_50,0.11745850204069119,0.0,0.0008038694390374659,1
val,joint FM: M - B [thr0.5],0.4,bias_gev_30_50,-6.36296756338705,0.0,0.03883711477140803,1
val,joint FM: M - B [thr0.5],0.4,rmse_gev_30_50,7.522645570104825,0.0,0.05148151514769445,1
val,joint FM: M - B [thr0.5],0.4,eff_30_50,0.9999063407324155,0.0,9.365488145262552e-05,1
val,joint FM: M - B [thr0.5],0.4,fake_30_50,0.0,0.0,0.0,1
val,joint FM: M - B [thr0.5],0.4,deta_rms_20_50,0.0317919789719773,0.0,0.0001434635056339387,1
val,joint FM: M - B [thr0.5],0.4,calib_a,-5.27395408074389,0.0,,1
val,joint FM: M - B [thr0.5],0.4,calib_b,0.96823579377267,0.0,,1
val,joint FM: M - B [thr0.5],0.4,scale_cal_20_30,0.9940555886126957,0.0,0.0019438899819163478,1
val,joint FM: M - B [thr0.5],0.4,resolution_cal_20_30,0.1620672734630136,0.0,0.0013746366721474467,1
val,joint FM: M - B [thr0.5],0.4,bias_cal_gev_20_30,-0.14620994556486724,0.0,0.04863363287587415,1
val,joint FM: M - B [thr0.5],0.4,scale_cal_30_50,0.9995525661230499,0.0,0.0016193647010979584,1
val,joint FM: M - B [thr0.5],0.4,resolution_cal_30_50,0.11927365820144148,0.0,0.001145169311783482,1
val,joint FM: M - B [thr0.5],0.4,bias_cal_gev_30_50,-0.0016816445618789767,0.0,0.05603471388314613,1
val,joint FM: M - B [thr0.5],0.4,sub_truth_jets,13982.0,0.0,,1
val,joint FM: M - B [thr0.5],0.4,sub_matched,13878.0,0.0,,1
val,joint FM: M - B [thr0.5],0.4,zg_mean_truth,0.2468019464600556,0.0,0.0009747757447164019,1
val,joint FM: M - B [thr0.5],0.4,zg_truth_all_sd,0.11513913115315934,0.0,,1
val,joint FM: M - B [thr0.5],0.4,zg_mean_reco,0.26382568497022596,0.0,0.0009997690114545478,1
val,joint FM: M - B [thr0.5],0.4,zg_w1,0.017023968310956025,0.0,,1
val,joint FM: M - B [thr0.5],0.4,zg_pair_bias,0.017298645869602815,0.0,0.0012142706134650402,1
val,joint FM: M - B [thr0.5],0.4,zg_pair_rmse,0.143479070475425,0.0,0.0008649283280084346,1
val,joint FM: M - B [thr0.5],0.4,zg_truth_sd,0.11488577803530226,0.0,,1
val,joint FM: M - B [thr0.5],0.4,zg_pair_undefined,0.00857472258250469,0.0,,1
val,joint FM: M - B [thr0.5],0.4,rg_mean_truth,0.25681209316520703,0.0,0.0006292934832735559,1
val,joint FM: M - B [thr0.5],0.4,rg_truth_all_sd,0.074331255467936,0.0,,1
val,joint FM: M - B [thr0.5],0.4,rg_mean_reco,0.1960477319031864,0.0,0.0006128547125557184,1
val,joint FM: M - B [thr0.5],0.4,rg_w1,0.06076436126202062,0.0,,1
val,joint FM: M - B [thr0.5],0.4,rg_pair_bias,-0.06027967645300172,0.0,0.0006337675433224215,1
val,joint FM: M - B [thr0.5],0.4,rg_pair_rmse,0.09570839673608675,0.0,0.0005769545571421171,1
val,joint FM: M - B [thr0.5],0.4,rg_truth_sd,0.07405193072611518,0.0,,1
val,joint FM: M - B [thr0.5],0.4,rg_pair_undefined,0.00857472258250469,0.0,,1
val,joint FM: M - B [thr0.5],0.4,girth_mean_truth,0.1438926693175284,0.0,0.00031543679697609167,1
val,joint FM: M - B [thr0.5],0.4,girth_truth_all_sd,0.03729898408401423,0.0,,1
val,joint FM: M - B [thr0.5],0.4,girth_mean_reco,0.102946481262908,0.0,0.00028525117611201346,1
val,joint FM: M - B [thr0.5],0.4,girth_w1,0.040946188054620414,0.0,,1
val,joint FM: M - B [thr0.5],0.4,girth_pair_bias,-0.040449116073217876,0.0,0.00021868496294935206,1
val,joint FM: M - B [thr0.5],0.4,girth_pair_rmse,0.0479564401681195,0.0,0.0002878515009219587,1
val,joint FM: M - B [thr0.5],0.4,girth_truth_sd,0.03691428169959972,0.0,,1
val,joint FM: M - B [thr0.5],0.4,girth_pair_undefined,0.0,0.0,,1
val,joint FM: M - B [thr0.5],0.4,mass_mean_truth,4.257431070304588,0.0,0.007917988058547133,1
val,joint FM: M - B [thr0.5],0.4,mass_truth_all_sd,0.9362665148909336,0.0,,1
val,joint FM: M - B [thr0.5],0.4,mass_mean_reco,2.2458648354643467,0.0,0.006379025261642068,1
val,joint FM: M - B [thr0.5],0.4,mass_w1,2.0115662348402417,0.0,,1
val,joint FM: M - B [thr0.5],0.4,mass_pair_bias,-2.0059536821999755,0.0,0.00856070619982565,1
val,joint FM: M - B [thr0.5],0.4,mass_pair_rmse,2.2451968710627273,0.0,0.013476465036500518,1
val,joint FM: M - B [thr0.5],0.4,mass_truth_sd,0.9354584966401016,0.0,,1
val,joint FM: M - B [thr0.5],0.4,mass_pair_undefined,0.0,0.0,,1
val,joint FM: M - B [thr0.5],0.4,zlead_mean_truth,0.27740267927557066,0.0,0.000993361862433755,1
val,joint FM: M - B [thr0.5],0.4,zlead_truth_all_sd,0.11746057737008929,0.0,,1
val,joint FM: M - B [thr0.5],0.4,zlead_mean_reco,0.3683312474911346,0.0,0.0011771017085045652,1
val,joint FM: M - B [thr0.5],0.4,zlead_w1,0.09092856821556393,0.0,,1
val,joint FM: M - B [thr0.5],0.4,zlead_pair_bias,0.09012933083301665,0.0,0.0005602547599540444,1
val,joint FM: M - B [thr0.5],0.4,zlead_pair_rmse,0.11171122505283622,0.0,0.0006705302497132901,1
val,joint FM: M - B [thr0.5],0.4,zlead_truth_sd,0.11741341756897476,0.0,,1
val,joint FM: M - B [thr0.5],0.4,zlead_pair_undefined,0.0,0.0,,1
val,joint FM: M - B [thr0.5],0.4,xi_mean_truth,5.277875749137128,0.0,0.002813431504379299,1
val,joint FM: M - B [thr0.5],0.4,xi_truth_all_sd,2.050399078183814,0.0,,1
val,joint FM: M - B [thr0.5],0.4,xi_mean_reco,2.548753454552535,0.0,0.0023658804270007224,1
val,joint FM: M - B [thr0.5],0.4,xi_w1,2.7291222945845925,0.0,,1
val,joint FM: M - B [thr0.5],0.4,ptd_mean_truth,0.37313176550987476,0.0,0.0007695188648364086,1
val,joint FM: M - B [thr0.5],0.4,ptd_truth_all_sd,0.09099214856045275,0.0,,1
val,joint FM: M - B [thr0.5],0.4,ptd_mean_reco,0.47243863890173055,0.0,0.0008779262471890959,1
val,joint FM: M - B [thr0.5],0.4,ptd_w1,0.09930687339185575,0.0,,1
val,joint FM: M - B [thr0.5],0.4,ptd_pair_bias,0.09857833305735458,0.0,0.0005096044307204617,1
val,joint FM: M - B [thr0.5],0.4,ptd_pair_rmse,0.11541992122357769,0.0,0.0006927911547235236,1
val,joint FM: M - B [thr0.5],0.4,ptd_truth_sd,0.09086063842070469,0.0,,1
val,joint FM: M - B [thr0.5],0.4,ptd_pair_undefined,0.0,0.0,,1
val,joint FM: M - B [thr0.5],0.4,zg_w1_floor,0.0007714136295143184,0.0,,1
val,joint FM: M - B [thr0.5],0.4,rg_w1_floor,0.00235826208327121,0.0,,1
val,joint FM: M - B [thr0.5],0.4,girth_w1_floor,0.001268685575778252,0.0,,1
val,joint FM: M - B [thr0.5],0.4,mass_w1_floor,0.028382738884839172,0.0,,1
val,joint FM: M - B [thr0.5],0.4,zlead_w1_floor,0.0025506128405569043,0.0,,1
val,joint FM: M - B [thr0.5],0.4,xi_w1_floor,0.006663111531351521,0.0,,1
val,joint FM: M - B [thr0.5],0.4,ptd_w1_floor,0.002062756778244051,0.0,,1
val,joint FM: M - B [thr0.5],0.5,scale_14_20,0.6461159893950608,0.0,0.004535646224692637,1
val,joint FM: M - B [thr0.5],0.5,resolution_14_20,0.2081461374581508,0.0,0.0032079479140378676,1
val,joint FM: M - B [thr0.5],0.5,bias_gev_14_20,-6.248614245021275,0.0,0.08100418680884039,1
val,joint FM: M - B [thr0.5],0.5,rmse_gev_14_20,7.270768490465456,0.0,0.11203046412137226,1
val,joint FM: M - B [thr0.5],0.5,eff_14_20,0.7055276381909548,0.0,0.008342709430982139,1
val,joint FM: M - B [thr0.5],0.5,fake_14_20,0.0031895714880044376,0.0,0.0006640101360566198,1
val,joint FM: M - B [thr0.5],0.5,scale_20_30,0.7022251133341749,0.0,0.0015002927700791561,1
val,joint FM: M - B [thr0.5],0.5,resolution_20_30,0.1709675608114882,0.0,0.001060908040420251,1
val,joint FM: M - B [thr0.5],0.5,bias_gev_20_30,-7.617880306519609,0.0,0.03793244899963802,1
val,joint FM: M - B [thr0.5],0.5,rmse_gev_20_30,8.758839826556459,0.0,0.054349291546240956,1
val,joint FM: M - B [thr0.5],0.5,eff_20_30,0.9783771566337678,0.0,0.0012624814512204835,1
val,joint FM: M - B [thr0.5],0.5,fake_20_30,0.00024051952216788263,0.0,0.00013884731011194203,1
val,joint FM: M - B [thr0.5],0.5,scale_30_50,0.7734583852757798,0.0,0.0011513489196782263,1
val,joint FM: M - B [thr0.5],0.5,resolution_30_50,0.13145057057576584,0.0,0.0008141578588991465,1
val,joint FM: M - B [thr0.5],0.5,bias_gev_30_50,-7.922158421146686,0.0,0.0397319377854396,1
val,joint FM: M - B [thr0.5],0.5,rmse_gev_30_50,9.128964641895072,0.0,0.05653937578292598,1
val,joint FM: M - B [thr0.5],0.5,eff_30_50,0.9996165644171779,0.0,0.00017144472717665614,1
val,joint FM: M - B [thr0.5],0.5,fake_30_50,0.0,0.0,0.0,1
val,joint FM: M - B [thr0.5],0.5,deta_rms_20_50,0.041765108524664266,0.0,0.0001830781962917428,1
val,joint FM: M - B [thr0.5],0.5,calib_a,-6.047864396631284,0.0,,1
val,joint FM: M - B [thr0.5],0.5,calib_b,0.9460646944317421,0.0,,1
val,joint FM: M - B [thr0.5],0.5,scale_cal_20_30,0.9924418737763421,0.0,0.0022205318740871533,1
val,joint FM: M - B [thr0.5],0.5,resolution_cal_20_30,0.17917642173227685,0.0,0.0015702737368568156,1
val,joint FM: M - B [thr0.5],0.5,bias_cal_gev_20_30,-0.1992439096356838,0.0,0.05662935725467722,1
val,joint FM: M - B [thr0.5],0.5,scale_cal_30_50,0.9997967851797128,0.0,0.001680718723141992,1
val,joint FM: M - B [thr0.5],0.5,resolution_cal_30_50,0.13644910580460187,0.0,0.0011885377735120176,1
val,joint FM: M - B [thr0.5],0.5,bias_cal_gev_30_50,0.0011834644134392112,0.0,0.058829725348094775,1
val,joint FM: direct S [thr0.5],0.2,scale_14_20,0.7605659736889321,0.0,0.0021408170016049143,1
val,joint FM: direct S [thr0.5],0.2,resolution_14_20,0.18747739656852466,0.0,0.001513884923917907,1
val,joint FM: direct S [thr0.5],0.2,bias_gev_14_20,-4.045081555361509,0.0,0.03619194465776658,1
val,joint FM: direct S [thr0.5],0.2,rmse_gev_14_20,5.138869236940935,0.0,0.0414937991197685,1
val,joint FM: direct S [thr0.5],0.2,eff_14_20,0.9742123983739838,0.0,0.0017864454514952175,1
val,joint FM: direct S [thr0.5],0.2,fake_14_20,0.0012068185246643535,0.0,0.00042641724398722507,1
val,joint FM: direct S [thr0.5],0.2,scale_20_30,0.8862285212495887,0.0,0.001688134773783903,1
val,joint FM: direct S [thr0.5],0.2,resolution_20_30,0.17786404600003627,0.0,0.001193745314777901,1
val,joint FM: direct S [thr0.5],0.2,bias_gev_20_30,-2.6645658904762177,0.0,0.040974388090734136,1
val,joint FM: direct S [thr0.5],0.2,rmse_gev_20_30,5.073202697174713,0.0,0.034047573455429976,1
val,joint FM: direct S [thr0.5],0.2,eff_20_30,0.9991899189918992,0.0,0.00026991760866798526,1
val,joint FM: direct S [thr0.5],0.2,fake_20_30,0.00013962580284836637,0.0,0.0001396160548256751,1
val,joint FM: direct S [thr0.5],0.2,scale_30_50,1.0149999511157886,0.0,0.00310068323333499,1
val,joint FM: direct S [thr0.5],0.2,resolution_30_50,0.18919250127767656,0.0,0.0021928086552309165,1
val,joint FM: direct S [thr0.5],0.2,bias_gev_30_50,0.6619155006044583,0.0,0.10973852574671851,1
val,joint FM: direct S [thr0.5],0.2,rmse_gev_30_50,6.728485978660782,0.0,0.07797508121851111,1
val,joint FM: direct S [thr0.5],0.2,eff_30_50,1.0,0.0,0.0,1
val,joint FM: direct S [thr0.5],0.2,fake_30_50,0.0,0.0,0.0,1
val,joint FM: direct S [thr0.5],0.2,deta_rms_20_50,0.012159777735355093,0.0,7.0620036174948e-05,1
val,joint FM: direct S [thr0.5],0.2,calib_a,-8.962113464858778,0.0,,1
val,joint FM: direct S [thr0.5],0.2,calib_b,1.271618901603448,0.0,,1
val,joint FM: direct S [thr0.5],0.2,scale_cal_20_30,0.9879057935701688,0.0,0.0018255515722332455,1
val,joint FM: direct S [thr0.5],0.2,resolution_cal_20_30,0.13612299694919666,0.0,0.0012909759963161554,1
val,joint FM: direct S [thr0.5],0.2,bias_cal_gev_20_30,-0.29580171970197794,0.0,0.04495206019625388,1
val,joint FM: direct S [thr0.5],0.2,scale_cal_30_50,1.0016362982270508,0.0,0.003324251411431398,1
val,joint FM: direct S [thr0.5],0.2,resolution_cal_30_50,0.1439826885755827,0.0,0.0023512274586948963,1
val,joint FM: direct S [thr0.5],0.2,bias_cal_gev_30_50,0.10436871046273935,0.0,0.11728044103426306,1
val,joint FM: direct S [thr0.5],0.4,scale_14_20,0.5596073888784444,0.0,0.0036203286640566924,1
val,joint FM: direct S [thr0.5],0.4,resolution_14_20,0.18231509305695112,0.0,0.0025604638215627083,1
val,joint FM: direct S [thr0.5],0.4,bias_gev_14_20,-7.7712087324416546,0.0,0.06604419450382164,1
val,joint FM: direct S [thr0.5],0.4,rmse_gev_14_20,8.453005401330328,0.0,0.11869202080769695,1
val,joint FM: direct S [thr0.5],0.4,eff_14_20,0.6515930113052415,0.0,0.007637394462350216,1
val,joint FM: direct S [thr0.5],0.4,fake_14_20,0.0008301051466519093,0.0,0.00033874832106936266,1
val,joint FM: direct S [thr0.5],0.4,scale_20_30,0.6391127045218704,0.0,0.0016793813446721504,1
val,joint FM: direct S [thr0.5],0.4,resolution_20_30,0.1957974281736632,0.0,0.00118754562006824,1
val,joint FM: direct S [thr0.5],0.4,bias_gev_20_30,-9.096290397741036,0.0,0.04232877038496007,1
val,joint FM: direct S [thr0.5],0.4,rmse_gev_20_30,10.348788056469994,0.0,0.06276489930156164,1
val,joint FM: direct S [thr0.5],0.4,eff_20_30,0.9721785152338721,0.0,0.0013908442917041379,1
val,joint FM: direct S [thr0.5],0.4,fake_20_30,0.0,0.0,0.0,1
val,joint FM: direct S [thr0.5],0.4,scale_30_50,0.7796584171144688,0.0,0.0020002352301285256,1
val,joint FM: direct S [thr0.5],0.4,resolution_30_50,0.2066544071056658,0.0,0.001414446153356028,1
val,joint FM: direct S [thr0.5],0.4,bias_gev_30_50,-7.515748923099998,0.0,0.06974173155044057,1
val,joint FM: direct S [thr0.5],0.4,rmse_gev_30_50,10.41171685257828,0.0,0.07125966098167912,1
val,joint FM: direct S [thr0.5],0.4,eff_30_50,0.9997190221972464,0.0,0.00016219981797870118,1
val,joint FM: direct S [thr0.5],0.4,fake_30_50,0.0,0.0,0.0,1
val,joint FM: direct S [thr0.5],0.4,deta_rms_20_50,0.03311698064796322,0.0,0.00015032378121254762,1
val,joint FM: direct S [thr0.5],0.4,calib_a,-11.459197506990852,0.0,,1
val,joint FM: direct S [thr0.5],0.4,calib_b,1.1107732935937973,0.0,,1
val,joint FM: direct S [thr0.5],0.4,scale_cal_20_30,0.9836367169841231,0.0,0.002082577134602627,1
val,joint FM: direct S [thr0.5],0.4,resolution_cal_20_30,0.17174633700372027,0.0,0.001472712689977327,1
val,joint FM: direct S [thr0.5],0.4,bias_cal_gev_20_30,-0.4387900410065616,0.0,0.05367787044611546,1
val,joint FM: direct S [thr0.5],0.4,scale_cal_30_50,0.9971855506291312,0.0,0.002428643871675201,1
val,joint FM: direct S [thr0.5],0.4,resolution_cal_30_50,0.17886430377419626,0.0,0.0017174688792928612,1
val,joint FM: direct S [thr0.5],0.4,bias_cal_gev_30_50,-0.03342873089449978,0.0,0.08651356040912164,1
val,joint FM: direct S [thr0.5],0.4,sub_truth_jets,13982.0,0.0,,1
val,joint FM: direct S [thr0.5],0.4,sub_matched,13593.0,0.0,,1
val,joint FM: direct S [thr0.5],0.4,zg_mean_truth,0.2468019464600556,0.0,0.0009747757447164019,1
val,joint FM: direct S [thr0.5],0.4,zg_truth_all_sd,0.11513913115315934,0.0,,1
val,joint FM: direct S [thr0.5],0.4,zg_mean_reco,0.26367050356204963,0.0,0.0010160798784658962,1
val,joint FM: direct S [thr0.5],0.4,zg_w1,0.016868557101994086,0.0,,1
val,joint FM: direct S [thr0.5],0.4,zg_pair_bias,0.01752142818834457,0.0,0.0012662099699380757,1
val,joint FM: direct S [thr0.5],0.4,zg_pair_rmse,0.1471283778631701,0.0,0.0009017630192708109,1
val,joint FM: direct S [thr0.5],0.4,zg_truth_sd,0.11454057517057531,0.0,,1
val,joint FM: direct S [thr0.5],0.4,zg_pair_undefined,0.020819539468844295,0.0,,1
val,joint FM: direct S [thr0.5],0.4,rg_mean_truth,0.25681209316520703,0.0,0.0006292934832735559,1
val,joint FM: direct S [thr0.5],0.4,rg_truth_all_sd,0.074331255467936,0.0,,1
val,joint FM: direct S [thr0.5],0.4,rg_mean_reco,0.1775653178335126,0.0,0.0005894689994700864,1
val,joint FM: direct S [thr0.5],0.4,rg_w1,0.0792467753316944,0.0,,1
val,joint FM: direct S [thr0.5],0.4,rg_pair_bias,-0.07757707154399802,0.0,0.0006647778501073203,1
val,joint FM: direct S [thr0.5],0.4,rg_pair_rmse,0.10908842684791799,0.0,0.000668612748883616,1
val,joint FM: direct S [thr0.5],0.4,rg_truth_sd,0.07370114679839794,0.0,,1
val,joint FM: direct S [thr0.5],0.4,rg_pair_undefined,0.020819539468844295,0.0,,1
val,joint FM: direct S [thr0.5],0.4,girth_mean_truth,0.1438926693175284,0.0,0.00031543679697609167,1
val,joint FM: direct S [thr0.5],0.4,girth_truth_all_sd,0.03729898408401423,0.0,,1
val,joint FM: direct S [thr0.5],0.4,girth_mean_reco,0.0893892116259402,0.0,0.00027947771093346914,1
val,joint FM: direct S [thr0.5],0.4,girth_w1,0.054503457691588195,0.0,,1
val,joint FM: direct S [thr0.5],0.4,girth_pair_bias,-0.05280522570237867,0.0,0.00023777691458095387,1
val,joint FM: direct S [thr0.5],0.4,girth_pair_rmse,0.059639844127187994,0.0,0.0003617127716383666,1
val,joint FM: direct S [thr0.5],0.4,girth_truth_sd,0.03609571178623623,0.0,,1
val,joint FM: direct S [thr0.5],0.4,girth_pair_undefined,0.0,0.0,,1
val,joint FM: direct S [thr0.5],0.4,mass_mean_truth,4.257431070304588,0.0,0.007917988058547133,1
val,joint FM: direct S [thr0.5],0.4,mass_truth_all_sd,0.9362665148909336,0.0,,1
val,joint FM: direct S [thr0.5],0.4,mass_mean_reco,1.6189727310299025,0.0,0.004996548281733613,1
val,joint FM: direct S [thr0.5],0.4,mass_w1,2.638458339274686,0.0,,1
val,joint FM: direct S [thr0.5],0.4,mass_pair_bias,-2.6162045082408447,0.0,0.0089366589182147,1
val,joint FM: direct S [thr0.5],0.4,mass_pair_rmse,2.8160461021564016,0.0,0.01707918348177007,1
val,joint FM: direct S [thr0.5],0.4,mass_truth_sd,0.9290532086587915,0.0,,1
val,joint FM: direct S [thr0.5],0.4,mass_pair_undefined,0.0,0.0,,1
val,joint FM: direct S [thr0.5],0.4,zlead_mean_truth,0.27740267927557066,0.0,0.000993361862433755,1
val,joint FM: direct S [thr0.5],0.4,zlead_truth_all_sd,0.11746057737008929,0.0,,1
val,joint FM: direct S [thr0.5],0.4,zlead_mean_reco,0.4250440611055833,0.0,0.0013560543823621294,1
val,joint FM: direct S [thr0.5],0.4,zlead_w1,0.14764138183001266,0.0,,1
val,joint FM: direct S [thr0.5],0.4,zlead_pair_bias,0.1448614810296143,0.0,0.0007128341588960814,1
val,joint FM: direct S [thr0.5],0.4,zlead_pair_rmse,0.16700866527320737,0.0,0.0010128994816748249,1
val,joint FM: direct S [thr0.5],0.4,zlead_truth_sd,0.11743454716296364,0.0,,1
val,joint FM: direct S [thr0.5],0.4,zlead_pair_undefined,0.0,0.0,,1
val,joint FM: direct S [thr0.5],0.4,xi_mean_truth,5.277875749137128,0.0,0.002813431504379299,1
val,joint FM: direct S [thr0.5],0.4,xi_truth_all_sd,2.050399078183814,0.0,,1
val,joint FM: direct S [thr0.5],0.4,xi_mean_reco,2.3491925520132715,0.0,0.0027410023342662434,1
val,joint FM: direct S [thr0.5],0.4,xi_w1,2.9286831971238563,0.0,,1
val,joint FM: direct S [thr0.5],0.4,ptd_mean_truth,0.37313176550987476,0.0,0.0007695188648364086,1
val,joint FM: direct S [thr0.5],0.4,ptd_truth_all_sd,0.09099214856045275,0.0,,1
val,joint FM: direct S [thr0.5],0.4,ptd_mean_reco,0.5229190662662565,0.0,0.0010004848729524229,1
val,joint FM: direct S [thr0.5],0.4,ptd_w1,0.14978730075638177,0.0,,1
val,joint FM: direct S [thr0.5],0.4,ptd_pair_bias,0.14727576692668426,0.0,0.0006123045441696276,1
val,joint FM: direct S [thr0.5],0.4,ptd_pair_rmse,0.16366550134736976,0.0,0.0009926233540733299,1
val,joint FM: direct S [thr0.5],0.4,ptd_truth_sd,0.09068881471485146,0.0,,1
val,joint FM: direct S [thr0.5],0.4,ptd_pair_undefined,0.0,0.0,,1
val,joint FM: direct S [thr0.5],0.4,zg_w1_floor,0.0007714136295143184,0.0,,1
val,joint FM: direct S [thr0.5],0.4,rg_w1_floor,0.00235826208327121,0.0,,1
val,joint FM: direct S [thr0.5],0.4,girth_w1_floor,0.001268685575778252,0.0,,1
val,joint FM: direct S [thr0.5],0.4,mass_w1_floor,0.028382738884839172,0.0,,1
val,joint FM: direct S [thr0.5],0.4,zlead_w1_floor,0.0025506128405569043,0.0,,1
val,joint FM: direct S [thr0.5],0.4,xi_w1_floor,0.006663111531351521,0.0,,1
val,joint FM: direct S [thr0.5],0.4,ptd_w1_floor,0.002062756778244051,0.0,,1
val,joint FM: direct S [thr0.5],0.5,scale_14_20,0.5320225441448991,0.0,0.0045182830041366594,1
val,joint FM: direct S [thr0.5],0.5,resolution_14_20,0.18056180505532143,0.0,0.0031959093060100786,1
val,joint FM: direct S [thr0.5],0.5,bias_gev_14_20,-8.30600274267691,0.0,0.08332858054551523,1
val,joint FM: direct S [thr0.5],0.5,rmse_gev_14_20,8.948669976120351,0.0,0.15834014410135586,1
val,joint FM: direct S [thr0.5],0.5,eff_14_20,0.5350083752093803,0.0,0.009129157251118234,1
val,joint FM: direct S [thr0.5],0.5,fake_14_20,0.0006858710562414266,0.0,0.000306625654158541,1
val,joint FM: direct S [thr0.5],0.5,scale_20_30,0.591483369064953,0.0,0.0017682010472459563,1
val,joint FM: direct S [thr0.5],0.5,resolution_20_30,0.1974376804850832,0.0,0.0012503570946632058,1
val,joint FM: direct S [thr0.5],0.5,bias_gev_20_30,-10.493475175671154,0.0,0.04577127894773571,1
val,joint FM: direct S [thr0.5],0.5,rmse_gev_20_30,11.671915251987194,0.0,0.07391434469494511,1
val,joint FM: direct S [thr0.5],0.5,eff_20_30,0.9393505612898365,0.0,0.0020717755115803225,1
val,joint FM: direct S [thr0.5],0.5,fake_20_30,0.00012051096649795132,0.0,0.00012050370483264401,1
val,joint FM: direct S [thr0.5],0.5,scale_30_50,0.7253516135055046,0.0,0.001869861784662443,1
val,joint FM: direct S [thr0.5],0.5,resolution_30_50,0.21330361740685938,0.0,0.0013222427534783005,1
val,joint FM: direct S [thr0.5],0.5,bias_gev_30_50,-9.493009978870404,0.0,0.06549047353610067,1
val,joint FM: direct S [thr0.5],0.5,rmse_gev_30_50,12.08014996174799,0.0,0.07488047883112961,1
val,joint FM: direct S [thr0.5],0.5,eff_30_50,0.9979294478527607,0.0,0.00039806519807767266,1
val,joint FM: direct S [thr0.5],0.5,fake_30_50,0.0,0.0,0.0,1
val,joint FM: direct S [thr0.5],0.5,deta_rms_20_50,0.04264788707813307,0.0,0.00018891841265069912,1
val,joint FM: direct S [thr0.5],0.5,calib_a,-11.804411866955983,0.0,,1
val,joint FM: direct S [thr0.5],0.5,calib_b,1.0656894356341615,0.0,,1
val,joint FM: direct S [thr0.5],0.5,scale_cal_20_30,0.9866728524280056,0.0,0.0023138194449351156,1
val,joint FM: direct S [thr0.5],0.5,resolution_cal_20_30,0.18283566415214642,0.0,0.0016362484508620995,1
val,joint FM: direct S [thr0.5],0.5,bias_cal_gev_20_30,-0.3890253534023158,0.0,0.06063299230613017,1
val,joint FM: direct S [thr0.5],0.5,scale_cal_30_50,0.9958802275347584,0.0,0.002369824302153902,1
val,joint FM: direct S [thr0.5],0.5,resolution_cal_30_50,0.19223350989840798,0.0,0.001675846183047247,1
val,joint FM: direct S [thr0.5],0.5,bias_cal_gev_30_50,-0.08676437488939788,0.0,0.08506246998677086,1
jewel,UVCGAN-S,0.2,scale_14_20,1.011004598895041,0.0,0.0019126741556405552,1
jewel,UVCGAN-S,0.2,resolution_14_20,0.14197660569742032,0.0,0.0013525876105707337,1
jewel,UVCGAN-S,0.2,bias_gev_14_20,0.18902181210703128,0.0,0.03172074088652678,1
jewel,UVCGAN-S,0.2,rmse_gev_14_20,2.362185643132663,0.0,0.02250210922281925,1
jewel,UVCGAN-S,0.2,eff_14_20,0.9989122552574329,0.0,0.0004438283485342944,1
jewel,UVCGAN-S,0.2,fake_14_20,0.010058231868713605,0.0,0.0013255284073022224,1
jewel,UVCGAN-S,0.2,scale_20_30,0.9987490282502562,0.0,0.0011664684227806973,1
jewel,UVCGAN-S,0.2,resolution_20_30,0.09358683090111805,0.0,0.0008248818077433859,1
jewel,UVCGAN-S,0.2,bias_gev_20_30,-0.04152892288852301,0.0,0.027696907093506813,1
jewel,UVCGAN-S,0.2,rmse_gev_20_30,2.2225362724255193,0.0,0.019588090646812727,1
jewel,UVCGAN-S,0.2,eff_20_30,1.0,0.0,0.0,1
jewel,UVCGAN-S,0.2,fake_20_30,0.0011976047904191617,0.0,0.0004231636150327599,1
jewel,UVCGAN-S,0.2,scale_30_50,0.9852877905118348,0.0,0.0010350862188783195,1
jewel,UVCGAN-S,0.2,resolution_30_50,0.05917217736666969,0.0,0.0007320284925141633,1
jewel,UVCGAN-S,0.2,bias_gev_30_50,-0.529416903774217,0.0,0.03612846016198258,1
jewel,UVCGAN-S,0.2,rmse_gev_30_50,2.132109366063318,0.0,0.026372630874630792,1
jewel,UVCGAN-S,0.2,eff_30_50,1.0,0.0,0.0,1
jewel,UVCGAN-S,0.2,fake_30_50,0.0,0.0,0.0,1
jewel,UVCGAN-S,0.2,deta_rms_20_50,0.009254218748433605,0.0,6.642430106106349e-05,1
jewel,UVCGAN-S,0.2,calib_a,-0.19339679646029603,0.0,,1
jewel,UVCGAN-S,0.2,calib_b,0.9923713271120657,0.0,,1
jewel,UVCGAN-S,0.2,scale_cal_20_30,1.0140645695033805,0.0,0.0016145621203258733,1
jewel,UVCGAN-S,0.2,resolution_cal_20_30,0.0920158769430067,0.0,0.0011418436138794202,1
jewel,UVCGAN-S,0.2,bias_cal_gev_20_30,0.3305467741890741,0.0,0.03836006488064999,1
jewel,UVCGAN-S,0.2,scale_cal_30_50,0.9991000700816287,0.0,0.0014350083250180314,1
jewel,UVCGAN-S,0.2,resolution_cal_30_50,0.05918430845058229,0.0,0.0010150025161912693,1
jewel,UVCGAN-S,0.2,bias_cal_gev_30_50,-0.03903511319807623,0.0,0.05013394556029308,1
jewel,UVCGAN-S,0.4,scale_14_20,1.0603906789704642,0.0,0.0030765455662890217,1
jewel,UVCGAN-S,0.4,resolution_14_20,0.23314857204152567,0.0,0.0021756356571016947,1
jewel,UVCGAN-S,0.4,bias_gev_14_20,1.0205311247437576,0.0,0.05121094370038735,1
jewel,UVCGAN-S,0.4,rmse_gev_14_20,4.012835679506744,0.0,0.03744268379769385,1
jewel,UVCGAN-S,0.4,eff_14_20,0.9790317081486533,0.0,0.0018707203728227666,1
jewel,UVCGAN-S,0.4,fake_14_20,0.07959697732997481,0.0,0.0035074898516742757,1
jewel,UVCGAN-S,0.4,scale_20_30,1.0223461389939459,0.0,0.0015569521424079764,1
jewel,UVCGAN-S,0.4,resolution_20_30,0.1423483462516025,0.0,0.0011009972768464245,1
jewel,UVCGAN-S,0.4,bias_gev_20_30,0.5141584189889729,0.0,0.037351022520728944,1
jewel,UVCGAN-S,0.4,rmse_gev_20_30,3.4534027343606684,0.0,0.026708842560973476,1
jewel,UVCGAN-S,0.4,eff_20_30,0.9995217027382518,0.0,0.00023909143196610566,1
jewel,UVCGAN-S,0.4,fake_20_30,0.005920344456404736,0.0,0.0007959324728838403,1
jewel,UVCGAN-S,0.4,scale_30_50,0.9797316803164746,0.0,0.0011536527275943448,1
jewel,UVCGAN-S,0.4,resolution_30_50,0.08703008146041515,0.0,0.0008158273469418303,1
jewel,UVCGAN-S,0.4,bias_gev_30_50,-0.7747517764104908,0.0,0.040963491599525434,1
jewel,UVCGAN-S,0.4,rmse_gev_30_50,3.18587222235827,0.0,0.029862011795582878,1
jewel,UVCGAN-S,0.4,eff_30_50,1.0,0.0,0.0,1
jewel,UVCGAN-S,0.4,fake_30_50,0.0003365303718660609,0.0,0.00023792286377944934,1
jewel,UVCGAN-S,0.4,deta_rms_20_50,0.02576167186431768,0.0,0.0001536812499699974,1
jewel,UVCGAN-S,0.4,calib_a,0.7738323419127715,0.0,,1
jewel,UVCGAN-S,0.4,calib_b,0.9455246454450539,0.0,,1
jewel,UVCGAN-S,0.4,scale_cal_20_30,1.0462243537468707,0.0,0.002313219003691756,1
jewel,UVCGAN-S,0.4,resolution_cal_20_30,0.1506614294325212,0.0,0.0016358856753388642,1
jewel,UVCGAN-S,0.4,bias_cal_gev_20_30,1.117583469938124,0.0,0.05546152105038556,1
jewel,UVCGAN-S,0.4,scale_cal_30_50,1.0157476069297264,0.0,0.0016876163969627071,1
jewel,UVCGAN-S,0.4,resolution_cal_30_50,0.09147441317378172,0.0,0.00119352813477227,1
jewel,UVCGAN-S,0.4,bias_cal_gev_30_50,0.5467416037020167,0.0,0.05975469044791266,1
jewel,UVCGAN-S,0.4,sub_truth_jets,8363.0,0.0,,1
jewel,UVCGAN-S,0.4,sub_matched,8359.0,0.0,,1
jewel,UVCGAN-S,0.4,zg_mean_truth,0.2333133811488756,0.0,0.0012371561534114713,1
jewel,UVCGAN-S,0.4,zg_truth_all_sd,0.11249960965257819,0.0,,1
jewel,UVCGAN-S,0.4,zg_mean_reco,0.22963083793653544,0.0,0.0012185331875761642,1
jewel,UVCGAN-S,0.4,zg_w1,0.003683251665311198,0.0,,1
jewel,UVCGAN-S,0.4,zg_pair_bias,-0.0035556490408962674,0.0,0.0014073019814697103,1
jewel,UVCGAN-S,0.4,zg_pair_rmse,0.1277965308785112,0.0,0.0009954981587205042,1
jewel,UVCGAN-S,0.4,zg_truth_sd,0.11254886034738937,0.0,,1
jewel,UVCGAN-S,0.4,zg_pair_undefined,0.014236152649838463,0.0,,1
jewel,UVCGAN-S,0.4,rg_mean_truth,0.22219185028709884,0.0,0.0008514313958434737,1
jewel,UVCGAN-S,0.4,rg_truth_all_sd,0.07742409833569552,0.0,,1
jewel,UVCGAN-S,0.4,rg_mean_reco,0.2311842514613823,0.0,0.0008562954658075867,1
jewel,UVCGAN-S,0.4,rg_w1,0.009032699976474668,0.0,,1
jewel,UVCGAN-S,0.4,rg_pair_bias,0.009157942196667055,0.0,0.0008568674871862767,1
jewel,UVCGAN-S,0.4,rg_pair_rmse,0.07831893949611517,0.0,0.000610081975820168,1
jewel,UVCGAN-S,0.4,rg_truth_sd,0.07736585621820141,0.0,,1
jewel,UVCGAN-S,0.4,rg_pair_undefined,0.014236152649838463,0.0,,1
jewel,UVCGAN-S,0.4,girth_mean_truth,0.12200639606997325,0.0,0.00038409287091166423,1
jewel,UVCGAN-S,0.4,girth_truth_all_sd,0.035125077792603245,0.0,,1
jewel,UVCGAN-S,0.4,girth_mean_reco,0.1245897800532428,0.0,0.0003790697667391818,1
jewel,UVCGAN-S,0.4,girth_w1,0.00278419811759554,0.0,,1
jewel,UVCGAN-S,0.4,girth_pair_bias,0.0026187426693941914,0.0,0.0002394248124590369,1
jewel,UVCGAN-S,0.4,girth_pair_rmse,0.022046113992983455,0.0,0.0001705060871879107,1
jewel,UVCGAN-S,0.4,girth_truth_sd,0.03509519103103174,0.0,,1
jewel,UVCGAN-S,0.4,girth_pair_undefined,0.0,0.0,,1
jewel,UVCGAN-S,0.4,mass_mean_truth,3.6128166501361014,0.0,0.009580606103743769,1
jewel,UVCGAN-S,0.4,mass_truth_all_sd,0.8761410590504918,0.0,,1
jewel,UVCGAN-S,0.4,mass_mean_reco,3.7544396571994922,0.0,0.01164200667212582,1
jewel,UVCGAN-S,0.4,mass_w1,0.16962316139136868,0.0,,1
jewel,UVCGAN-S,0.4,mass_pair_bias,0.14216872180147663,0.0,0.011322793618736804,1
jewel,UVCGAN-S,0.4,mass_pair_rmse,1.0449320640037276,0.0,0.008081572909727665,1
jewel,UVCGAN-S,0.4,mass_truth_sd,0.8759470487450245,0.0,,1
jewel,UVCGAN-S,0.4,mass_pair_undefined,0.0,0.0,,1
jewel,UVCGAN-S,0.4,zlead_mean_truth,0.3333239448394808,0.0,0.0015398480785307376,1
jewel,UVCGAN-S,0.4,zlead_truth_all_sd,0.14081824382421843,0.0,,1
jewel,UVCGAN-S,0.4,zlead_mean_reco,0.3260565489209806,0.0,0.001503291265406721,1
jewel,UVCGAN-S,0.4,zlead_w1,0.0072735284785924665,0.0,,1
jewel,UVCGAN-S,0.4,zlead_pair_bias,-0.007357096272407981,0.0,0.000524069786671949,1
jewel,UVCGAN-S,0.4,zlead_pair_rmse,0.048475963504690564,0.0,0.00037491627152428606,1
jewel,UVCGAN-S,0.4,zlead_truth_sd,0.1407921621373556,0.0,,1
jewel,UVCGAN-S,0.4,zlead_pair_undefined,0.0,0.0,,1
jewel,UVCGAN-S,0.4,xi_mean_truth,5.338290244842989,0.0,0.003932526371781602,1
jewel,UVCGAN-S,0.4,xi_truth_all_sd,2.1067883814436112,0.0,,1
jewel,UVCGAN-S,0.4,xi_mean_reco,7.203964811541998,0.0,0.004451081668584286,1
jewel,UVCGAN-S,0.4,xi_w1,1.865674603384604,0.0,,1
jewel,UVCGAN-S,0.4,ptd_mean_truth,0.4226923494815133,0.0,0.0012047090986737519,1
jewel,UVCGAN-S,0.4,ptd_truth_all_sd,0.11016997193396078,0.0,,1
jewel,UVCGAN-S,0.4,ptd_mean_reco,0.41619223490380136,0.0,0.0011717824240777888,1
jewel,UVCGAN-S,0.4,ptd_w1,0.006507090036632996,0.0,,1
jewel,UVCGAN-S,0.4,ptd_pair_bias,-0.006577021392448166,0.0,0.0005068789650023533,1
jewel,UVCGAN-S,0.4,ptd_pair_rmse,0.04680709377930532,0.0,0.00036200912394297697,1
jewel,UVCGAN-S,0.4,ptd_truth_sd,0.11013996141139493,0.0,,1
jewel,UVCGAN-S,0.4,ptd_pair_undefined,0.0,0.0,,1
jewel,UVCGAN-S,0.4,zg_w1_floor,0.002613971647171148,0.0,,1
jewel,UVCGAN-S,0.4,rg_w1_floor,0.0020772412605365143,0.0,,1
jewel,UVCGAN-S,0.4,girth_w1_floor,0.001055134700250489,0.0,,1
jewel,UVCGAN-S,0.4,mass_w1_floor,0.01746392696473011,0.0,,1
jewel,UVCGAN-S,0.4,zlead_w1_floor,0.0021076343839108065,0.0,,1
jewel,UVCGAN-S,0.4,xi_w1_floor,0.006687002077848813,0.0,,1
jewel,UVCGAN-S,0.4,ptd_w1_floor,0.002378850610997395,0.0,,1
jewel,UVCGAN-S,0.5,scale_14_20,1.0889906789543868,0.0,0.0034876272154160904,1
jewel,UVCGAN-S,0.5,resolution_14_20,0.2608269528243306,0.0,0.0024663453491401937,1
jewel,UVCGAN-S,0.5,bias_gev_14_20,1.5006302786096168,0.0,0.05815633268439284,1
jewel,UVCGAN-S,0.5,rmse_gev_14_20,4.60090281304968,0.0,0.043501642205632254,1
jewel,UVCGAN-S,0.5,eff_14_20,0.9641441130839511,0.0,0.002441179863494025,1
jewel,UVCGAN-S,0.5,fake_14_20,0.11305704872550719,0.0,0.004169862070792917,1
jewel,UVCGAN-S,0.5,scale_20_30,1.0299273902717998,0.0,0.001674940780082681,1
jewel,UVCGAN-S,0.5,resolution_20_30,0.15706086795055454,0.0,0.001184429336293151,1
jewel,UVCGAN-S,0.5,bias_gev_20_30,0.6922451024606239,0.0,0.04027499645775948,1
jewel,UVCGAN-S,0.5,rmse_gev_20_30,3.8395457730858418,0.0,0.028953182976696214,1
jewel,UVCGAN-S,0.5,eff_20_30,0.9982970027247956,0.0,0.00043933743198396166,1
jewel,UVCGAN-S,0.5,fake_20_30,0.01032493167324628,0.0,0.0010170291839903482,1
jewel,UVCGAN-S,0.5,scale_30_50,0.9786984518645258,0.0,0.0011915445329634003,1
jewel,UVCGAN-S,0.5,resolution_30_50,0.09478585100579767,0.0,0.0008426158003407136,1
jewel,UVCGAN-S,0.5,bias_gev_30_50,-0.829342776985207,0.0,0.04241197151136126,1
jewel,UVCGAN-S,0.5,rmse_gev_30_50,3.4742567138935283,0.0,0.03088258691598617,1
jewel,UVCGAN-S,0.5,eff_30_50,1.0,0.0,0.0,1
jewel,UVCGAN-S,0.5,fake_30_50,0.0002932981375568265,0.0,0.00020736268574012115,1
jewel,UVCGAN-S,0.5,deta_rms_20_50,0.03422813627262015,0.0,0.00019682397473005746,1
jewel,UVCGAN-S,0.5,calib_a,1.4049259032561683,0.0,,1
jewel,UVCGAN-S,0.5,calib_b,0.9192652682893367,0.0,,1
jewel,UVCGAN-S,0.5,scale_cal_20_30,1.0580792887651138,0.0,0.002558529828247744,1
jewel,UVCGAN-S,0.5,resolution_cal_20_30,0.1699256787676585,0.0,0.0018093588992727481,1
jewel,UVCGAN-S,0.5,bias_cal_gev_20_30,1.4086180237132082,0.0,0.061669796044847486,1
jewel,UVCGAN-S,0.5,scale_cal_30_50,1.0233126823473528,0.0,0.001801709195401933,1
jewel,UVCGAN-S,0.5,resolution_cal_30_50,0.10343756695575947,0.0,0.001274194098466002,1
jewel,UVCGAN-S,0.5,bias_cal_gev_30_50,0.824548670520195,0.0,0.06370230338696363,1
jewel,Area,0.2,scale_14_20,0.9355670873747534,0.0,0.002450916469196903,1
jewel,Area,0.2,resolution_14_20,0.18179787525565674,0.0,0.0017332171705701357,1
jewel,Area,0.2,bias_gev_14_20,-1.069313890299626,0.0,0.040936645236932204,1
jewel,Area,0.2,rmse_gev_14_20,3.2192752121764414,0.0,0.03068900548094476,1
jewel,Area,0.2,eff_14_20,0.9974619289340102,0.0,0.0006774666558901354,1
jewel,Area,0.2,fake_14_20,0.01825973542016024,0.0,0.0018275940867180998,1
jewel,Area,0.2,scale_20_30,0.9597669418304083,0.0,0.0015706815895130503,1
jewel,Area,0.2,resolution_20_30,0.12601722382406325,0.0,0.001110725883053214,1
jewel,Area,0.2,bias_gev_20_30,-0.9617637967696713,0.0,0.037558806750812815,1
jewel,Area,0.2,rmse_gev_20_30,3.16313666169395,0.0,0.027877973658400244,1
jewel,Area,0.2,eff_20_30,1.0,0.0,0.0,1
jewel,Area,0.2,fake_20_30,0.0006771626883358727,0.0,0.0003384666874277141,1
jewel,Area,0.2,scale_30_50,0.9764520810433173,0.0,0.0014912351214063215,1
jewel,Area,0.2,resolution_30_50,0.08524857880426977,0.0,0.0010546238351914255,1
jewel,Area,0.2,bias_gev_30_50,-0.8109182896986665,0.0,0.05184766821394461,1
jewel,Area,0.2,rmse_gev_30_50,3.0728753631785164,0.0,0.03800921705366562,1
jewel,Area,0.2,eff_30_50,1.0,0.0,0.0,1
jewel,Area,0.2,fake_30_50,0.0,0.0,0.0,1
jewel,Area,0.2,deta_rms_20_50,0.01219771630843091,0.0,8.755193737621555e-05,1
jewel,Area,0.2,calib_a,-1.7713449235764889,0.0,,1
jewel,Area,0.2,calib_b,1.0280929442745808,0.0,,1
jewel,Area,0.2,scale_cal_20_30,1.005205299709494,0.0,0.0021519031731299302,1
jewel,Area,0.2,resolution_cal_20_30,0.12263960307208514,0.0,0.001521859620631591,1
jewel,Area,0.2,bias_cal_gev_20_30,0.12278417275327247,0.0,0.05156255577224011,1
jewel,Area,0.2,scale_cal_30_50,0.9999545030792478,0.0,0.002020124429604266,1
jewel,Area,0.2,resolution_cal_30_50,0.08331635800701935,0.0,0.0014288637517430557,1
jewel,Area,0.2,bias_cal_gev_30_50,0.0007529985323915948,0.0,0.0707153430605625,1
jewel,Area,0.4,scale_14_20,0.9091667642988422,0.0,0.005045882664652938,1
jewel,Area,0.4,resolution_14_20,0.3668950078327694,0.0,0.003568315326462894,1
jewel,Area,0.4,bias_gev_14_20,-1.60043771529985,0.0,0.08579581237029896,1
jewel,Area,0.4,rmse_gev_14_20,6.440387599327556,0.0,0.0626314335283745,1
jewel,Area,0.4,eff_14_20,0.9012956017729288,0.0,0.0038943129524452065,1
jewel,Area,0.4,fake_14_20,0.23113991359255567,0.0,0.005434192761571906,1
jewel,Area,0.4,scale_20_30,0.9038600963074461,0.0,0.003028597165326579,1
jewel,Area,0.4,resolution_20_30,0.27573543505841375,0.0,0.0021416707845060704,1
jewel,Area,0.4,bias_gev_20_30,-2.3338574806435064,0.0,0.07357596797758487,1
jewel,Area,0.4,rmse_gev_20_30,7.093571351309139,0.0,0.05509331105421731,1
jewel,Area,0.4,eff_20_30,0.9911515006576588,0.0,0.00102405618400822,1
jewel,Area,0.4,fake_20_30,0.034096144985409305,0.0,0.0022490325530657366,1
jewel,Area,0.4,scale_30_50,0.9382876290265351,0.0,0.0024174964274792893,1
jewel,Area,0.4,resolution_30_50,0.18237282847890568,0.0,0.0017095783241326333,1
jewel,Area,0.4,bias_gev_30_50,-2.173354606276613,0.0,0.08558182377902125,1
jewel,Area,0.4,rmse_gev_30_50,6.81217797824083,0.0,0.0638523220461292,1
jewel,Area,0.4,eff_30_50,1.0,0.0,0.0,1
jewel,Area,0.4,fake_30_50,0.0013166556945358788,0.0,0.0005371684538786913,1
jewel,Area,0.4,deta_rms_20_50,0.04992848490579337,0.0,0.00029859312493031755,1
jewel,Area,0.4,calib_a,-3.4874560379366937,0.0,,1
jewel,Area,0.4,calib_b,1.0301675907252144,0.0,,1
jewel,Area,0.4,scale_cal_20_30,1.0156200539492055,0.0,0.004143015186993789,1
jewel,Area,0.4,resolution_cal_20_30,0.26865784410803134,0.0,0.0029299025371762725,1
jewel,Area,0.4,bias_cal_gev_20_30,0.37627369921008724,0.0,0.10089105364944163,1
jewel,Area,0.4,scale_cal_30_50,1.0037180739000733,0.0,0.003243126461529482,1
jewel,Area,0.4,resolution_cal_30_50,0.17578822441562716,0.0,0.0022936270845829014,1
jewel,Area,0.4,bias_cal_gev_30_50,0.15775318482968972,0.0,0.11531112190569914,1
jewel,Area,0.4,zg_w1_floor,0.002613971647171148,0.0,,1
jewel,Area,0.4,rg_w1_floor,0.0020772412605365143,0.0,,1
jewel,Area,0.4,girth_w1_floor,0.001055134700250489,0.0,,1
jewel,Area,0.4,mass_w1_floor,0.01746392696473011,0.0,,1
jewel,Area,0.4,zlead_w1_floor,0.0021076343839108065,0.0,,1
jewel,Area,0.4,xi_w1_floor,0.006687002077848813,0.0,,1
jewel,Area,0.4,ptd_w1_floor,0.002378850610997395,0.0,,1
jewel,Area,0.5,scale_14_20,1.0160765134401846,0.0,0.007478433677100401,1
jewel,Area,0.5,resolution_14_20,0.5090281458107238,0.0,0.005288621952193966,1
jewel,Area,0.5,bias_gev_14_20,0.18002150029812683,0.0,0.12689949652354593,1
jewel,Area,0.5,rmse_gev_14_20,8.639435216276391,0.0,0.08975098104630197,1
jewel,Area,0.5,eff_14_20,0.7986554042406482,0.0,0.005264998760616577,1
jewel,Area,0.5,fake_14_20,0.24931075226467114,0.0,0.006070916422186868,1
jewel,Area,0.5,scale_20_30,0.9184389372730479,0.0,0.004108252415117356,1
jewel,Area,0.5,resolution_20_30,0.3771993246948585,0.0,0.002905145456598001,1
jewel,Area,0.5,bias_gev_20_30,-2.040641245619203,0.0,0.10048465850157927,1
jewel,Area,0.5,rmse_gev_20_30,9.448985717115427,0.0,0.07277067567755363,1
jewel,Area,0.5,eff_20_30,0.9570844686648501,0.0,0.002159452861366634,1
jewel,Area,0.5,fake_20_30,0.056775300171526585,0.0,0.003030770312952304,1
jewel,Area,0.5,scale_30_50,0.9357286439158405,0.0,0.0032185429499362738,1
jewel,Area,0.5,resolution_30_50,0.2559095862829979,0.0,0.0022760335615404697,1
jewel,Area,0.5,bias_gev_30_50,-2.277006597443936,0.0,0.11445035924498409,1
jewel,Area,0.5,rmse_gev_30_50,9.380613429628106,0.0,0.08342361316865003,1
jewel,Area,0.5,eff_30_50,0.9990518331226296,0.0,0.00038690395146407486,1
jewel,Area,0.5,fake_30_50,0.008,0.0,0.0013468269588714273,1
jewel,Area,0.5,deta_rms_20_50,0.09303745571177384,0.0,0.0005416482889697719,1
jewel,Area,0.5,calib_a,-2.6289167222245364,0.0,,1
jewel,Area,0.5,calib_b,1.0012487985484286,0.0,,1
jewel,Area,0.5,scale_cal_20_30,1.0259893363825199,0.0,0.005813437225309857,1
jewel,Area,0.5,resolution_cal_20_30,0.3776945022962634,0.0,0.004111207907405962,1
jewel,Area,0.5,bias_cal_gev_20_30,0.5977088209858382,0.0,0.1418187168148991,1
jewel,Area,0.5,scale_cal_30_50,1.0050751256933734,0.0,0.0044300322530981375,1
jewel,Area,0.5,resolution_cal_30_50,0.25417732301172796,0.0,0.0031329817309549966,1
jewel,Area,0.5,bias_cal_gev_30_50,0.21790311158604786,0.0,0.15820078005862154,1
jewel,unpaired FM,0.2,scale_14_20,0.8884736379134991,0.00045008294351306377,0.0017579672157545339,3
jewel,unpaired FM,0.2,resolution_14_20,0.1304730762527013,0.00033951995813014113,0.0012431833901674978,3
jewel,unpaired FM,0.2,bias_gev_14_20,-1.874229701743366,0.007394464635139819,0.029171622558457722,3
jewel,unpaired FM,0.2,rmse_gev_14_20,2.863617348922931,0.0008616971926567185,0.027282859470163564,3
jewel,unpaired FM,0.2,eff_14_20,0.9986101039400532,9.064539521391746e-05,0.0005013791769788403,3
jewel,unpaired FM,0.2,fake_14_20,0.004519273529883509,0.00043558413415755413,0.0008835288115523731,3
jewel,unpaired FM,0.2,scale_20_30,0.894037494276395,0.0002824579469275501,0.0010929046971532854,3
jewel,unpaired FM,0.2,resolution_20_30,0.0876824662920624,0.0004472996848268254,0.0007728603606531916,3
jewel,unpaired FM,0.2,bias_gev_20_30,-2.5831061051965083,0.00722307042133985,0.026390976022623833,3
jewel,unpaired FM,0.2,rmse_gev_20_30,3.3399953788588874,0.0014500126235359456,0.029437461492458,3
jewel,unpaired FM,0.2,eff_20_30,0.9999482160426699,7.7675935995003e-05,5.1779934806422734e-05,3
jewel,unpaired FM,0.2,fake_20_30,0.00017426719422559893,3.6472443609954013e-07,0.00017425200898710743,3
jewel,unpaired FM,0.2,scale_30_50,0.901540061918621,0.0008266326161031068,0.0010667464717331037,3
jewel,unpaired FM,0.2,resolution_30_50,0.06098208079618981,0.0006199090900602701,0.0007544190979992017,3
jewel,unpaired FM,0.2,bias_gev_30_50,-3.4899998511202974,0.02986004935420916,0.03744974757186687,3
jewel,unpaired FM,0.2,rmse_gev_30_50,4.094330299801886,0.036074737955710034,0.05064386630168994,3
jewel,unpaired FM,0.2,eff_30_50,1.0,0.0,0.0,3
jewel,unpaired FM,0.2,fake_30_50,0.0,0.0,0.0,3
jewel,unpaired FM,0.2,deta_rms_20_50,0.009132505001879135,2.747423632600693e-05,6.555180090709533e-05,3
jewel,unpaired FM,0.2,calib_a,-0.9573190006279431,0.030142005729879795,,3
jewel,unpaired FM,0.2,calib_b,0.9266133658280586,0.0010470681591247533,,3
jewel,unpaired FM,0.2,scale_cal_20_30,1.0077382599514113,0.0004021533501595842,0.0016556864929142252,3
jewel,unpaired FM,0.2,resolution_cal_20_30,0.0943596054126703,0.000765229322364773,0.0011709274141393506,3
jewel,unpaired FM,0.2,bias_cal_gev_20_30,0.18116497605792248,0.009465974245509282,0.039748813186588176,3
jewel,unpaired FM,0.2,scale_cal_30_50,1.0029054113883598,0.0004022190353506483,0.0015817583977988786,3
jewel,unpaired FM,0.2,resolution_cal_30_50,0.0652367483014089,0.0006295052436061238,0.0011188010032989592,3
jewel,unpaired FM,0.2,bias_cal_gev_30_50,0.10602215602673287,0.015040886343994864,0.055155322613398394,3
jewel,unpaired FM,0.4,scale_14_20,1.0984048889751534,0.0005110577001232741,0.0027263885266159775,3
jewel,unpaired FM,0.4,resolution_14_20,0.20843956584495396,0.000529401572034599,0.001928012750651079,3
jewel,unpaired FM,0.4,bias_gev_14_20,1.6450449731079477,0.009109040222850084,0.04549962824584447,3
jewel,unpaired FM,0.4,rmse_gev_14_20,3.8479362189853465,0.010748505058875812,0.03558938073760012,3
jewel,unpaired FM,0.4,eff_14_20,0.9964200477326969,0.0004261847937265806,0.0007787979899359066,3
jewel,unpaired FM,0.4,fake_14_20,0.18863013437202936,0.0017076007788961872,0.004514785565675127,3
jewel,unpaired FM,0.4,scale_20_30,1.0331596988067897,0.0009282065579370169,0.0014720411244937592,3
jewel,unpaired FM,0.4,resolution_20_30,0.1346119587856246,0.0005472387459191513,0.0010409525037396443,3
jewel,unpaired FM,0.4,bias_gev_20_30,0.7671366055225782,0.022759932013879602,0.03544197981138736,3
jewel,unpaired FM,0.4,rmse_gev_20_30,3.3306149515542045,0.01590839139759148,0.0257540621891581,3
jewel,unpaired FM,0.4,eff_20_30,0.9999202837897085,5.9787157718538264e-05,7.971144414325465e-05,3
jewel,unpaired FM,0.4,fake_20_30,0.007374100342051114,0.00032313834879527277,0.0008717223692976099,3
jewel,unpaired FM,0.4,scale_30_50,0.9867328027166163,0.00108476784271061,0.0011902672894159177,3
jewel,unpaired FM,0.4,resolution_30_50,0.0897922370222658,0.00024296324223068572,0.0008417200268756093,3
jewel,unpaired FM,0.4,bias_gev_30_50,-0.5261503302304148,0.03961361910869346,0.04231048327365767,3
jewel,unpaired FM,0.4,rmse_gev_30_50,3.2350802942955337,0.0108122939448132,0.03032325189627365,3
jewel,unpaired FM,0.4,eff_30_50,1.0,0.0,0.0,3
jewel,unpaired FM,0.4,fake_30_50,5.525167136305874e-05,8.28775070445881e-05,5.524709205250733e-05,3
jewel,unpaired FM,0.4,deta_rms_20_50,0.027038602214199087,4.856053520319037e-05,0.00016127964654626665,3
jewel,unpaired FM,0.4,calib_a,2.5641436134707365,0.03203678805341936,,3
jewel,unpaired FM,0.4,calib_b,0.890563166748843,0.0007022332529742492,,3
jewel,unpaired FM,0.4,scale_cal_20_30,1.0401775487894456,0.0003706048495617509,0.0023204678776639347,3
jewel,unpaired FM,0.4,resolution_cal_20_30,0.15120479222965497,0.0008517223440042271,0.0016410118252906027,3
jewel,unpaired FM,0.4,bias_cal_gev_20_30,0.9792763358546742,0.008856212697393007,0.056028278861886376,3
jewel,unpaired FM,0.4,scale_cal_30_50,1.0297104916618753,0.0001594100083164296,0.001860384453415045,3
jewel,unpaired FM,0.4,resolution_cal_30_50,0.1008390155843742,0.00027147446702971423,0.0013157143949537335,3
jewel,unpaired FM,0.4,bias_cal_gev_30_50,1.0774711621658313,0.006688452578496151,0.06607659755726847,3
jewel,unpaired FM,0.4,sub_truth_jets,8363.0,0.0,,3
jewel,unpaired FM,0.4,sub_matched,8362.333333333334,0.5,,3
jewel,unpaired FM,0.4,zg_mean_truth,0.2333133811488756,0.0,0.0012371561534114713,3
jewel,unpaired FM,0.4,zg_truth_all_sd,0.11249960965257817,0.0,,3
jewel,unpaired FM,0.4,zg_mean_reco,0.19992711830671198,0.0002526365754361437,0.0010800392757528445,3
jewel,unpaired FM,0.4,zg_w1,0.03338674613330844,0.00025202270433392557,,3
jewel,unpaired FM,0.4,zg_pair_bias,-0.03285304236069289,0.00020219172086752973,0.0013998857226035601,3
jewel,unpaired FM,0.4,zg_pair_rmse,0.13142128736759903,0.0001780663274043165,0.0010223289406233597,3
jewel,unpaired FM,0.4,zg_truth_sd,0.11250004815132819,3.6193684728527686e-06,,3
jewel,unpaired FM,0.4,zg_pair_undefined,0.011918531520253794,0.00018008360935861667,,3
jewel,unpaired FM,0.4,rg_mean_truth,0.22219185028709884,0.0,0.0008514313958434737,3
jewel,unpaired FM,0.4,rg_truth_all_sd,0.07742409833569552,0.0,,3
jewel,unpaired FM,0.4,rg_mean_reco,0.26750598446566576,0.00011076180716004802,0.0007065460812279664,3
jewel,unpaired FM,0.4,rg_w1,0.045886754856040234,0.00011514676078906022,,3
jewel,unpaired FM,0.4,rg_pair_bias,0.04545606529794007,0.00010623136274314632,0.0008340795724078066,3
jewel,unpaired FM,0.4,rg_pair_rmse,0.08839966540342113,8.783147190117441e-05,0.0006876628195333495,3
jewel,unpaired FM,0.4,rg_truth_sd,0.07740709781961698,8.95579157998011e-06,,3
jewel,unpaired FM,0.4,rg_pair_undefined,0.011918531520253794,0.00018008360935861667,,3
jewel,unpaired FM,0.4,girth_mean_truth,0.12200639606997325,0.0,0.0003840928709116642,3
jewel,unpaired FM,0.4,girth_truth_all_sd,0.035125077792603245,0.0,,3
jewel,unpaired FM,0.4,girth_mean_reco,0.15198934018626545,4.5282706541055484e-05,0.0003196104720233107,3
jewel,unpaired FM,0.4,girth_w1,0.02998323165415859,4.520538864720772e-05,,3
jewel,unpaired FM,0.4,girth_pair_bias,0.02999088139698848,5.123566706328152e-05,0.00021482206269561285,3
jewel,unpaired FM,0.4,girth_pair_rmse,0.035851960799739485,6.441945144057895e-05,0.0002772261519886357,3
jewel,unpaired FM,0.4,girth_truth_sd,0.03511522598382636,7.388856582662973e-06,,3
jewel,unpaired FM,0.4,girth_pair_undefined,0.0,0.0,,3
jewel,unpaired FM,0.4,mass_mean_truth,3.6128166501361014,0.0,0.009580606103743769,3
jewel,unpaired FM,0.4,mass_truth_all_sd,0.8761410590504918,0.0,,3
jewel,unpaired FM,0.4,mass_mean_reco,4.660357682167446,0.0056629493971214195,0.009370363544238262,3
jewel,unpaired FM,0.4,mass_w1,1.0475410320313439,0.0056629493971214195,,3
jewel,unpaired FM,0.4,mass_pair_bias,1.0476480933427048,0.005743245380642192,0.011125713420524692,3
jewel,unpaired FM,0.4,mass_pair_rmse,1.4603687769088598,0.005151157779482274,0.011292337333264964,3
jewel,unpaired FM,0.4,mass_truth_sd,0.8760939258724941,3.534988349823687e-05,,3
jewel,unpaired FM,0.4,mass_pair_undefined,0.0,0.0,,3
jewel,unpaired FM,0.4,zlead_mean_truth,0.3333239448394808,0.0,0.0015398480785307376,3
jewel,unpaired FM,0.4,zlead_truth_all_sd,0.14081824382421843,0.0,,3
jewel,unpaired FM,0.4,zlead_mean_reco,0.2756560236479646,9.856897657301023e-05,0.0012613405589712837,3
jewel,unpaired FM,0.4,zlead_w1,0.05766792119151629,9.856897657302757e-05,,3
jewel,unpaired FM,0.4,zlead_pair_bias,-0.057682287133880655,0.0001093434333462942,0.0005083856816007229,3
jewel,unpaired FM,0.4,zlead_pair_rmse,0.07408469011709751,0.00014474873904703894,0.0005728616546700461,3
jewel,unpaired FM,0.4,zlead_truth_sd,0.1408146646959588,2.684346194714582e-06,,3
jewel,unpaired FM,0.4,zlead_pair_undefined,0.0,0.0,,3
jewel,unpaired FM,0.4,xi_mean_truth,5.33829024484299,0.0,0.003932526371781602,3
jewel,unpaired FM,0.4,xi_truth_all_sd,2.1067883814436112,0.0,,3
jewel,unpaired FM,0.4,xi_mean_reco,4.8299656250993905,0.0029706757583709553,0.002526013143050968,3
jewel,unpaired FM,0.4,xi_w1,0.6983264064371458,0.002163115620604783,,3
jewel,unpaired FM,0.4,ptd_mean_truth,0.4226923494815133,0.0,0.0012047090986737519,3
jewel,unpaired FM,0.4,ptd_truth_all_sd,0.11016997193396078,0.0,,3
jewel,unpaired FM,0.4,ptd_mean_reco,0.3511566706929627,0.00012913200942632486,0.0009668557762822268,3
jewel,unpaired FM,0.4,ptd_w1,0.07153567878855062,0.00012913200942634567,,3
jewel,unpaired FM,0.4,ptd_pair_bias,-0.07154690614452354,0.00013755252640604287,0.00046928464044800267,3
jewel,unpaired FM,0.4,ptd_pair_rmse,0.083430092100652,0.00015619588746648705,0.0006451251987148767,3
jewel,unpaired FM,0.4,ptd_truth_sd,0.11016718703267708,2.088675962769182e-06,,3
jewel,unpaired FM,0.4,ptd_pair_undefined,0.0,0.0,,3
jewel,unpaired FM,0.4,zg_w1_floor,0.002613971647171148,0.0,,3
jewel,unpaired FM,0.4,rg_w1_floor,0.0020772412605365143,0.0,,3
jewel,unpaired FM,0.4,girth_w1_floor,0.001055134700250489,0.0,,3
jewel,unpaired FM,0.4,mass_w1_floor,0.01746392696473011,0.0,,3
jewel,unpaired FM,0.4,zlead_w1_floor,0.0021076343839108065,0.0,,3
jewel,unpaired FM,0.4,xi_w1_floor,0.0066870020778488125,0.0,,3
jewel,unpaired FM,0.4,ptd_w1_floor,0.002378850610997395,0.0,,3
jewel,unpaired FM,0.5,scale_14_20,1.2867000024100566,0.0019321646670766857,0.0032120015535886362,3
jewel,unpaired FM,0.5,resolution_14_20,0.2437315145418978,0.0005553980846360745,0.0022714253290601586,3
jewel,unpaired FM,0.5,bias_gev_14_20,4.823040262537383,0.03158352538098974,0.0529987131615359,3
jewel,unpaired FM,0.5,rmse_gev_14_20,6.27977764019716,0.025552915036187063,0.058518584374691686,3
jewel,unpaired FM,0.5,eff_14_20,0.9925874849163937,0.0006895362868470922,0.0011253741050259527,3
jewel,unpaired FM,0.5,fake_14_20,0.6278537112628721,0.0023063019713120414,0.004253229712601765,3
jewel,unpaired FM,0.5,scale_20_30,1.1526946176396178,0.001011224140573086,0.0016682048423706886,3
jewel,unpaired FM,0.5,resolution_20_30,0.1565181642425551,0.00017615428362646735,0.0011796659619796401,3
jewel,unpaired FM,0.5,bias_gev_20_30,3.676414815229594,0.024707833677162894,0.03963494225118936,3
jewel,unpaired FM,0.5,rmse_gev_20_30,5.229252361316554,0.020241917868610404,0.039410250030676615,3
jewel,unpaired FM,0.5,eff_20_30,0.9994323342415985,0.00011353315168033395,0.0002529380237434756,3
jewel,unpaired FM,0.5,fake_20_30,0.05157416434421392,0.0005015502462155756,0.0021105409503045657,3
jewel,unpaired FM,0.5,scale_30_50,1.0634228410738162,0.0009504113199304554,0.001285574333061948,3
jewel,unpaired FM,0.5,resolution_30_50,0.10226311076447338,0.00020524748162336487,0.0009091101675926419,3
jewel,unpaired FM,0.5,bias_gev_30_50,2.202292028002454,0.03442911497397727,0.04510937531453133,3
jewel,unpaired FM,0.5,rmse_gev_30_50,4.210303853323047,0.015408414062962894,0.037426274530303394,3
jewel,unpaired FM,0.5,eff_30_50,0.9999473240623683,7.90139064475448e-05,5.267177533563899e-05,3
jewel,unpaired FM,0.5,fake_30_50,0.0005905247828440499,0.00016771792753331928,0.00025384904687306164,3
jewel,unpaired FM,0.5,deta_rms_20_50,0.03936653930459623,2.602192779382201e-05,0.00022629929504918258,3
jewel,unpaired FM,0.5,calib_a,5.632875876662265,0.036886840293075984,,3
jewel,unpaired FM,0.5,calib_b,0.8750540502340233,0.0015298567863157309,,3
jewel,unpaired FM,0.5,scale_cal_20_30,1.052926696118443,0.00017237219803800663,0.002636688444683398,3
jewel,unpaired FM,0.5,resolution_cal_20_30,0.17527535827754823,0.0002803737367909065,0.0018646312698808777,3
jewel,unpaired FM,0.5,bias_cal_gev_20_30,1.2924329249406596,0.003963720774684765,0.06384366735067774,3
jewel,unpaired FM,0.5,scale_cal_30_50,1.0371820457273389,0.000258839384429832,0.002019969261927442,3
jewel,unpaired FM,0.5,resolution_cal_30_50,0.11596218613407028,0.00018904337563830503,0.0014285507110247,3
jewel,unpaired FM,0.5,bias_cal_gev_30_50,1.3482316855308587,0.009877333191015691,0.07184846660620176,3
jewel,paired FM,0.2,scale_14_20,0.7871610865400123,0.001941601521453007,0.0018737730073794593,3
jewel,paired FM,0.2,resolution_14_20,0.1389416746236419,0.0003830931508267549,0.001325078103552732,3
jewel,paired FM,0.2,bias_gev_14_20,-3.5670309727728005,0.03313366913947724,0.03108044565159998,3
jewel,paired FM,0.2,rmse_gev_14_20,4.24679093201027,0.029260730782626254,0.040497705358971826,3
jewel,paired FM,0.2,eff_14_20,0.9967971960357747,9.064539521391746e-05,0.0007607065787021856,3
jewel,paired FM,0.2,fake_14_20,0.0019535721390070873,0.0003698883275454769,0.0006050636825253465,3
jewel,paired FM,0.2,scale_20_30,0.8257207413847937,0.001112487511406024,0.0011760640750817916,3
jewel,paired FM,0.2,resolution_20_30,0.09435669888189689,0.00028181509833874463,0.0008316674856597541,3
jewel,paired FM,0.2,bias_gev_20_30,-4.228319649222937,0.026274779335587972,0.028150048792054853,3
jewel,paired FM,0.2,rmse_gev_20_30,4.793703129944084,0.025294784119208824,0.042248800439499384,3
jewel,paired FM,0.2,eff_20_30,1.0,0.0,0.0,3
jewel,paired FM,0.2,fake_20_30,6.670669068107532e-05,0.00010006003602161297,6.670001567323541e-05,3
jewel,paired FM,0.2,scale_30_50,0.8534439842779298,0.00095568550907843,0.0011508296901016814,3
jewel,paired FM,0.2,resolution_30_50,0.0657888176845019,0.00042380610373526917,0.0008138840106465655,3
jewel,paired FM,0.2,bias_gev_30_50,-5.180592497356233,0.03484961358947336,0.04027066418949968,3
jewel,paired FM,0.2,rmse_gev_30_50,5.669089200094887,0.03271965445019287,0.07012248022975871,3
jewel,paired FM,0.2,eff_30_50,1.0,0.0,0.0,3
jewel,paired FM,0.2,fake_30_50,0.0,0.0,0.0,3
jewel,paired FM,0.2,deta_rms_20_50,0.008870295958758496,3.164576053804602e-05,6.366860620892925e-05,3
jewel,paired FM,0.2,calib_a,-2.3784528366373503,0.05468922806316212,,3
jewel,paired FM,0.2,calib_b,0.918204905918599,0.00134552153709816,,3
jewel,paired FM,0.2,scale_cal_20_30,1.0069462005027896,0.00015371293189603286,0.001771366484666497,3
jewel,paired FM,0.2,resolution_cal_20_30,0.10095235012768729,0.000363502259105343,0.001252738115736447,3
jewel,paired FM,0.2,bias_cal_gev_20_30,0.16595309447170578,0.004004141392725813,0.042522615828124555,3
jewel,paired FM,0.2,scale_cal_30_50,1.0035861695174377,0.0002119938525486642,0.0016901221615774984,3
jewel,paired FM,0.2,resolution_cal_30_50,0.06970601465236144,0.00039087974326025565,0.001195448288880298,3
jewel,paired FM,0.2,bias_cal_gev_30_50,0.129481582236443,0.008753240787002951,0.0591075199904624,3
jewel,paired FM,0.4,scale_14_20,0.854757980132891,0.0031991371353143894,0.002664456417492147,3
jewel,paired FM,0.4,resolution_14_20,0.20286637145526176,0.000540385669411142,0.0018842177248196343,3
jewel,paired FM,0.4,bias_gev_14_20,-2.472746951375944,0.05415596745772766,0.044934194399127464,3
jewel,paired FM,0.4,rmse_gev_14_20,4.221457517566919,0.025430270947980116,0.039205405638807894,3
jewel,paired FM,0.4,eff_14_20,0.988237299693147,0.0006818956699624623,0.001407221607324821,3
jewel,paired FM,0.4,fake_14_20,0.014872857401380286,0.0008132948651445263,0.0015167422647051874,3
jewel,paired FM,0.4,scale_20_30,0.8628770055150969,0.00231069221155894,0.0014917596572494134,3
jewel,paired FM,0.4,resolution_20_30,0.13640700269778214,0.0004987725737823911,0.001054896453248737,3
jewel,paired FM,0.4,bias_gev_20_30,-3.372404268711724,0.05509972686189024,0.03607360562801246,3
jewel,paired FM,0.4,rmse_gev_20_30,4.717458618762955,0.046318423068323344,0.03648003431971784,3
jewel,paired FM,0.4,eff_20_30,0.9998007094742717,5.978715771848275e-05,0.0001525779867009806,3
jewel,paired FM,0.4,fake_20_30,0.00041945997740760744,6.461490717861478e-05,0.00022913928469008078,3
jewel,paired FM,0.4,scale_30_50,0.8690173138195877,0.0010263191397967275,0.001194008919438426,3
jewel,paired FM,0.4,resolution_30_50,0.09007450079009188,0.00051318164175327,0.0008443659913166297,3
jewel,paired FM,0.4,bias_gev_30_50,-4.733756851119024,0.038058983119050094,0.042887318906936645,3
jewel,paired FM,0.4,rmse_gev_30_50,5.733802528034068,0.032623641818804394,0.05374442751472073,3
jewel,paired FM,0.4,eff_30_50,1.0,0.0,0.0,3
jewel,paired FM,0.4,fake_30_50,0.0,0.0,0.0,3
jewel,paired FM,0.4,deta_rms_20_50,0.023696242868983395,0.00010541902250916016,0.00014134819002440522,3
jewel,paired FM,0.4,calib_a,-1.0345639123336259,0.09449923110346681,,3
jewel,paired FM,0.4,calib_b,0.8691636955184876,0.0025266993652011127,,3
jewel,paired FM,0.4,scale_cal_20_30,1.0398093382505935,0.00024853612316466656,0.0024203952901389104,3
jewel,paired FM,0.4,resolution_cal_20_30,0.15769141453202354,0.0005914738347608806,0.0017116795618185056,3
jewel,paired FM,0.4,bias_cal_gev_20_30,0.9789173087959325,0.005511514984044619,0.05811993997473913,3
jewel,paired FM,0.4,scale_cal_30_50,1.0352957439350898,0.00018420100002225492,0.0019040062940741634,3
jewel,paired FM,0.4,resolution_cal_30_50,0.10320346421324188,0.0005210529391087015,0.0013465649450022591,3
jewel,paired FM,0.4,bias_cal_gev_30_50,1.2747226577090083,0.007597143776173598,0.06768033376972576,3
jewel,paired FM,0.4,sub_truth_jets,8363.0,0.0,,3
jewel,paired FM,0.4,sub_matched,8361.333333333334,0.5,,3
jewel,paired FM,0.4,zg_mean_truth,0.2333133811488756,0.0,0.0012371561534114713,3
jewel,paired FM,0.4,zg_truth_all_sd,0.11249960965257817,0.0,,3
jewel,paired FM,0.4,zg_mean_reco,0.21585802799937573,0.00018889079976805445,0.0011952818039628514,3
jewel,paired FM,0.4,zg_w1,0.01745577102688534,0.00018855616627715469,,3
jewel,paired FM,0.4,zg_pair_bias,-0.017467633075066654,0.00023279084529903744,0.001391908234095113,3
jewel,paired FM,0.4,zg_pair_rmse,0.127554078049404,0.0004157583494776851,0.0009935894000517446,3
jewel,paired FM,0.4,zg_truth_sd,0.11251751391876914,7.748795306232459e-06,,3
jewel,paired FM,0.4,zg_pair_undefined,0.014471376222045418,0.00011960291831120129,,3
jewel,paired FM,0.4,rg_mean_truth,0.22219185028709884,0.0,0.0008514313958434737,3
jewel,paired FM,0.4,rg_truth_all_sd,0.07742409833569552,0.0,,3
jewel,paired FM,0.4,rg_mean_reco,0.23045439256533204,0.00016628397685314322,0.0007643661292362922,3
jewel,paired FM,0.4,rg_w1,0.013910496756650981,0.00014912213185060662,,3
jewel,paired FM,0.4,rg_pair_bias,0.008339435326622823,0.00013402188376170597,0.0007832293454536954,3
jewel,paired FM,0.4,rg_pair_rmse,0.07158616629886248,0.00010603089957179901,0.0005576243010162213,3
jewel,paired FM,0.4,rg_truth_sd,0.07737115432027418,1.0548491366883794e-05,,3
jewel,paired FM,0.4,rg_pair_undefined,0.014471376222045418,0.00011960291831120129,,3
jewel,paired FM,0.4,girth_mean_truth,0.12200639606997325,0.0,0.0003840928709116642,3
jewel,paired FM,0.4,girth_truth_all_sd,0.035125077792603245,0.0,,3
jewel,paired FM,0.4,girth_mean_reco,0.13639192188109317,0.00016978877494154554,0.00034032808970973875,3
jewel,paired FM,0.4,girth_w1,0.01439707691480528,0.000167641610085271,,3
jewel,paired FM,0.4,girth_pair_bias,0.0144025583794471,0.0001683540726546539,0.00019832417662304916,3
jewel,paired FM,0.4,girth_pair_rmse,0.02315872510337273,6.585806008577687e-05,0.00017908610683855077,3
jewel,paired FM,0.4,girth_truth_sd,0.03510768020776521,7.394128986915743e-06,,3
jewel,paired FM,0.4,girth_pair_undefined,0.0,0.0,,3
jewel,paired FM,0.4,mass_mean_truth,3.6128166501361014,0.0,0.009580606103743769,3
jewel,paired FM,0.4,mass_truth_all_sd,0.8761410590504918,0.0,,3
jewel,paired FM,0.4,mass_mean_reco,3.5260119245777495,0.012099263677394445,0.007911156390864192,3
jewel,paired FM,0.4,mass_w1,0.1449374237556378,0.004930298433710678,,3
jewel,paired FM,0.4,mass_pair_bias,-0.08660194985584725,0.012149789669142493,0.010234361597211116,3
jewel,paired FM,0.4,mass_pair_rmse,0.9398820356668495,0.004005662331475757,0.007268094200238012,3
jewel,paired FM,0.4,mass_truth_sd,0.8761073677804639,3.7197473808037174e-05,,3
jewel,paired FM,0.4,mass_pair_undefined,0.0,0.0,,3
jewel,paired FM,0.4,zlead_mean_truth,0.3333239448394808,0.0,0.0015398480785307376,3
jewel,paired FM,0.4,zlead_truth_all_sd,0.14081824382421843,0.0,,3
jewel,paired FM,0.4,zlead_mean_reco,0.30568535699359073,0.0004716642496604695,0.0014146642146124783,3
jewel,paired FM,0.4,zlead_w1,0.02763858784589016,0.00047166424966046255,,3
jewel,paired FM,0.4,zlead_pair_bias,-0.02767458492702496,0.0004811528733605023,0.0004576104392740997,3
jewel,paired FM,0.4,zlead_pair_rmse,0.05017025029635482,4.529608089281004e-05,0.0003879658591264431,3
jewel,paired FM,0.4,zlead_truth_sd,0.14080910018292178,2.68690869062449e-06,,3
jewel,paired FM,0.4,zlead_pair_undefined,0.0,0.0,,3
jewel,paired FM,0.4,xi_mean_truth,5.33829024484299,0.0,0.003932526371781602,3
jewel,paired FM,0.4,xi_truth_all_sd,2.1067883814436112,0.0,,3
jewel,paired FM,0.4,xi_mean_reco,5.23981178604717,0.0034692552360757745,0.0020615806955517533,3
jewel,paired FM,0.4,xi_w1,0.6740281081214586,0.0017215265919127143,,3
jewel,paired FM,0.4,ptd_mean_truth,0.4226923494815133,0.0,0.0012047090986737519,3
jewel,paired FM,0.4,ptd_truth_all_sd,0.11016997193396078,0.0,,3
jewel,paired FM,0.4,ptd_mean_reco,0.3794486244128557,0.0004129036209981618,0.0011141995781677576,3
jewel,paired FM,0.4,ptd_w1,0.0432437250686576,0.0004129036209981514,,3
jewel,paired FM,0.4,ptd_pair_bias,-0.04327376000666652,0.0004124434046147117,0.00042336701907532516,3
jewel,paired FM,0.4,ptd_pair_rmse,0.05806428964547811,0.00016724416050693802,0.000449010367266063,3
jewel,paired FM,0.4,ptd_truth_sd,0.11016028980941155,2.090960292952526e-06,,3
jewel,paired FM,0.4,ptd_pair_undefined,0.0,0.0,,3
jewel,paired FM,0.4,zg_w1_floor,0.002613971647171148,0.0,,3
jewel,paired FM,0.4,rg_w1_floor,0.0020772412605365143,0.0,,3
jewel,paired FM,0.4,girth_w1_floor,0.001055134700250489,0.0,,3
jewel,paired FM,0.4,mass_w1_floor,0.01746392696473011,0.0,,3
jewel,paired FM,0.4,zlead_w1_floor,0.0021076343839108065,0.0,,3
jewel,paired FM,0.4,xi_w1_floor,0.0066870020778488125,0.0,,3
jewel,paired FM,0.4,ptd_w1_floor,0.002378850610997395,0.0,,3
jewel,paired FM,0.5,scale_14_20,0.9166456607323247,0.0034690835674184295,0.002948940199484905,3
jewel,paired FM,0.5,resolution_14_20,0.2232058742695231,0.0019992324840690107,0.00208539762379962,3
jewel,paired FM,0.5,bias_gev_14_20,-1.4301228640650991,0.05921415788186324,0.049485178426003446,3
jewel,paired FM,0.5,rmse_gev_14_20,4.00959255246086,0.027378861664000498,0.037458144100126316,3
jewel,paired FM,0.5,eff_14_20,0.9875883468367522,0.0007757283227030065,0.001453122771188223,3
jewel,paired FM,0.5,fake_14_20,0.04363642664187628,0.004076955264759586,0.0024753164176599925,3
jewel,paired FM,0.5,scale_20_30,0.8927172817623387,0.0023987521286955027,0.0015800103872358568,3
jewel,paired FM,0.5,resolution_20_30,0.14824618550858268,0.00034780886972207714,0.001117299519849928,3
jewel,paired FM,0.5,bias_gev_20_30,-2.657493017367849,0.05835723016805039,0.03829352820420953,3
jewel,paired FM,0.5,rmse_gev_20_30,4.469105347391573,0.03448767870513292,0.03368079242493605,3
jewel,paired FM,0.5,eff_20_30,0.9994701786254919,0.0002270663033606124,0.00024129584472042367,3
jewel,paired FM,0.5,fake_20_30,0.0017393955698852906,0.00024018386672139728,0.00043824611330902866,3
jewel,paired FM,0.5,scale_30_50,0.883816218398028,0.0011388894831147467,0.00120149349671511,3
jewel,paired FM,0.5,resolution_30_50,0.09557222861142685,0.00045471471738663116,0.0008496513430984492,3
jewel,paired FM,0.5,bias_gev_30_50,-4.234714742799924,0.04247384049734704,0.04346709215988754,3
jewel,paired FM,0.5,rmse_gev_30_50,5.467000639438443,0.03526777116249713,0.0485986035852782,3
jewel,paired FM,0.5,eff_30_50,0.9998946481247367,7.90139064475448e-05,0.00010534355067127798,3
jewel,paired FM,0.5,fake_30_50,0.0,0.0,0.0,3
jewel,paired FM,0.5,deta_rms_20_50,0.03150480419958579,3.355159145338252e-05,0.00018110595556034218,3
jewel,paired FM,0.5,calib_a,0.22841988218890044,0.12885546858522395,,3
jewel,paired FM,0.5,calib_b,0.8413269742540134,0.0036367121108565326,,3
jewel,paired FM,0.5,scale_cal_20_30,1.0490816468250108,0.00021071976679321036,0.002647297850295948,3
jewel,paired FM,0.5,resolution_cal_20_30,0.17599387376574757,0.0009518182398454839,0.0018721340696069833,3
jewel,paired FM,0.5,bias_cal_gev_20_30,1.210464873630001,0.005355260193323774,0.06387986145502887,3
jewel,paired FM,0.5,scale_cal_30_50,1.0441429010930403,0.00018841601967023447,0.001982376659878081,3
jewel,paired FM,0.5,resolution_cal_30_50,0.11379831526285152,0.0003023732240693619,0.0014019647149398774,3
jewel,paired FM,0.5,bias_cal_gev_30_50,1.6053121185526553,0.008131119816203847,0.0705624538939712,3
jewel,joint FM: M - B,0.2,scale_14_20,1.0145015533780855,0.007739960973944582,0.0021076023162551662,3
jewel,joint FM: M - B,0.2,resolution_14_20,0.15633709542974716,0.0015397479462340297,0.0014904353327543432,3
jewel,joint FM: M - B,0.2,bias_gev_14_20,0.25060813684739397,0.12667777040627384,0.034908480147787836,3
jewel,joint FM: M - B,0.2,rmse_gev_14_20,2.603776073239262,0.02686732519813484,0.02482078963634062,3
jewel,joint FM: M - B,0.2,eff_14_20,0.9975223591974861,0.0005438723712835603,0.0006666281902490721,3
jewel,joint FM: M - B,0.2,fake_14_20,0.015168905823924812,0.0005774068161848436,0.0016393586867100652,3
jewel,joint FM: M - B,0.2,scale_20_30,1.0090106811359525,0.0017464958140914755,0.00127962570447657,3
jewel,joint FM: M - B,0.2,resolution_20_30,0.10266554334672089,0.0008659127748374892,0.0009049023048796103,3
jewel,joint FM: M - B,0.2,bias_gev_20_30,0.2149329596157925,0.04610315166786193,0.03052231661324165,3
jewel,joint FM: M - B,0.2,rmse_gev_20_30,2.4585122815632,0.02625697510822267,0.02166784048703357,3
jewel,joint FM: M - B,0.2,eff_20_30,1.0,0.0,0.0,3
jewel,joint FM: M - B,0.2,fake_20_30,0.0012579679989026074,0.00020796377286191534,0.0004347199569091748,3
jewel,joint FM: M - B,0.2,scale_30_50,0.9999970485763061,0.0069227353221893995,0.001204074720658756,3
jewel,joint FM: M - B,0.2,resolution_30_50,0.06883264566187675,0.0013529036431022406,0.0008515396945323036,3
jewel,joint FM: M - B,0.2,bias_gev_30_50,-0.004497632300108828,0.25524386010886146,0.04208461487455528,3
jewel,joint FM: M - B,0.2,rmse_gev_30_50,2.4159298021577453,0.0319780994824892,0.029883281742233984,3
jewel,joint FM: M - B,0.2,eff_30_50,1.0,0.0,0.0,3
jewel,joint FM: M - B,0.2,fake_30_50,9.678668215253581e-05,0.00014518002322880372,9.677262963962653e-05,3
jewel,joint FM: M - B,0.2,deta_rms_20_50,0.009057076389162373,5.520975367140097e-05,6.500926606134112e-05,3
jewel,joint FM: M - B,0.2,calib_a,-0.7785049427918818,0.552248666751878,,3
jewel,joint FM: M - B,0.2,calib_b,1.020407766292217,0.022164893411256437,,3
jewel,joint FM: M - B,0.2,scale_cal_20_30,1.0204241485305647,0.0006871610068105438,0.001748807203263195,3
jewel,joint FM: M - B,0.2,resolution_cal_20_30,0.09966666899136163,0.0012280915946379437,0.001236783838672849,3
jewel,joint FM: M - B,0.2,bias_cal_gev_20_30,0.4855719987060416,0.014822747334612502,0.04174578758315936,3
jewel,joint FM: M - B,0.2,scale_cal_30_50,1.0021395700712636,0.00042491366125452235,0.0016026503875595632,3
jewel,joint FM: M - B,0.2,resolution_cal_30_50,0.0660984004218781,0.0007132659284893039,0.0011335782152535106,3
jewel,joint FM: M - B,0.2,bias_cal_gev_30_50,0.0617613400045654,0.015627228381905445,0.05600108216387837,3
jewel,joint FM: M - B,0.4,scale_14_20,1.0009483218510489,0.0147304854934871,0.0030956309158671745,3
jewel,joint FM: M - B,0.4,resolution_14_20,0.231998234420154,0.007572077454873927,0.002189136504934871,3
jewel,joint FM: M - B,0.4,bias_gev_14_20,0.016190301672487296,0.2537508822274045,0.051828754226720335,3
jewel,joint FM: M - B,0.4,rmse_gev_14_20,3.8906587496266867,0.13075354903426173,0.036708922932706146,3
jewel,joint FM: M - B,0.4,eff_14_20,0.9574951699056711,0.0036651892260484153,0.0026321351903386843,3
jewel,joint FM: M - B,0.4,fake_14_20,0.0746944138912685,0.012225112190759738,0.003398150794065928,3
jewel,joint FM: M - B,0.4,scale_20_30,0.980920469896223,0.01354810943588114,0.0015963307507490393,3
jewel,joint FM: M - B,0.4,resolution_20_30,0.1459168524696631,0.002295507211651629,0.0011288438529791786,3
jewel,joint FM: M - B,0.4,bias_gev_20_30,-0.4898969665187955,0.3266155472577672,0.03837895346004439,3
jewel,joint FM: M - B,0.4,rmse_gev_20_30,3.5541666260463507,0.05549816179956091,0.027494128527995373,3
jewel,joint FM: M - B,0.4,eff_20_30,0.9990832635816492,0.0004185101040296568,0.0003244863678513492,3
jewel,joint FM: M - B,0.4,fake_20_30,0.0038693315170256967,0.0009495532642087338,0.0006557642004856727,3
jewel,joint FM: M - B,0.4,scale_30_50,0.9607325546105773,0.01070001187562214,0.0012806837504786186,3
jewel,joint FM: M - B,0.4,resolution_30_50,0.09661313882696924,0.0030676755284859553,0.000905659737487198,3
jewel,joint FM: M - B,0.4,bias_gev_30_50,-1.430943350956185,0.38728237005417065,0.04552254992906556,3
jewel,joint FM: M - B,0.4,rmse_gev_30_50,3.7337224927591994,0.10537598745040988,0.03499715535912975,3
jewel,joint FM: M - B,0.4,eff_30_50,1.0,0.0,0.0,3
jewel,joint FM: M - B,0.4,fake_30_50,0.00018826401807786378,7.25083886628114e-06,0.0001882462760422394,3
jewel,joint FM: M - B,0.4,deta_rms_20_50,0.02312599403560356,0.00026112456110821344,0.00013797617339827148,3
jewel,joint FM: M - B,0.4,calib_a,-1.088039328827629,0.43666929458788034,,3
jewel,joint FM: M - B,0.4,calib_b,0.9543381375893843,0.01459730290759087,,3
jewel,joint FM: M - B,0.4,scale_cal_20_30,1.072015317617095,0.0007272855036206671,0.0023672656061459077,3
jewel,joint FM: M - B,0.4,resolution_cal_20_30,0.154169283975378,0.0007781096917506142,0.0016741069311581019,3
jewel,joint FM: M - B,0.4,bias_cal_gev_20_30,1.7463513476247507,0.01911928074497471,0.05674979148681014,3
jewel,joint FM: M - B,0.4,scale_cal_30_50,1.040691073824916,0.003914408890722587,0.001860135460586037,3
jewel,joint FM: M - B,0.4,resolution_cal_30_50,0.10082551934615384,0.0019288989951701252,0.0013155383004648951,3
jewel,joint FM: M - B,0.4,bias_cal_gev_30_50,1.4519392530700468,0.14692101276777336,0.06582713104517583,3
jewel,joint FM: M - B,0.4,sub_truth_jets,8363.0,0.0,,3
jewel,joint FM: M - B,0.4,sub_matched,8355.333333333334,3.5,,3
jewel,joint FM: M - B,0.4,zg_mean_truth,0.2333133811488756,0.0,0.0012371561534114713,3
jewel,joint FM: M - B,0.4,zg_truth_all_sd,0.11249960965257817,0.0,,3
jewel,joint FM: M - B,0.4,zg_mean_reco,0.23647223465994824,0.004373326561183555,0.0012715275754593084,3
jewel,joint FM: M - B,0.4,zg_w1,0.004603124707651787,0.0027102625827862973,,3
jewel,joint FM: M - B,0.4,zg_pair_bias,0.0029636997151450822,0.0041665043914911985,0.001453235989024538,3
jewel,joint FM: M - B,0.4,zg_pair_rmse,0.13171175696829304,0.0017672272288897783,0.0010281927269037323,3
jewel,joint FM: M - B,0.4,zg_truth_sd,0.11253860138424711,5.338996515105027e-05,,3
jewel,joint FM: M - B,0.4,zg_pair_undefined,0.017992747125923025,0.0019784551545292683,,3
jewel,joint FM: M - B,0.4,rg_mean_truth,0.22219185028709884,0.0,0.0008514313958434737,3
jewel,joint FM: M - B,0.4,rg_truth_all_sd,0.07742409833569552,0.0,,3
jewel,joint FM: M - B,0.4,rg_mean_reco,0.19510618777248168,0.004599765957425103,0.0007365445691075398,3
jewel,joint FM: M - B,0.4,rg_w1,0.02708804580355391,0.004596199072263491,,3
jewel,joint FM: M - B,0.4,rg_pair_bias,-0.02690135557476452,0.004590237360517523,0.0007839082662815925,3
jewel,joint FM: M - B,0.4,rg_pair_rmse,0.07602410488188527,0.0017173104543850154,0.0005934772186615129,3
jewel,joint FM: M - B,0.4,rg_truth_sd,0.0772946293877232,2.979446006894093e-05,,3
jewel,joint FM: M - B,0.4,rg_pair_undefined,0.017992747125923025,0.0019784551545292683,,3
jewel,joint FM: M - B,0.4,girth_mean_truth,0.12200639606997325,0.0,0.0003840928709116642,3
jewel,joint FM: M - B,0.4,girth_truth_all_sd,0.035125077792603245,0.0,,3
jewel,joint FM: M - B,0.4,girth_mean_reco,0.11569580456362771,0.0026077924009265327,0.00032681889578783,3
jewel,joint FM: M - B,0.4,girth_w1,0.007338010098925936,0.0017595073284819235,,3
jewel,joint FM: M - B,0.4,girth_pair_bias,-0.006229478704407984,0.002592271001467049,0.00020857731912125586,3
jewel,joint FM: M - B,0.4,girth_pair_rmse,0.020179461779532008,0.0008778295971777709,0.00015610355477815995,3
jewel,joint FM: M - B,0.4,girth_truth_sd,0.03503411526929492,3.579512707249308e-05,,3
jewel,joint FM: M - B,0.4,girth_pair_undefined,0.0,0.0,,3
jewel,joint FM: M - B,0.4,mass_mean_truth,3.6128166501361014,0.0,0.009580606103743769,3
jewel,joint FM: M - B,0.4,mass_truth_all_sd,0.8761410590504918,0.0,,3
jewel,joint FM: M - B,0.4,mass_mean_reco,3.4007721786132237,0.11917594423612976,0.007614795027625676,3
jewel,joint FM: M - B,0.4,mass_w1,0.26076670647756933,0.07753236695734568,,3
jewel,joint FM: M - B,0.4,mass_pair_bias,-0.2105194091313772,0.11946853218052231,0.009990672890264791,3
jewel,joint FM: M - B,0.4,mass_pair_rmse,0.9435737677175169,0.018976110659657486,0.007299251008119106,3
jewel,joint FM: M - B,0.4,mass_truth_sd,0.8746903117484516,0.00042064171223982205,,3
jewel,joint FM: M - B,0.4,mass_pair_undefined,0.0,0.0,,3
jewel,joint FM: M - B,0.4,zlead_mean_truth,0.3333239448394808,0.0,0.0015398480785307376,3
jewel,joint FM: M - B,0.4,zlead_truth_all_sd,0.14081824382421843,0.0,,3
jewel,joint FM: M - B,0.4,zlead_mean_reco,0.3437312369030399,0.0059271865365817245,0.0014521476537268597,3
jewel,joint FM: M - B,0.4,zlead_w1,0.014177432707723975,0.003029389996867698,,3
jewel,joint FM: M - B,0.4,zlead_pair_bias,0.010267924407559581,0.005897728601272499,0.0005175559661485923,3
jewel,joint FM: M - B,0.4,zlead_pair_rmse,0.048673907804759,0.001511144159419494,0.00037652940882211246,3
jewel,joint FM: M - B,0.4,zlead_truth_sd,0.14079716792795152,7.820739169397961e-06,,3
jewel,joint FM: M - B,0.4,zlead_pair_undefined,0.0,0.0,,3
jewel,joint FM: M - B,0.4,xi_mean_truth,5.33829024484299,0.0,0.003932526371781602,3
jewel,joint FM: M - B,0.4,xi_truth_all_sd,2.1067883814436112,0.0,,3
jewel,joint FM: M - B,0.4,xi_mean_reco,5.749570052423365,0.10005983517191819,0.0025272314334219767,3
jewel,joint FM: M - B,0.4,xi_w1,0.6207039855704469,0.02688892166477741,,3
jewel,joint FM: M - B,0.4,ptd_mean_truth,0.4226923494815133,0.0,0.0012047090986737519,3
jewel,joint FM: M - B,0.4,ptd_truth_all_sd,0.11016997193396078,0.0,,3
jewel,joint FM: M - B,0.4,ptd_mean_reco,0.4238494127224291,0.006263669228883689,0.0011212795829192658,3
jewel,joint FM: M - B,0.4,ptd_w1,0.00806326320172526,0.0008705986033325061,,3
jewel,joint FM: M - B,0.4,ptd_pair_bias,0.0010348322799297626,0.006238529102590793,0.0004698776002919295,3
jewel,joint FM: M - B,0.4,ptd_pair_rmse,0.04331429522626198,0.0003901225995487298,0.0003350687339609643,3
jewel,joint FM: M - B,0.4,ptd_truth_sd,0.11014206389174781,1.1758079067954175e-05,,3
jewel,joint FM: M - B,0.4,ptd_pair_undefined,0.0,0.0,,3
jewel,joint FM: M - B,0.4,zg_w1_floor,0.002613971647171148,0.0,,3
jewel,joint FM: M - B,0.4,rg_w1_floor,0.0020772412605365143,0.0,,3
jewel,joint FM: M - B,0.4,girth_w1_floor,0.001055134700250489,0.0,,3
jewel,joint FM: M - B,0.4,mass_w1_floor,0.01746392696473011,0.0,,3
jewel,joint FM: M - B,0.4,zlead_w1_floor,0.0021076343839108065,0.0,,3
jewel,joint FM: M - B,0.4,xi_w1_floor,0.0066870020778488125,0.0,,3
jewel,joint FM: M - B,0.4,ptd_w1_floor,0.002378850610997395,0.0,,3
jewel,joint FM: M - B,0.5,scale_14_20,1.0002279630490263,0.016490848673844094,0.0034072667834133138,3
jewel,joint FM: M - B,0.5,resolution_14_20,0.2512660337799484,0.008301274698983813,0.0024095229983875275,3
jewel,joint FM: M - B,0.5,bias_gev_14_20,-0.003418014353196321,0.2839237752042073,0.05726832328575082,3
jewel,joint FM: M - B,0.5,rmse_gev_14_20,4.230085743510737,0.14526217112795248,0.04056072989941509,3
jewel,joint FM: M - B,0.5,eff_14_20,0.9374820433258634,0.004826754007929701,0.0031764516975444565,3
jewel,joint FM: M - B,0.5,fake_14_20,0.10060459403970233,0.017654518238270807,0.0038781392457458686,3
jewel,joint FM: M - B,0.5,scale_20_30,0.969142246981188,0.016556926557005802,0.0016937120126386462,3
jewel,joint FM: M - B,0.5,resolution_20_30,0.15861631101602688,0.0018953392712546258,0.0011977035329291212,3
jewel,joint FM: M - B,0.5,bias_gev_20_30,-0.7824455022703241,0.40343147443344274,0.04087669380767459,3
jewel,joint FM: M - B,0.5,rmse_gev_20_30,3.921759949669871,0.061421547224556505,0.0296112386240244,3
jewel,joint FM: M - B,0.5,eff_20_30,0.9957235846200424,0.0005676657584014477,0.0006941794130362278,3
jewel,joint FM: M - B,0.5,fake_20_30,0.005253035415155358,0.0010489988177479095,0.0007434803945199189,3
jewel,joint FM: M - B,0.5,scale_30_50,0.9481313809842172,0.010672162610056102,0.0012880697029980985,3
jewel,joint FM: M - B,0.5,resolution_30_50,0.10246430542534324,0.0033402693527969235,0.0009108747962504443,3
jewel,joint FM: M - B,0.5,bias_gev_30_50,-1.8973927607487766,0.3869914166092704,0.04607258527524893,3
jewel,joint FM: M - B,0.5,rmse_gev_30_50,4.137810858551845,0.16543209248401602,0.036780904234889195,3
jewel,joint FM: M - B,0.5,eff_30_50,1.0,0.0,0.0,3
jewel,joint FM: M - B,0.5,fake_30_50,0.0002311648915538885,7.652573809156903e-05,0.00019861356154061505,3
jewel,joint FM: M - B,0.5,deta_rms_20_50,0.030062049785900935,4.1099527154505114e-05,0.00017299718676742472,3
jewel,joint FM: M - B,0.5,calib_a,-1.08279105695728,0.41893791227527194,,3
jewel,joint FM: M - B,0.5,calib_b,0.9285992398900401,0.010865171673988816,,3
jewel,joint FM: M - B,0.5,scale_cal_20_30,1.0893730454922894,0.00032410190951359663,0.0025921495043524628,3
jewel,joint FM: M - B,0.5,resolution_cal_20_30,0.17205410097992976,0.0018008259989181902,0.0018331345478385652,3
jewel,joint FM: M - B,0.5,bias_cal_gev_20_30,2.1790733658657717,0.008155633872807044,0.06237807716516455,3
jewel,joint FM: M - B,0.5,scale_cal_30_50,1.0542865217708084,0.004272945779657866,0.00193376309698399,3
jewel,joint FM: M - B,0.5,resolution_cal_30_50,0.11101888713857407,0.0025443499886998386,0.001367584476061167,3
jewel,joint FM: M - B,0.5,bias_cal_gev_30_50,1.955142290780491,0.16246093906392878,0.06846960336752154,3
jewel,joint FM: direct S,0.2,scale_14_20,0.9072461157339206,0.022145643119750646,0.002658709140602544,3
jewel,joint FM: direct S,0.2,resolution_14_20,0.19684678692263038,0.002571999946501563,0.001880162765018941,3
jewel,joint FM: direct S,0.2,bias_gev_14_20,-1.527046804428423,0.3689050016146822,0.044633764649302736,3
jewel,joint FM: direct S,0.2,rmse_gev_14_20,3.650633331878828,0.19618539795480228,0.03486509851954991,3
jewel,joint FM: direct S,0.2,eff_14_20,0.9937756828619774,0.0009064539521392301,0.001057000592365771,3
jewel,joint FM: direct S,0.2,fake_14_20,0.007341825912484501,0.0009196912072495698,0.0012408623153084975,3
jewel,joint FM: direct S,0.2,scale_20_30,0.9832955930628252,0.011049318069633496,0.0022793240908075417,3
jewel,joint FM: direct S,0.2,resolution_20_30,0.18284917628642974,0.011792929439975841,0.0016118507596316663,3
jewel,joint FM: direct S,0.2,bias_gev_20_30,-0.3417414836284733,0.26283940799821853,0.05587085024369881,3
jewel,joint FM: direct S,0.2,rmse_gev_20_30,4.500671838803971,0.3291631232990002,0.039671195229855356,3
jewel,joint FM: direct S,0.2,eff_20_30,0.99974108021335,0.0001553518719900615,0.00019323141145573044,3
jewel,joint FM: direct S,0.2,fake_20_30,0.000773617687839024,0.00030096698418327,0.000380179355996395,3
jewel,joint FM: direct S,0.2,scale_30_50,1.0618711967306549,0.017467332124321278,0.0034032063550127043,3
jewel,joint FM: direct S,0.2,resolution_30_50,0.1945491364694345,0.01950197934095281,0.0024067985568141646,3
jewel,joint FM: direct S,0.2,bias_gev_30_50,2.3248084613739626,0.6572054138332506,0.12440149608031688,3
jewel,joint FM: direct S,0.2,rmse_gev_30_50,7.49543221618798,0.7789605653779157,0.09271300535972178,3
jewel,joint FM: direct S,0.2,eff_30_50,1.0,0.0,0.0,3
jewel,joint FM: direct S,0.2,fake_30_50,0.0003030187434186256,1.2003631098407271e-05,0.0003029727698226196,3
jewel,joint FM: direct S,0.2,deta_rms_20_50,0.010000048299714265,5.508532677767509e-05,7.178384152830617e-05,3
jewel,joint FM: direct S,0.2,calib_a,-6.6060613605591385,1.1670285513802559,,3
jewel,joint FM: direct S,0.2,calib_b,1.2226607324390513,0.04941085135583467,,3
jewel,joint FM: direct S,0.2,scale_cal_20_30,1.0292516369524616,0.0023291494490428333,0.0026186650833842245,3
jewel,joint FM: direct S,0.2,resolution_cal_20_30,0.1492333935085401,0.007077529241362082,0.0018519609814125343,3
jewel,joint FM: direct S,0.2,bias_cal_gev_20_30,0.6959264445894279,0.05886831821736177,0.06429480242034621,3
jewel,joint FM: direct S,0.2,scale_cal_30_50,1.0210156250071705,0.002017629023497891,0.0037246316739879583,3
jewel,joint FM: direct S,0.2,resolution_cal_30_50,0.15361565923691914,0.013691152693795658,0.00263448682148654,3
jewel,joint FM: direct S,0.2,bias_cal_gev_30_50,0.7586300129949345,0.08178599683837257,0.13456760833582823,3
jewel,joint FM: direct S,0.4,scale_14_20,0.8251380221456613,0.016707900978505108,0.0030884446530107562,3
jewel,joint FM: direct S,0.4,resolution_14_20,0.22826580964318655,0.005123971106275868,0.002184060077314786,3
jewel,joint FM: direct S,0.4,bias_gev_14_20,-2.9736739731615773,0.2868174647691728,0.05265399200699436,3
jewel,joint FM: direct S,0.4,rmse_gev_14_20,4.902846136470921,0.11302587561981925,0.0469037317135392,3
jewel,joint FM: direct S,0.4,eff_14_20,0.9312990112512786,0.003494715308557772,0.003301664404677971,3
jewel,joint FM: direct S,0.4,fake_14_20,0.01626176495820031,0.001437030316415273,0.0016857395879492146,3
jewel,joint FM: direct S,0.4,scale_20_30,0.8749436029959184,0.014422705241620037,0.002192549215220066,3
jewel,joint FM: direct S,0.4,resolution_20_30,0.20031631509819683,0.0063984101005694766,0.001550459295444996,3
jewel,joint FM: direct S,0.4,bias_gev_20_30,-3.0184392989230413,0.3506994231139122,0.053672158311734365,3
jewel,joint FM: direct S,0.4,rmse_gev_20_30,5.762171959297059,0.3323702490330729,0.044596835986434,3
jewel,joint FM: direct S,0.4,eff_20_30,0.9980868109530073,0.0004185101040296568,0.00047586757253818677,3
jewel,joint FM: direct S,0.4,fake_20_30,0.0012878245972295598,0.00013410177668655402,0.0004452972372399595,3
jewel,joint FM: direct S,0.4,scale_30_50,0.9562520240215487,0.012688573092500544,0.0025977574058513014,3
jewel,joint FM: direct S,0.4,resolution_30_50,0.1959657070076206,0.017029453575318237,0.0018370532940335804,3
jewel,joint FM: direct S,0.4,bias_gev_30_50,-1.4336607749532984,0.48907828359946026,0.09516634332982461,3
jewel,joint FM: direct S,0.4,rmse_gev_30_50,7.336031008167958,0.6269209477027053,0.06876453609402083,3
jewel,joint FM: direct S,0.4,eff_30_50,0.9999414279857084,8.785802143734811e-05,5.85668680442017e-05,3
jewel,joint FM: direct S,0.4,fake_30_50,0.00032295199297888844,0.0001383535107882999,0.00027338269518110546,3
jewel,joint FM: direct S,0.4,deta_rms_20_50,0.023517846978738554,0.0002551385850465566,0.00014035744286776985,3
jewel,joint FM: direct S,0.4,calib_a,-7.117153802794078,0.9848723701357591,,3
jewel,joint FM: direct S,0.4,calib_b,1.0735774868897767,0.03798457014984424,,3
jewel,joint FM: direct S,0.4,scale_cal_20_30,1.0855462797628586,0.003732446117160171,0.0028736093635417757,3
jewel,joint FM: direct S,0.4,resolution_cal_20_30,0.18702019156558022,0.0057718864640267376,0.00203218857182008,3
jewel,joint FM: direct S,0.4,bias_cal_gev_20_30,2.0851733193940976,0.0881213587232571,0.0707230399597589,3
jewel,joint FM: direct S,0.4,scale_cal_30_50,1.077473825435476,0.0027613398926699118,0.0032853588929445845,3
jewel,joint FM: direct S,0.4,resolution_cal_30_50,0.17807736244933628,0.013596249743999159,0.002323495006691553,3
jewel,joint FM: direct S,0.4,bias_cal_gev_30_50,2.8293502597953393,0.10979551741546545,0.12004303617747643,3
jewel,joint FM: direct S,0.4,sub_truth_jets,8363.0,0.0,,3
jewel,joint FM: direct S,0.4,sub_matched,8347.0,3.5,,3
jewel,joint FM: direct S,0.4,zg_mean_truth,0.2333133811488756,0.0,0.0012371561534114713,3
jewel,joint FM: direct S,0.4,zg_truth_all_sd,0.11249960965257817,0.0,,3
jewel,joint FM: direct S,0.4,zg_mean_reco,0.23863227263432873,0.0016129824522498476,0.0012848731779193327,3
jewel,joint FM: direct S,0.4,zg_w1,0.0056386333294829545,0.0014942440799160317,,3
jewel,joint FM: direct S,0.4,zg_pair_bias,0.0037264027592301117,0.001588937992396199,0.0014957419820254628,3
jewel,joint FM: direct S,0.4,zg_pair_rmse,0.13438855191994886,0.0013367714178013357,0.001058109675929067,3
jewel,joint FM: direct S,0.4,zg_truth_sd,0.11277464071378034,7.319715390886189e-05,,3
jewel,joint FM: direct S,0.4,zg_pair_undefined,0.03370491497705508,0.0017407590186182542,,3
jewel,joint FM: direct S,0.4,rg_mean_truth,0.22219185028709884,0.0,0.0008514313958434737,3
jewel,joint FM: direct S,0.4,rg_truth_all_sd,0.07742409833569552,0.0,,3
jewel,joint FM: direct S,0.4,rg_mean_reco,0.17928859521358564,0.003146082933489447,0.0007237347726225776,3
jewel,joint FM: direct S,0.4,rg_w1,0.04290339211231239,0.0031458773752906233,,3
jewel,joint FM: direct S,0.4,rg_pair_bias,-0.043389268045828135,0.0030415459137957887,0.0007921286832733263,3
jewel,joint FM: direct S,0.4,rg_pair_rmse,0.0833595423122151,0.001761843847002835,0.0006563371521399867,3
jewel,joint FM: direct S,0.4,rg_truth_sd,0.07707706966934219,0.00011384408811947883,,3
jewel,joint FM: direct S,0.4,rg_pair_undefined,0.03370491497705508,0.0017407590186182542,,3
jewel,joint FM: direct S,0.4,girth_mean_truth,0.12200639606997325,0.0,0.0003840928709116642,3
jewel,joint FM: direct S,0.4,girth_truth_all_sd,0.035125077792603245,0.0,,3
jewel,joint FM: direct S,0.4,girth_mean_reco,0.10524564705262486,0.0018174857953908718,0.0003500055848710713,3
jewel,joint FM: direct S,0.4,girth_w1,0.016776419500848797,0.0018113400155656068,,3
jewel,joint FM: direct S,0.4,girth_pair_bias,-0.016613382104196515,0.001782691231407777,0.00021626824680072852,3
jewel,joint FM: direct S,0.4,girth_pair_rmse,0.02584031766036679,0.001283696384827818,0.00019999554872291166,3
jewel,joint FM: direct S,0.4,girth_truth_sd,0.034971387962071394,5.037064289259777e-05,,3
jewel,joint FM: direct S,0.4,girth_pair_undefined,0.0,0.0,,3
jewel,joint FM: direct S,0.4,mass_mean_truth,3.6128166501361014,0.0,0.009580606103743769,3
jewel,joint FM: direct S,0.4,mass_truth_all_sd,0.8761410590504918,0.0,,3
jewel,joint FM: direct S,0.4,mass_mean_reco,2.7428778199793897,0.08652570252247305,0.006140844500555658,3
jewel,joint FM: direct S,0.4,mass_w1,0.8699447401787067,0.08652570252247294,,3
jewel,joint FM: direct S,0.4,mass_pair_bias,-0.8673497216424577,0.08646719941904846,0.010426063653744233,3
jewel,joint FM: direct S,0.4,mass_pair_rmse,1.289380247925059,0.056305656144075344,0.009979316673335343,3
jewel,joint FM: direct S,0.4,mass_truth_sd,0.8739913858048505,0.0009098587329671726,,3
jewel,joint FM: direct S,0.4,mass_pair_undefined,0.0,0.0,,3
jewel,joint FM: direct S,0.4,zlead_mean_truth,0.3333239448394808,0.0,0.0015398480785307376,3
jewel,joint FM: direct S,0.4,zlead_truth_all_sd,0.14081824382421843,0.0,,3
jewel,joint FM: direct S,0.4,zlead_mean_reco,0.3894346978369449,0.005082565811308337,0.0016975833099092579,3
jewel,joint FM: direct S,0.4,zlead_w1,0.05619342188558244,0.00503987064902537,,3
jewel,joint FM: direct S,0.4,zlead_pair_bias,0.055856185879854074,0.005035714692467306,0.000647053497383376,3
jewel,joint FM: direct S,0.4,zlead_pair_rmse,0.08137270353582331,0.003959390998963835,0.0006297978136039214,3
jewel,joint FM: direct S,0.4,zlead_truth_sd,0.14079205000910835,1.5507507548362387e-05,,3
jewel,joint FM: direct S,0.4,zlead_pair_undefined,0.0,0.0,,3
jewel,joint FM: direct S,0.4,xi_mean_truth,5.33829024484299,0.0,0.003932526371781602,3
jewel,joint FM: direct S,0.4,xi_truth_all_sd,2.1067883814436112,0.0,,3
jewel,joint FM: direct S,0.4,xi_mean_reco,5.880180605846733,0.061364161016427055,0.002550300727088327,3
jewel,joint FM: direct S,0.4,xi_w1,0.6927008499399617,0.02560748683535574,,3
jewel,joint FM: direct S,0.4,ptd_mean_truth,0.4226923494815133,0.0,0.0012047090986737519,3
jewel,joint FM: direct S,0.4,ptd_truth_all_sd,0.11016997193396078,0.0,,3
jewel,joint FM: direct S,0.4,ptd_mean_reco,0.4622590527573926,0.004959968479796184,0.0013394974281871837,3
jewel,joint FM: direct S,0.4,ptd_w1,0.039850932142117546,0.004816967416720795,,3
jewel,joint FM: direct S,0.4,ptd_pair_bias,0.03934623612311372,0.004917474128747271,0.0005665629787541924,3
jewel,joint FM: direct S,0.4,ptd_pair_rmse,0.0650836777216895,0.003494112097580014,0.0005037264117613565,3
jewel,joint FM: direct S,0.4,ptd_truth_sd,0.1101338042249962,1.2490581192473038e-05,,3
jewel,joint FM: direct S,0.4,ptd_pair_undefined,0.0,0.0,,3
jewel,joint FM: direct S,0.4,zg_w1_floor,0.002613971647171148,0.0,,3
jewel,joint FM: direct S,0.4,rg_w1_floor,0.0020772412605365143,0.0,,3
jewel,joint FM: direct S,0.4,girth_w1_floor,0.001055134700250489,0.0,,3
jewel,joint FM: direct S,0.4,mass_w1_floor,0.01746392696473011,0.0,,3
jewel,joint FM: direct S,0.4,zlead_w1_floor,0.0021076343839108065,0.0,,3
jewel,joint FM: direct S,0.4,xi_w1_floor,0.0066870020778488125,0.0,,3
jewel,joint FM: direct S,0.4,ptd_w1_floor,0.002378850610997395,0.0,,3
jewel,joint FM: direct S,0.5,scale_14_20,0.8102312287570949,0.017180128973381725,0.003230578155709054,3
jewel,joint FM: direct S,0.5,resolution_14_20,0.23388898078530063,0.006419198008284097,0.0022845816648978915,3
jewel,joint FM: direct S,0.5,bias_gev_14_20,-3.245432011234214,0.2947620278486578,0.05535283006283975,3
jewel,joint FM: direct S,0.5,rmse_gev_14_20,5.162450338408594,0.10392125662852081,0.05041742242397723,3
jewel,joint FM: direct S,0.5,eff_14_20,0.9036373039131185,0.004309601792794382,0.0038733960074625088,3
jewel,joint FM: direct S,0.5,fake_14_20,0.019677859415341083,0.0018122527249643076,0.0018201100928247615,3
jewel,joint FM: direct S,0.5,scale_20_30,0.847754188086474,0.016453419801642555,0.002200840979016331,3
jewel,joint FM: direct S,0.5,resolution_20_30,0.20585417702838757,0.0044310332749430414,0.0015563185291292666,3
jewel,joint FM: direct S,0.5,bias_gev_20_30,-3.6999217833656872,0.4043059963292046,0.05403799011958196,3
jewel,joint FM: direct S,0.5,rmse_gev_20_30,6.268317511066411,0.341312219178425,0.047387787513323155,3
jewel,joint FM: direct S,0.5,eff_20_30,0.9932636996669695,0.00034059945504089084,0.0008713772689226898,3
jewel,joint FM: direct S,0.5,fake_20_30,0.0013820671747056432,0.00011769719629775653,0.0004518410076690678,3
jewel,joint FM: direct S,0.5,scale_30_50,0.930439339603546,0.013543195623354987,0.002478353455103477,3
jewel,joint FM: direct S,0.5,resolution_30_50,0.19713463210170115,0.01609266882466677,0.001752599040851254,3
jewel,joint FM: direct S,0.5,bias_gev_30_50,-2.373984392837396,0.49033062142053707,0.09088723062437574,3
jewel,joint FM: direct S,0.5,rmse_gev_30_50,7.622589680330344,0.5967367323976163,0.06776220571584117,3
jewel,joint FM: direct S,0.5,eff_30_50,0.9998419721871049,0.0001580278128950896,0.00012715502752884045,3
jewel,joint FM: direct S,0.5,fake_30_50,0.000313511046460634,0.0001352454861233558,0.00026526470438238106,3
jewel,joint FM: direct S,0.5,deta_rms_20_50,0.030189398507345838,0.00020230299068637637,0.00017386066265794674,3
jewel,joint FM: direct S,0.5,calib_a,-7.2008539257708195,0.9869448079131637,,3
jewel,joint FM: direct S,0.5,calib_b,1.0348304569267666,0.03531263438992749,,3
jewel,joint FM: direct S,0.5,scale_cal_20_30,1.1033458165092493,0.0034238583529953015,0.0030015839730436686,3
jewel,joint FM: direct S,0.5,resolution_cal_20_30,0.198936205560173,0.00586403163524335,0.002122682012847872,3
jewel,joint FM: direct S,0.5,bias_cal_gev_20_30,2.5301132550374317,0.08042126412158779,0.0741488045556681,3
jewel,joint FM: direct S,0.5,scale_cal_30_50,1.0927868059352555,0.003790580576421454,0.003242488690659706,3
jewel,joint FM: direct S,0.5,resolution_cal_30_50,0.18614465331359079,0.013416299068829421,0.002293133668089848,3
jewel,joint FM: direct S,0.5,bias_cal_gev_30_50,3.4120760415286653,0.14640570756622528,0.11902799249145872,3
jewel,unpaired FM [mid32],0.2,scale_14_20,0.710956939196055,0.001534922370897196,0.0017313798564644017,3
jewel,unpaired FM [mid32],0.2,resolution_14_20,0.1282897944037784,0.0008904550843016473,0.0012243819456252702,3
jewel,unpaired FM [mid32],0.2,bias_gev_14_20,-4.855550779043895,0.02530779209169376,0.028929395358246148,3
jewel,unpaired FM [mid32],0.2,rmse_gev_14_20,5.3076796583388735,0.024078697496851653,0.050651258046395135,3
jewel,unpaired FM [mid32],0.2,eff_14_20,0.995346869712352,0.00036258158085572534,0.0009158219707945855,3
jewel,unpaired FM [mid32],0.2,fake_14_20,0.0008874991484406405,0.00027949821541045557,0.00040700056954456827,3
jewel,unpaired FM [mid32],0.2,scale_20_30,0.7509056902353047,0.000910737178804133,0.0010897739166011366,3
jewel,unpaired FM [mid32],0.2,resolution_20_30,0.08743356036185997,0.00048233774549252123,0.0007706463893935518,3
jewel,unpaired FM [mid32],0.2,bias_gev_20_30,-6.057287690504665,0.02137573356317457,0.026500274677595453,3
jewel,unpaired FM [mid32],0.2,rmse_gev_20_30,6.419599531528001,0.022775949971875598,0.05657846807718231,3
jewel,unpaired FM [mid32],0.2,eff_20_30,1.0,0.0,0.0,3
jewel,unpaired FM [mid32],0.2,fake_20_30,0.0,0.0,0.0,3
jewel,unpaired FM [mid32],0.2,scale_30_50,0.7708099317539534,0.0005918337988846112,0.0010688430335614428,3
jewel,unpaired FM [mid32],0.2,resolution_30_50,0.06110193373800669,0.00023794943578026376,0.0007559018179568929,3
jewel,unpaired FM [mid32],0.2,bias_gev_30_50,-8.138978562267825,0.020803406776983557,0.04030857642673105,3
jewel,unpaired FM [mid32],0.2,rmse_gev_30_50,8.45888929158164,0.02086760424645906,0.10463026355357458,3
jewel,unpaired FM [mid32],0.2,eff_30_50,1.0,0.0,0.0,3
jewel,unpaired FM [mid32],0.2,fake_30_50,0.0,0.0,0.0,3
jewel,unpaired FM [mid32],0.2,deta_rms_20_50,0.008867746912554679,2.3133721828684332e-05,6.365030983869382e-05,3
jewel,unpaired FM [mid32],0.2,calib_a,-2.0814709663469375,0.039924065137912024,,3
jewel,unpaired FM [mid32],0.2,calib_b,0.8300937253618442,0.0017232371596148655,,3
jewel,unpaired FM [mid32],0.2,scale_cal_20_30,1.0096296304690064,0.0002665476626705354,0.0018171651506682423,3
jewel,unpaired FM [mid32],0.2,resolution_cal_20_30,0.103562472316185,0.0007994160883220136,0.0012851276494929647,3
jewel,unpaired FM [mid32],0.2,bias_cal_gev_20_30,0.2325271069508313,0.005821636409792011,0.043580940908038414,3
jewel,unpaired FM [mid32],0.2,scale_cal_30_50,1.0005327498029548,0.00015742531197471266,0.0017468832431139687,3
jewel,unpaired FM [mid32],0.2,resolution_cal_30_50,0.07204702222637736,0.00020756562334329348,0.0012355962375554606,3
jewel,unpaired FM [mid32],0.2,bias_cal_gev_30_50,0.005345303067861778,0.005288523184856753,0.06121926365019925,3
jewel,unpaired FM [mid32],0.4,scale_14_20,0.7624041262718917,0.0026248489204124814,0.0023550120511047663,3
jewel,unpaired FM [mid32],0.4,resolution_14_20,0.1788362275871905,8.239130955076113e-05,0.001665389395388606,3
jewel,unpaired FM [mid32],0.4,bias_gev_14_20,-4.050260432593898,0.046066592349720104,0.04009320852777921,3
jewel,unpaired FM [mid32],0.4,rmse_gev_14_20,5.067028030700494,0.038483239542292935,0.04718204076812201,3
jewel,unpaired FM [mid32],0.4,eff_14_20,0.9830662575292646,0.0007671326287078117,0.001684246495538302,3
jewel,unpaired FM [mid32],0.4,fake_14_20,0.00487105006725761,0.0007115287595341573,0.0008573017530815497,3
jewel,unpaired FM [mid32],0.4,scale_20_30,0.7754738870154726,0.00201701180062569,0.0013596842956137142,3
jewel,unpaired FM [mid32],0.4,resolution_20_30,0.12432749780092144,0.0006570486783106649,0.0009614994864929485,3
jewel,unpaired FM [mid32],0.4,bias_gev_20_30,-5.5232949517807235,0.04917797738003493,0.03329035856241728,3
jewel,unpaired FM [mid32],0.4,rmse_gev_20_30,6.306598824640633,0.04666891723869648,0.04876981363119746,3
jewel,unpaired FM [mid32],0.4,eff_20_30,0.999760851369126,0.0,0.0001690833969440299,3
jewel,unpaired FM [mid32],0.4,fake_20_30,0.00022598651908270216,6.778651207155618e-05,0.0001730810748046214,3
jewel,unpaired FM [mid32],0.4,scale_30_50,0.7793780468810817,0.0009402416003767011,0.0010876466195501562,3
jewel,unpaired FM [mid32],0.4,resolution_30_50,0.08205066536528792,0.00036369223165352155,0.0007691498791739204,3
jewel,unpaired FM [mid32],0.4,bias_gev_30_50,-7.997033908388656,0.03301407670778511,0.04121877853267789,3
jewel,unpaired FM [mid32],0.4,rmse_gev_30_50,8.580297118394867,0.03469224454612441,0.08042536419412598,3
jewel,unpaired FM [mid32],0.4,eff_30_50,1.0,0.0,0.0,3
jewel,unpaired FM [mid32],0.4,fake_30_50,0.0,0.0,0.0,3
jewel,unpaired FM [mid32],0.4,deta_rms_20_50,0.023339928777510562,6.007213255807345e-05,0.0001392244330584076,3
jewel,unpaired FM [mid32],0.4,calib_a,-0.8540648243116161,0.06733337236059167,,3
jewel,unpaired FM [mid32],0.4,calib_b,0.7752015191785563,0.0012422622595513189,,3
jewel,unpaired FM [mid32],0.4,scale_cal_20_30,1.0440888522936085,0.00010824520079333322,0.002472550626060766,3
jewel,unpaired FM [mid32],0.4,resolution_cal_20_30,0.1610767581116274,0.0008563896640068624,0.0017485633308135075,3
jewel,unpaired FM [mid32],0.4,bias_cal_gev_20_30,1.0923665493007328,0.002788596882698058,0.05948257971486757,3
jewel,unpaired FM [mid32],0.4,scale_cal_30_50,1.038450200838829,0.0003200614861581519,0.0019471206879009388,3
jewel,unpaired FM [mid32],0.4,resolution_cal_30_50,0.10554040753860039,0.00026672014283930096,0.0013770566148737541,3
jewel,unpaired FM [mid32],0.4,bias_cal_gev_30_50,1.372383045274215,0.012113850937163884,0.0691479455943425,3
jewel,unpaired FM [mid32],0.4,sub_truth_jets,8363.0,0.0,,3
jewel,unpaired FM [mid32],0.4,sub_matched,8361.0,0.0,,3
jewel,unpaired FM [mid32],0.4,zg_mean_truth,0.2333133811488756,0.0,0.0012371561534114713,3
jewel,unpaired FM [mid32],0.4,zg_truth_all_sd,0.11249960965257817,0.0,,3
jewel,unpaired FM [mid32],0.4,zg_mean_reco,0.21322176532899437,0.00028047433622786777,0.001189349145811736,3
jewel,unpaired FM [mid32],0.4,zg_w1,0.020091798960508094,0.0002805106659246239,,3
jewel,unpaired FM [mid32],0.4,zg_pair_bias,-0.02000571896377053,0.000291854849183433,0.0013868365044008965,3
jewel,unpaired FM [mid32],0.4,zg_pair_rmse,0.1274743433736578,0.0003283909892694836,0.0009929483655335674,3
jewel,unpaired FM [mid32],0.4,zg_truth_sd,0.11252666843994441,1.1670026660928756e-05,,3
jewel,unpaired FM [mid32],0.4,zg_pair_undefined,0.01439221783678187,0.00023920583662240258,,3
jewel,unpaired FM [mid32],0.4,rg_mean_truth,0.22219185028709884,0.0,0.0008514313958434737,3
jewel,unpaired FM [mid32],0.4,rg_truth_all_sd,0.07742409833569552,0.0,,3
jewel,unpaired FM [mid32],0.4,rg_mean_reco,0.22617766100961212,0.00036141670768317924,0.0007523786751071859,3
jewel,unpaired FM [mid32],0.4,rg_w1,0.012570263669804072,0.0002614930208486386,,3
jewel,unpaired FM [mid32],0.4,rg_pair_bias,0.0041425338880862125,0.00042333692141699984,0.0007815946824948221,3
jewel,unpaired FM [mid32],0.4,rg_pair_rmse,0.07107328731481073,0.0004192140791422008,0.0005536181726540165,3
jewel,unpaired FM [mid32],0.4,rg_truth_sd,0.07737217722971922,2.6016689284071026e-05,,3
jewel,unpaired FM [mid32],0.4,rg_pair_undefined,0.01439221783678187,0.00023920583662240258,,3
jewel,unpaired FM [mid32],0.4,girth_mean_truth,0.12200639606997325,0.0,0.0003840928709116642,3
jewel,unpaired FM [mid32],0.4,girth_truth_all_sd,0.035125077792603245,0.0,,3
jewel,unpaired FM [mid32],0.4,girth_mean_reco,0.1356852166558469,0.00020172301433891981,0.00032851533507007334,3
jewel,unpaired FM [mid32],0.4,girth_w1,0.013701348653361306,0.0002039452121649762,,3
jewel,unpaired FM [mid32],0.4,girth_pair_bias,0.013700546343033576,0.000201723014338912,0.00019546509925454049,3
jewel,unpaired FM [mid32],0.4,girth_pair_rmse,0.022520430639793337,0.00010960392979585641,0.00017415365012687562,3
jewel,unpaired FM [mid32],0.4,girth_truth_sd,0.03510038205779994,0.0,,3
jewel,unpaired FM [mid32],0.4,girth_pair_undefined,0.0,0.0,,3
jewel,unpaired FM [mid32],0.4,mass_mean_truth,3.6128166501361014,0.0,0.009580606103743769,3
jewel,unpaired FM [mid32],0.4,mass_truth_all_sd,0.8761410590504918,0.0,,3
jewel,unpaired FM [mid32],0.4,mass_mean_reco,3.148078417187179,0.013017336708660565,0.006404776453044756,3
jewel,unpaired FM [mid32],0.4,mass_w1,0.4706128094726123,0.012613124079116522,,3
jewel,unpaired FM [mid32],0.4,mass_pair_bias,-0.4644536683501473,0.013017336708660648,0.009947447492284761,3
jewel,unpaired FM [mid32],0.4,mass_pair_rmse,1.0213403572936706,0.00708514732717902,0.007898168293917327,3
jewel,unpaired FM [mid32],0.4,mass_truth_sd,0.8760363716668822,0.0,,3
jewel,unpaired FM [mid32],0.4,mass_pair_undefined,0.0,0.0,,3
jewel,unpaired FM [mid32],0.4,zlead_mean_truth,0.3333239448394808,0.0,0.0015398480785307376,3
jewel,unpaired FM [mid32],0.4,zlead_truth_all_sd,0.14081824382421843,0.0,,3
jewel,unpaired FM [mid32],0.4,zlead_mean_reco,0.3021113657055791,0.0003978025199073143,0.0013684300285454727,3
jewel,unpaired FM [mid32],0.4,zlead_w1,0.031212579133901713,0.0003978025199073351,,3
jewel,unpaired FM [mid32],0.4,zlead_pair_bias,-0.031254618187555504,0.0003978025199073403,0.0004690900691540787,3
jewel,unpaired FM [mid32],0.4,zlead_pair_rmse,0.053073090018885265,0.00014401509326777973,0.0004104216521494518,3
jewel,unpaired FM [mid32],0.4,zlead_truth_sd,0.14080859836250262,0.0,,3
jewel,unpaired FM [mid32],0.4,zlead_pair_undefined,0.0,0.0,,3
jewel,unpaired FM [mid32],0.4,xi_mean_truth,5.33829024484299,0.0,0.003932526371781602,3
jewel,unpaired FM [mid32],0.4,xi_truth_all_sd,2.1067883814436112,0.0,,3
jewel,unpaired FM [mid32],0.4,xi_mean_reco,5.14472199372721,0.0010125542466350446,0.0019335969477675301,3
jewel,unpaired FM [mid32],0.4,xi_w1,0.7466212631132795,0.0015341574426755988,,3
jewel,unpaired FM [mid32],0.4,ptd_mean_truth,0.4226923494815133,0.0,0.0012047090986737519,3
jewel,unpaired FM [mid32],0.4,ptd_truth_all_sd,0.11016997193396078,0.0,,3
jewel,unpaired FM [mid32],0.4,ptd_mean_reco,0.3743461405529642,0.0004010952861918937,0.00107369523856492,3
jewel,unpaired FM [mid32],0.4,ptd_w1,0.0483462089285491,0.0004010952861918937,,3
jewel,unpaired FM [mid32],0.4,ptd_pair_bias,-0.04838147969916545,0.00040109528619190066,0.0004279587144843727,3
jewel,unpaired FM [mid32],0.4,ptd_pair_rmse,0.062226616420905205,0.00023902066844733866,0.00048120715620760733,3
jewel,unpaired FM [mid32],0.4,ptd_truth_sd,0.11015931691401319,0.0,,3
jewel,unpaired FM [mid32],0.4,ptd_pair_undefined,0.0,0.0,,3
jewel,unpaired FM [mid32],0.4,zg_w1_floor,0.002613971647171148,0.0,,3
jewel,unpaired FM [mid32],0.4,rg_w1_floor,0.0020772412605365143,0.0,,3
jewel,unpaired FM [mid32],0.4,girth_w1_floor,0.001055134700250489,0.0,,3
jewel,unpaired FM [mid32],0.4,mass_w1_floor,0.01746392696473011,0.0,,3
jewel,unpaired FM [mid32],0.4,zlead_w1_floor,0.0021076343839108065,0.0,,3
jewel,unpaired FM [mid32],0.4,xi_w1_floor,0.0066870020778488125,0.0,,3
jewel,unpaired FM [mid32],0.4,ptd_w1_floor,0.002378850610997395,0.0,,3
jewel,unpaired FM [mid32],0.5,scale_14_20,0.815940077676978,0.0038658738914462143,0.0025654764657009974,3
jewel,unpaired FM [mid32],0.5,resolution_14_20,0.19381388737545002,0.00048512867911346125,0.0018142247507619157,3
jewel,unpaired FM [mid32],0.5,bias_gev_14_20,-3.147286720377277,0.06636519123308893,0.04341850854786881,3
jewel,unpaired FM [mid32],0.5,rmse_gev_14_20,4.54604978210746,0.04240683347772212,0.042550414840686133,3
jewel,unpaired FM [mid32],0.5,eff_14_20,0.9838533586163306,0.0008619203585588653,0.0016544259827776355,3
jewel,unpaired FM [mid32],0.5,fake_14_20,0.013935235916858477,0.0004575774809959859,0.0013767643621125875,3
jewel,unpaired FM [mid32],0.5,scale_20_30,0.7999942684261168,0.0029149387567465324,0.0014254739885555283,3
jewel,unpaired FM [mid32],0.5,resolution_20_30,0.13373654135717125,0.0007759753628449745,0.001008019586138282,3
jewel,unpaired FM [mid32],0.5,bias_gev_20_30,-4.941576539715341,0.07057812442977651,0.0349895601144906,3
jewel,unpaired FM [mid32],0.5,rmse_gev_20_30,5.932639649585841,0.06498692893978308,0.04471383658659519,3
jewel,unpaired FM [mid32],0.5,eff_20_30,0.9993188010899182,0.0002270663033606124,0.00027533089137048633,3
jewel,unpaired FM [mid32],0.5,fake_20_30,0.0002758506629183191,6.17638535449288e-05,0.0001795962206562702,3
jewel,unpaired FM [mid32],0.5,scale_30_50,0.7902859566329109,0.001221737750594143,0.0010936080855881733,3
jewel,unpaired FM [mid32],0.5,resolution_30_50,0.08699284511186996,0.00029408913077887816,0.0007733588050066789,3
jewel,unpaired FM [mid32],0.5,bias_gev_30_50,-7.650577527820974,0.04267144634825604,0.04178233625525803,3
jewel,unpaired FM [mid32],0.5,rmse_gev_30_50,8.341345734493535,0.042205428448157,0.07414797945488688,3
jewel,unpaired FM [mid32],0.5,eff_30_50,0.9999473240623683,7.90139064475448e-05,5.267177533563899e-05,3
jewel,unpaired FM [mid32],0.5,fake_30_50,0.0,0.0,0.0,3
jewel,unpaired FM [mid32],0.5,deta_rms_20_50,0.031042695595252384,3.145277459887935e-05,0.00017845542101208254,3
jewel,unpaired FM [mid32],0.5,calib_a,0.30478646546080806,0.1003112937001623,,3
jewel,unpaired FM [mid32],0.5,calib_b,0.7464479411629151,0.0017334764811423042,,3
jewel,unpaired FM [mid32],0.5,scale_cal_20_30,1.0540035138734603,0.00010231444319730443,0.0027121162574365726,3
jewel,unpaired FM [mid32],0.5,resolution_cal_20_30,0.18030984361599556,0.001004401969561447,0.001917972774518845,3
jewel,unpaired FM [mid32],0.5,bias_cal_gev_20_30,1.3426316655380939,0.0029672018448607673,0.06548434513151703,3
jewel,unpaired FM [mid32],0.5,scale_cal_30_50,1.0484989658765744,0.0005979544620675625,0.0020318455366078844,3
jewel,unpaired FM [mid32],0.5,resolution_cal_30_50,0.11664399646395597,0.0003581601892784711,0.0014369497796739052,3
jewel,unpaired FM [mid32],0.5,bias_cal_gev_30_50,1.746274240925312,0.023080148602744432,0.07223967233363786,3
jewel,paired FM [mid32],0.2,scale_14_20,0.7148227888745359,0.0019110564997177337,0.0017466818457241978,3
jewel,paired FM [mid32],0.2,resolution_14_20,0.12938418783087322,0.0004918332700688949,0.0012352031400994074,3
jewel,paired FM [mid32],0.2,bias_gev_14_20,-4.790615546836506,0.03168234755518773,0.02921179804569836,3
jewel,paired FM [mid32],0.2,rmse_gev_14_20,5.256638530052072,0.03146253168002122,0.050179438533762166,3
jewel,paired FM [mid32],0.2,eff_14_20,0.9947425670775925,0.00018129079042783491,0.0009736134950323944,3
jewel,paired FM [mid32],0.2,fake_14_20,0.0010152510102041151,9.38468105723354e-05,0.00043901421334117415,3
jewel,paired FM [mid32],0.2,scale_20_30,0.7540080994994347,0.0012154743140994073,0.0011131217624662617,3
jewel,paired FM [mid32],0.2,resolution_20_30,0.08930677943938627,0.0005098345326018175,0.0007871570920649769,3
jewel,paired FM [mid32],0.2,bias_gev_20_30,-5.980610198816959,0.029022410669635068,0.027015658834629242,3
jewel,paired FM [mid32],0.2,rmse_gev_20_30,6.361267548779304,0.03051610801056759,0.05606436525696475,3
jewel,paired FM [mid32],0.2,eff_20_30,1.0,0.0,0.0,3
jewel,paired FM [mid32],0.2,fake_20_30,0.0,0.0,0.0,3
jewel,paired FM [mid32],0.2,scale_30_50,0.778129189680075,0.001774019106248581,0.0010923055243739635,3
jewel,paired FM [mid32],0.2,resolution_30_50,0.06244320042913007,0.0006053276203008516,0.0007724948432207487,3
jewel,paired FM [mid32],0.2,bias_gev_30_50,-7.870556805881758,0.0665059469552789,0.0403790457666727,3
jewel,paired FM [mid32],0.2,rmse_gev_30_50,8.202088766301236,0.06607813049753197,0.101453829187951,3
jewel,paired FM [mid32],0.2,eff_30_50,1.0,0.0,0.0,3
jewel,paired FM [mid32],0.2,fake_30_50,0.0,0.0,0.0,3
jewel,paired FM [mid32],0.2,deta_rms_20_50,0.00886722050696686,6.765580292735461e-06,6.364653144051717e-05,3
jewel,paired FM [mid32],0.2,calib_a,-2.258136496243573,0.07077378847696303,,3
jewel,paired FM [mid32],0.2,calib_b,0.8405791252917644,0.0028664485993098454,,3
jewel,paired FM [mid32],0.2,scale_cal_20_30,1.0089623168789927,0.00019354236712443296,0.0018351891625475274,3
jewel,paired FM [mid32],0.2,resolution_cal_20_30,0.10458968287576931,0.0006054983946264594,0.001297874512931514,3
jewel,paired FM [mid32],0.2,bias_cal_gev_20_30,0.21494895248777388,0.005091677989209578,0.04404044742525413,3
jewel,paired FM [mid32],0.2,scale_cal_30_50,1.0024649000868788,0.00039145044923205585,0.0017580696534189684,3
jewel,paired FM [mid32],0.2,resolution_cal_30_50,0.07250838537417481,0.0005845212634825042,0.001243508550263876,3
jewel,paired FM [mid32],0.2,bias_cal_gev_30_50,0.08016047534592445,0.01731244680083921,0.06164347156089208,3
jewel,paired FM [mid32],0.4,scale_14_20,0.7736238731467165,0.002867376001383093,0.0024164814420078976,3
jewel,paired FM [mid32],0.4,resolution_14_20,0.18346705432360277,0.0005833480253495116,0.0017088586475455826,3
jewel,paired FM [mid32],0.4,bias_gev_14_20,-3.8591451251005053,0.04872413047927404,0.04105936459818083,3
jewel,paired FM [mid32],0.4,rmse_gev_14_20,4.960995411102539,0.039652068261976314,0.04620398091066321,3
jewel,paired FM [mid32],0.4,eff_14_20,0.98266848505512,0.00025571087623593725,0.0017038927964131278,3
jewel,paired FM [mid32],0.4,fake_14_20,0.006557652633303231,0.0005984843977585481,0.0009958770631506482,3
jewel,paired FM [mid32],0.4,scale_20_30,0.784702576988653,0.001846667320052453,0.0013837400867285573,3
jewel,paired FM [mid32],0.4,resolution_20_30,0.12651201153711766,0.000661627975386811,0.000978510530814359,3
jewel,paired FM [mid32],0.4,bias_gev_20_30,-5.296188874844945,0.04464357786493656,0.033796638334140025,3
jewel,paired FM [mid32],0.4,rmse_gev_20_30,6.131677323544462,0.04500015587654005,0.047422779653955215,3
jewel,paired FM [mid32],0.4,eff_20_30,0.9995217027382518,0.00011957431543707653,0.00023781980943309155,3
jewel,paired FM [mid32],0.4,fake_20_30,0.00013414179972947064,8.466151031234905e-07,0.0001341328021721369,3
jewel,paired FM [mid32],0.4,scale_30_50,0.7905317149807461,0.0016107093373970427,0.0011070139220082061,3
jewel,paired FM [mid32],0.4,resolution_30_50,0.08351170981157234,0.0007303163366037466,0.0007828458334276054,3
jewel,paired FM [mid32],0.4,bias_gev_30_50,-7.586274293075107,0.061634395517613516,0.041404113639563395,3
jewel,paired FM [mid32],0.4,rmse_gev_30_50,8.204158362053812,0.05509313995246945,0.07689971746548285,3
jewel,paired FM [mid32],0.4,eff_30_50,1.0,0.0,0.0,3
jewel,paired FM [mid32],0.4,fake_30_50,0.0,0.0,0.0,3
jewel,paired FM [mid32],0.4,deta_rms_20_50,0.023436854148622708,0.00010480739422518044,0.0001398125355497167,3
jewel,paired FM [mid32],0.4,calib_a,-0.8828176590095947,0.11359696834738275,,3
jewel,paired FM [mid32],0.4,calib_b,0.7859326261053724,0.004462359995602072,,3
jewel,paired FM [mid32],0.4,scale_cal_20_30,1.0431513344280983,0.0006175093064231252,0.0024798430144530883,3
jewel,paired FM [mid32],0.4,resolution_cal_20_30,0.16152012947903635,0.0010106185716491356,0.001753720516833069,3
jewel,paired FM [mid32],0.4,bias_cal_gev_20_30,1.0664548871215687,0.014621805088413486,0.059610551127885734,3
jewel,paired FM [mid32],0.4,scale_cal_30_50,1.0392473188496996,0.00029167145036768094,0.0019527529200914027,3
jewel,paired FM [mid32],0.4,resolution_cal_30_50,0.10584569322758068,0.0007816408675387146,0.0013810398823941375,3
jewel,paired FM [mid32],0.4,bias_cal_gev_30_50,1.4081540144300477,0.011190695704848208,0.06943684829272685,3
jewel,paired FM [mid32],0.4,sub_truth_jets,8363.0,0.0,,3
jewel,paired FM [mid32],0.4,sub_matched,8359.0,1.0,,3
jewel,paired FM [mid32],0.4,zg_mean_truth,0.2333133811488756,0.0,0.0012371561534114713,3
jewel,paired FM [mid32],0.4,zg_truth_all_sd,0.11249960965257817,0.0,,3
jewel,paired FM [mid32],0.4,zg_mean_reco,0.21376683845831537,6.112640553836146e-05,0.001185969075300044,3
jewel,paired FM [mid32],0.4,zg_w1,0.01954691463898717,6.111382252428632e-05,,3
jewel,paired FM [mid32],0.4,zg_pair_bias,-0.01955040118642955,0.00011826408303373427,0.001385679158758523,3
jewel,paired FM [mid32],0.4,zg_pair_rmse,0.127219044966125,0.0009787027912356167,0.0009916021418575752,3
jewel,paired FM [mid32],0.4,zg_truth_sd,0.11253147944684395,2.0258119105477645e-05,,3
jewel,paired FM [mid32],0.4,zg_pair_undefined,0.015432458605812919,0.0002383257652554538,,3
jewel,paired FM [mid32],0.4,rg_mean_truth,0.22219185028709884,0.0,0.0008514313958434737,3
jewel,paired FM [mid32],0.4,rg_truth_all_sd,0.07742409833569552,0.0,,3
jewel,paired FM [mid32],0.4,rg_mean_reco,0.2287929747975054,0.00018251896005924695,0.0007598076389054454,3
jewel,paired FM [mid32],0.4,rg_w1,0.0137144886495733,9.551130249793073e-05,,3
jewel,paired FM [mid32],0.4,rg_pair_bias,0.006656450367524488,0.000185458527221051,0.0007797346322771672,3
jewel,paired FM [mid32],0.4,rg_pair_rmse,0.07104960919261827,0.0005673831061811102,0.0005537923724054463,3
jewel,paired FM [mid32],0.4,rg_truth_sd,0.07731848110027255,2.688341091201807e-05,,3
jewel,paired FM [mid32],0.4,rg_pair_undefined,0.015432458605812919,0.0002383257652554538,,3
jewel,paired FM [mid32],0.4,girth_mean_truth,0.12200639606997325,0.0,0.0003840928709116642,3
jewel,paired FM [mid32],0.4,girth_truth_all_sd,0.035125077792603245,0.0,,3
jewel,paired FM [mid32],0.4,girth_mean_reco,0.13662981524256945,6.104582883234566e-05,0.0003367225347085372,3
jewel,paired FM [mid32],0.4,girth_w1,0.014639636470145339,6.702400622875335e-05,,3
jewel,paired FM [mid32],0.4,girth_pair_bias,0.014670068758675324,6.921810008640814e-05,0.0001950028929846541,3
jewel,paired FM [mid32],0.4,girth_pair_rmse,0.023088411425108275,4.809279869495177e-05,0.00017856729915377857,3
jewel,paired FM [mid32],0.4,girth_truth_sd,0.03506566906590005,2.228603319755912e-05,,3
jewel,paired FM [mid32],0.4,girth_pair_undefined,0.0,0.0,,3
jewel,paired FM [mid32],0.4,mass_mean_truth,3.6128166501361014,0.0,0.009580606103743769,3
jewel,paired FM [mid32],0.4,mass_truth_all_sd,0.8761410590504918,0.0,,3
jewel,paired FM [mid32],0.4,mass_mean_reco,3.213263494698618,0.00865436396110253,0.006813478941086051,3
jewel,paired FM [mid32],0.4,mass_w1,0.40583295357585625,0.007783956368260847,,3
jewel,paired FM [mid32],0.4,mass_pair_bias,-0.3988738223378898,0.008903920839056556,0.009949094168934377,3
jewel,paired FM [mid32],0.4,mass_pair_rmse,0.9932559084967169,0.005934096248453757,0.007681904805618897,3
jewel,paired FM [mid32],0.4,mass_truth_sd,0.8756719776953427,0.00028250140226204756,,3
jewel,paired FM [mid32],0.4,mass_pair_undefined,0.0,0.0,,3
jewel,paired FM [mid32],0.4,zlead_mean_truth,0.3333239448394808,0.0,0.0015398480785307376,3
jewel,paired FM [mid32],0.4,zlead_truth_all_sd,0.14081824382421843,0.0,,3
jewel,paired FM [mid32],0.4,zlead_mean_reco,0.30483549183815667,0.00025819743769847636,0.0014149395647201984,3
jewel,paired FM [mid32],0.4,zlead_w1,0.02848845300132415,0.0002581974376984642,,3
jewel,paired FM [mid32],0.4,zlead_pair_bias,-0.028573228816576007,0.00026798492634355284,0.0004513197376449021,3
jewel,paired FM [mid32],0.4,zlead_pair_rmse,0.05019115884790712,0.0001963755120225688,0.00038818175536351195,3
jewel,paired FM [mid32],0.4,zlead_truth_sd,0.1407982289691751,4.170258132610294e-06,,3
jewel,paired FM [mid32],0.4,zlead_pair_undefined,0.0,0.0,,3
jewel,paired FM [mid32],0.4,xi_mean_truth,5.33829024484299,0.0,0.003932526371781602,3
jewel,paired FM [mid32],0.4,xi_truth_all_sd,2.1067883814436112,0.0,,3
jewel,paired FM [mid32],0.4,xi_mean_reco,5.16630339765625,0.0009645624171983336,0.001955421976972401,3
jewel,paired FM [mid32],0.4,xi_w1,0.7319465914430315,0.0008463232075001104,,3
jewel,paired FM [mid32],0.4,ptd_mean_truth,0.4226923494815133,0.0,0.0012047090986737519,3
jewel,paired FM [mid32],0.4,ptd_truth_all_sd,0.11016997193396078,0.0,,3
jewel,paired FM [mid32],0.4,ptd_mean_reco,0.3770225112359704,0.0002106350019568659,0.0011178105872019911,3
jewel,paired FM [mid32],0.4,ptd_w1,0.04566983824554294,0.00021063500195684856,,3
jewel,paired FM [mid32],0.4,ptd_pair_bias,-0.04574312305625002,0.00022059079802491666,0.0004156836982080292,3
jewel,paired FM [mid32],0.4,ptd_pair_rmse,0.05947149921892355,0.00017754708245345738,0.00045995652012566,3
jewel,paired FM [mid32],0.4,ptd_truth_sd,0.11014499525200021,6.325751462532558e-06,,3
jewel,paired FM [mid32],0.4,ptd_pair_undefined,0.0,0.0,,3
jewel,paired FM [mid32],0.4,zg_w1_floor,0.002613971647171148,0.0,,3
jewel,paired FM [mid32],0.4,rg_w1_floor,0.0020772412605365143,0.0,,3
jewel,paired FM [mid32],0.4,girth_w1_floor,0.001055134700250489,0.0,,3
jewel,paired FM [mid32],0.4,mass_w1_floor,0.01746392696473011,0.0,,3
jewel,paired FM [mid32],0.4,zlead_w1_floor,0.0021076343839108065,0.0,,3
jewel,paired FM [mid32],0.4,xi_w1_floor,0.0066870020778488125,0.0,,3
jewel,paired FM [mid32],0.4,ptd_w1_floor,0.002378850610997395,0.0,,3
jewel,paired FM [mid32],0.5,scale_14_20,0.8311510754075089,0.002974205987953449,0.002654767060354687,3
jewel,paired FM [mid32],0.5,resolution_14_20,0.20057682677545144,0.001087368601995209,0.0018773682395450354,3
jewel,paired FM [mid32],0.5,bias_gev_14_20,-2.8895015575175704,0.05103961072606089,0.04482091174379265,3
jewel,paired FM [mid32],0.5,rmse_gev_14_20,4.451714995634855,0.035877281736537814,0.04166390376142684,3
jewel,paired FM [mid32],0.5,eff_14_20,0.9840257426880422,0.0016376486812618163,0.0016446138713372977,3
jewel,paired FM [mid32],0.5,fake_14_20,0.01628759575433347,0.0004589785704488137,0.001489143670238221,3
jewel,paired FM [mid32],0.5,scale_20_30,0.8131940204558697,0.0019506018172265605,0.001452333849474385,3
jewel,paired FM [mid32],0.5,resolution_20_30,0.13625130412829758,0.0005943027083409463,0.0010270134593721085,3
jewel,paired FM [mid32],0.5,bias_gev_20_30,-4.61680974154052,0.04784279251383783,0.035548269964952715,3
jewel,paired FM [mid32],0.5,rmse_gev_20_30,5.695366261483204,0.04748535283193922,0.042927191579482826,3
jewel,paired FM [mid32],0.5,eff_20_30,0.9992431123221314,5.676657584013922e-05,0.0002928419182027114,3
jewel,paired FM [mid32],0.5,fake_20_30,0.00015626341914671434,5.895791033285578e-05,0.00013336650627950532,3
jewel,paired FM [mid32],0.5,scale_30_50,0.8053405143701649,0.0015697013177048968,0.0011115276654011545,3
jewel,paired FM [mid32],0.5,resolution_30_50,0.08841362430233358,0.0006345224345553555,0.0007860308693220672,3
jewel,paired FM [mid32],0.5,bias_gev_30_50,-7.096194189604174,0.060182239015734496,0.04184391796011061,3
jewel,paired FM [mid32],0.5,rmse_gev_30_50,7.838018357980392,0.055895052996212335,0.06967746812117441,3
jewel,paired FM [mid32],0.5,eff_30_50,0.9998419721871049,0.0,0.00015801532600691698,3
jewel,paired FM [mid32],0.5,fake_30_50,0.0,0.0,0.0,3
jewel,paired FM [mid32],0.5,deta_rms_20_50,0.03126524780641024,2.883922016962137e-05,0.00017974273196262245,3
jewel,paired FM [mid32],0.5,calib_a,0.3294656376142279,0.1206919586605895,,3
jewel,paired FM [mid32],0.5,calib_b,0.7594153868431032,0.0045841159237144935,,3
jewel,paired FM [mid32],0.5,scale_cal_20_30,1.0522001176537488,0.001121008437780957,0.002703576522567773,3
jewel,paired FM [mid32],0.5,resolution_cal_20_30,0.17972856694845205,0.0013971796632017974,0.001911933619449949,3
jewel,paired FM [mid32],0.5,bias_cal_gev_20_30,1.2950593399908428,0.02741838276357811,0.06523993548222644,3
jewel,paired FM [mid32],0.5,scale_cal_30_50,1.049307280518131,0.00027333661393302844,0.0020287842931865966,3
jewel,paired FM [mid32],0.5,resolution_cal_30_50,0.11645645971256684,0.0009055493782126126,0.0014347848693265612,3
jewel,paired FM [mid32],0.5,bias_cal_gev_30_50,1.7838785866968188,0.010684140796296981,0.07228370050704336,3
jewel,joint FM: M - B [mid32],0.2,scale_14_20,1.0320340616502268,0.013038549883295003,0.002036172563295486,3
jewel,joint FM: M - B [mid32],0.2,resolution_14_20,0.1509516773557523,0.004142334363827535,0.001439922430441434,3
jewel,joint FM: M - B [mid32],0.2,bias_gev_14_20,0.5297310592232002,0.2162689879891722,0.03370948700629278,3
jewel,joint FM: M - B [mid32],0.2,rmse_gev_14_20,2.5612351701365417,0.10438927828208766,0.024429304168934986,3
jewel,joint FM: M - B [mid32],0.2,eff_14_20,0.9963741841914432,0.0,0.0008092858995440057,3
jewel,joint FM: M - B [mid32],0.2,fake_14_20,0.019772643881841304,0.0018578749066937503,0.0017931222652593538,3
jewel,joint FM: M - B [mid32],0.2,scale_20_30,1.0000508447827745,0.008642058975743439,0.0012273726085170235,3
jewel,joint FM: M - B [mid32],0.2,resolution_20_30,0.09846558025831875,0.0020620971517373646,0.0008679509265203342,3
jewel,joint FM: M - B [mid32],0.2,bias_gev_20_30,-0.021425362447768288,0.20780000318830177,0.02935212201681023,3
jewel,joint FM: M - B [mid32],0.2,rmse_gev_20_30,2.360989261686644,0.04460341149725733,0.02080994806096735,3
jewel,joint FM: M - B [mid32],0.2,eff_20_30,0.99984464812801,0.0,0.0001553398044192682,3
jewel,joint FM: M - B [mid32],0.2,fake_20_30,0.0011933675296774827,0.0001308906295243988,0.00041281575106593885,3
jewel,joint FM: M - B [mid32],0.2,scale_30_50,0.9781703074451182,0.006509293443376585,0.0011786197691269777,3
jewel,joint FM: M - B [mid32],0.2,resolution_30_50,0.06737747711704713,0.0020488169329467704,0.0008335375711758345,3
jewel,joint FM: M - B [mid32],0.2,bias_gev_30_50,-0.7908060592483168,0.23494675487717098,0.041460651625724675,3
jewel,joint FM: M - B [mid32],0.2,rmse_gev_30_50,2.5066764176601186,0.047224222809856276,0.031005750895017142,3
jewel,joint FM: M - B [mid32],0.2,eff_30_50,1.0,0.0,0.0,3
jewel,joint FM: M - B [mid32],0.2,fake_30_50,0.0,0.0,0.0,3
jewel,joint FM: M - B [mid32],0.2,deta_rms_20_50,0.009266314748935724,6.365314345035521e-05,6.651454981657251e-05,3
jewel,joint FM: M - B [mid32],0.2,calib_a,0.6603866592311486,0.5658822744018738,,3
jewel,joint FM: M - B [mid32],0.2,calib_b,0.9572685175766894,0.01763898506060363,,3
jewel,joint FM: M - B [mid32],0.2,scale_cal_20_30,1.0154728941763704,0.000293900327648533,0.001790886814905683,3
jewel,joint FM: M - B [mid32],0.2,resolution_cal_20_30,0.10206483770717618,0.0030378920732711187,0.0012665431989499272,3
jewel,joint FM: M - B [mid32],0.2,bias_cal_gev_20_30,0.3647855161597204,0.006100869034563611,0.04291737102565359,3
jewel,joint FM: M - B [mid32],0.2,scale_cal_30_50,1.0024138346147369,0.0007077429004109792,0.0016911725648702362,3
jewel,joint FM: M - B [mid32],0.2,resolution_cal_30_50,0.06974933662575426,0.0011971638032106657,0.0011961912545945428,3
jewel,joint FM: M - B [mid32],0.2,bias_cal_gev_30_50,0.08223568908978525,0.02709944929877241,0.05935790602796937,3
jewel,joint FM: M - B [mid32],0.4,scale_14_20,0.9722999377812975,0.02551189610935467,0.0029750428415198653,3
jewel,joint FM: M - B [mid32],0.4,resolution_14_20,0.2218055995208382,0.009337975454219577,0.0021038622240911586,3
jewel,joint FM: M - B [mid32],0.4,bias_gev_14_20,-0.4838925690460641,0.4374124487434686,0.04986889354365861,3
jewel,joint FM: M - B [mid32],0.4,rmse_gev_14_20,3.7681164728052097,0.08191272592299992,0.03573814895563997,3
jewel,joint FM: M - B [mid32],0.4,eff_14_20,0.9475508580520513,0.0032390044323218348,0.002909674867610019,3
jewel,joint FM: M - B [mid32],0.4,fake_14_20,0.0666014248732406,0.014254470226877747,0.0030953968873745756,3
jewel,joint FM: M - B [mid32],0.4,scale_20_30,0.9397831089698035,0.01990994120354278,0.0015274380554947163,3
jewel,joint FM: M - B [mid32],0.4,resolution_20_30,0.1395971125055238,0.0021172182615809415,0.0010801264663260477,3
jewel,joint FM: M - B [mid32],0.4,bias_gev_20_30,-1.5118577565626288,0.4793596847778375,0.036835763171232355,3
jewel,joint FM: M - B [mid32],0.4,rmse_gev_20_30,3.70815320529236,0.17835110537248489,0.028689915959248868,3
jewel,joint FM: M - B [mid32],0.4,eff_20_30,0.9987643987404838,0.00017936147315555928,0.00038345040409783925,3
jewel,joint FM: M - B [mid32],0.4,fake_20_30,0.0033744636517062452,0.0009833247471774346,0.0006052632044521864,3
jewel,joint FM: M - B [mid32],0.4,scale_30_50,0.9164701789638912,0.007893506357573798,0.0012379186416241119,3
jewel,joint FM: M - B [mid32],0.4,resolution_30_50,0.09338699388902744,0.0035830595597202003,0.0008754175818853101,3
jewel,joint FM: M - B [mid32],0.4,bias_gev_30_50,-3.0316054199703775,0.2719617236586318,0.044355668031936996,3
jewel,joint FM: M - B [mid32],0.4,rmse_gev_30_50,4.519659149519808,0.22578250084094353,0.04236394475829572,3
jewel,joint FM: M - B [mid32],0.4,eff_30_50,1.0,0.0,0.0,3
jewel,joint FM: M - B [mid32],0.4,fake_30_50,0.00014837045682374421,0.00011695906432748539,0.00014835390251845566,3
jewel,joint FM: M - B [mid32],0.4,deta_rms_20_50,0.02326840445175679,0.00026233703665476393,0.0001388389838167871,3
jewel,joint FM: M - B [mid32],0.4,calib_a,-0.5618515334589533,0.6760535193381734,,3
jewel,joint FM: M - B [mid32],0.4,calib_b,0.8977193710683969,0.012266583358134242,,3
jewel,joint FM: M - B [mid32],0.4,scale_cal_20_30,1.0698037883637275,0.0015568177856374321,0.002400269211387603,3
jewel,joint FM: M - B [mid32],0.4,resolution_cal_20_30,0.15628799157410003,0.002280695324356749,0.0016974468344042191,3
jewel,joint FM: M - B [mid32],0.4,bias_cal_gev_20_30,1.6882252785348475,0.040682007195465664,0.05744840523322555,3
jewel,joint FM: M - B [mid32],0.4,scale_cal_30_50,1.0399057821800977,0.004354076212268021,0.0019184795845161595,3
jewel,joint FM: M - B [mid32],0.4,resolution_cal_30_50,0.1039879646200038,0.002630162272475721,0.0013568008489531467,3
jewel,joint FM: M - B [mid32],0.4,bias_cal_gev_30_50,1.4349248856999341,0.1613675718964238,0.06823350191895546,3
jewel,joint FM: M - B [mid32],0.4,sub_truth_jets,8363.0,0.0,,3
jewel,joint FM: M - B [mid32],0.4,sub_matched,8352.666666666666,1.5,,3
jewel,joint FM: M - B [mid32],0.4,zg_mean_truth,0.2333133811488756,0.0,0.0012371561534114713,3
jewel,joint FM: M - B [mid32],0.4,zg_truth_all_sd,0.11249960965257817,0.0,,3
jewel,joint FM: M - B [mid32],0.4,zg_mean_reco,0.24851093140015135,0.0020574176108365955,0.00130358086786872,3
jewel,joint FM: M - B [mid32],0.4,zg_w1,0.01521492455699861,0.0020681046207764835,,3
jewel,joint FM: M - B [mid32],0.4,zg_pair_bias,0.014611877460716372,0.0019840610422851004,0.0014999861640756142,3
jewel,joint FM: M - B [mid32],0.4,zg_pair_rmse,0.13636690785621727,0.0011342594467012024,0.0010668737335411051,3
jewel,joint FM: M - B [mid32],0.4,zg_truth_sd,0.11260770683571848,7.335096533953728e-05,,3
jewel,joint FM: M - B [mid32],0.4,zg_pair_undefined,0.021989159665699438,0.002217668947673168,,3
jewel,joint FM: M - B [mid32],0.4,rg_mean_truth,0.22219185028709884,0.0,0.0008514313958434737,3
jewel,joint FM: M - B [mid32],0.4,rg_truth_all_sd,0.07742409833569552,0.0,,3
jewel,joint FM: M - B [mid32],0.4,rg_mean_reco,0.17773273681927895,0.0035530251618958453,0.0006983006748125159,3
jewel,joint FM: M - B [mid32],0.4,rg_w1,0.044459131474292014,0.0035529981521876183,,3
jewel,joint FM: M - B [mid32],0.4,rg_pair_bias,-0.04438382086206833,0.003522544694541871,0.0007901067984285869,3
jewel,joint FM: M - B [mid32],0.4,rg_pair_rmse,0.0841129429969807,0.002216219333753204,0.0006580683474094383,3
jewel,joint FM: M - B [mid32],0.4,rg_truth_sd,0.07728214424959502,7.236258730702189e-05,,3
jewel,joint FM: M - B [mid32],0.4,rg_pair_undefined,0.021989159665699438,0.002217668947673168,,3
jewel,joint FM: M - B [mid32],0.4,girth_mean_truth,0.12200639606997325,0.0,0.0003840928709116642,3
jewel,joint FM: M - B [mid32],0.4,girth_truth_all_sd,0.035125077792603245,0.0,,3
jewel,joint FM: M - B [mid32],0.4,girth_mean_reco,0.10336920745422142,0.0022939592441674206,0.00032023230746358583,3
jewel,joint FM: M - B [mid32],0.4,girth_w1,0.018659430384564912,0.0022935608270760154,,3
jewel,joint FM: M - B [mid32],0.4,girth_pair_bias,-0.018536109303445316,0.0022972813641817767,0.00022192348450785043,3
jewel,joint FM: M - B [mid32],0.4,girth_pair_rmse,0.027509584024814016,0.0016748805616826797,0.0002128415043386778,3
jewel,joint FM: M - B [mid32],0.4,girth_truth_sd,0.03502066772628493,2.850388306878393e-05,,3
jewel,joint FM: M - B [mid32],0.4,girth_pair_undefined,0.0,0.0,,3
jewel,joint FM: M - B [mid32],0.4,mass_mean_truth,3.6128166501361014,0.0,0.009580606103743769,3
jewel,joint FM: M - B [mid32],0.4,mass_truth_all_sd,0.8761410590504918,0.0,,3
jewel,joint FM: M - B [mid32],0.4,mass_mean_reco,2.910739765801712,0.12706295497184428,0.007596070837544139,3
jewel,joint FM: M - B [mid32],0.4,mass_w1,0.7024314598871765,0.12672398547248376,,3
jewel,joint FM: M - B [mid32],0.4,mass_pair_bias,-0.7002892930665859,0.12706467867057425,0.009666811593807534,3
jewel,joint FM: M - B [mid32],0.4,mass_pair_rmse,1.1304276888683011,0.07726888232809481,0.008746104043515,3
jewel,joint FM: M - B [mid32],0.4,mass_truth_sd,0.874612716344822,0.0005619248723519044,,3
jewel,joint FM: M - B [mid32],0.4,mass_pair_undefined,0.0,0.0,,3
jewel,joint FM: M - B [mid32],0.4,zlead_mean_truth,0.3333239448394808,0.0,0.0015398480785307376,3
jewel,joint FM: M - B [mid32],0.4,zlead_truth_all_sd,0.14081824382421843,0.0,,3
jewel,joint FM: M - B [mid32],0.4,zlead_mean_reco,0.37774662310244794,0.0062445767386549444,0.0015289480001206904,3
jewel,joint FM: M - B [mid32],0.4,zlead_w1,0.044628912600144205,0.006220225120871028,,3
jewel,joint FM: M - B [mid32],0.4,zlead_pair_bias,0.044239485720853615,0.006231046573930952,0.0005796663214746953,3
jewel,joint FM: M - B [mid32],0.4,zlead_pair_rmse,0.069109275961175,0.0048890145054809875,0.0005346977396155949,3
jewel,joint FM: M - B [mid32],0.4,zlead_truth_sd,0.14079212622464113,1.927226049891484e-05,,3
jewel,joint FM: M - B [mid32],0.4,zlead_pair_undefined,0.0,0.0,,3
jewel,joint FM: M - B [mid32],0.4,xi_mean_truth,5.33829024484299,0.0,0.003932526371781602,3
jewel,joint FM: M - B [mid32],0.4,xi_truth_all_sd,2.1067883814436112,0.0,,3
jewel,joint FM: M - B [mid32],0.4,xi_mean_reco,6.240600692034559,0.10612212335373528,0.0035809711556277404,3
jewel,joint FM: M - B [mid32],0.4,xi_w1,0.9023247200476967,0.10613825788690129,,3
jewel,joint FM: M - B [mid32],0.4,ptd_mean_truth,0.4226923494815133,0.0,0.0012047090986737519,3
jewel,joint FM: M - B [mid32],0.4,ptd_truth_all_sd,0.11016997193396078,0.0,,3
jewel,joint FM: M - B [mid32],0.4,ptd_mean_reco,0.4594903073545049,0.005633348320811943,0.0011781324362283533,3
jewel,joint FM: M - B [mid32],0.4,ptd_w1,0.03701662678727929,0.005605282084276929,,3
jewel,joint FM: M - B [mid32],0.4,ptd_pair_bias,0.03664171398600983,0.005628181801416334,0.000515028626474635,3
jewel,joint FM: M - B [mid32],0.4,ptd_pair_rmse,0.05975427408021176,0.004121942747857817,0.00046231840437189103,3
jewel,joint FM: M - B [mid32],0.4,ptd_truth_sd,0.11014021977904281,1.948994868480186e-05,,3
jewel,joint FM: M - B [mid32],0.4,ptd_pair_undefined,0.0,0.0,,3
jewel,joint FM: M - B [mid32],0.4,zg_w1_floor,0.002613971647171148,0.0,,3
jewel,joint FM: M - B [mid32],0.4,rg_w1_floor,0.0020772412605365143,0.0,,3
jewel,joint FM: M - B [mid32],0.4,girth_w1_floor,0.001055134700250489,0.0,,3
jewel,joint FM: M - B [mid32],0.4,mass_w1_floor,0.01746392696473011,0.0,,3
jewel,joint FM: M - B [mid32],0.4,zlead_w1_floor,0.0021076343839108065,0.0,,3
jewel,joint FM: M - B [mid32],0.4,xi_w1_floor,0.0066870020778488125,0.0,,3
jewel,joint FM: M - B [mid32],0.4,ptd_w1_floor,0.002378850610997395,0.0,,3
jewel,joint FM: M - B [mid32],0.5,scale_14_20,0.9504294536612657,0.0264911980088936,0.0032335439185349874,3
jewel,joint FM: M - B [mid32],0.5,resolution_14_20,0.23629635889159237,0.009268612264958495,0.002286674943868576,3
jewel,joint FM: M - B [mid32],0.5,bias_gev_14_20,-0.8664318831293455,0.4527316016928501,0.05457008015387738,3
jewel,joint FM: M - B [mid32],0.5,rmse_gev_14_20,4.100333356160008,0.048223960156518864,0.03967535405080854,3
jewel,joint FM: M - B [mid32],0.5,eff_14_20,0.9205884042981095,0.00267195311153251,0.0035494529822347166,3
jewel,joint FM: M - B [mid32],0.5,fake_14_20,0.07613099826567986,0.01598413966448517,0.0032801883921997964,3
jewel,joint FM: M - B [mid32],0.5,scale_20_30,0.9136149227645344,0.021177577913602974,0.0016163839067402867,3
jewel,joint FM: M - B [mid32],0.5,resolution_20_30,0.15129426539757426,0.002319020531850846,0.0011430212564892048,3
jewel,joint FM: M - B [mid32],0.5,bias_gev_20_30,-2.155571020877316,0.5145067296165908,0.0391936251443313,3
jewel,joint FM: M - B [mid32],0.5,rmse_gev_20_30,4.270751221882738,0.24929958892059512,0.03226343383819711,3
jewel,joint FM: M - B [mid32],0.5,eff_20_30,0.9946639418710262,0.0005108991825613085,0.0007754880126160749,3
jewel,joint FM: M - B [mid32],0.5,fake_20_30,0.0033606271955056977,0.0008774555827367118,0.0005935286123704291,3
jewel,joint FM: M - B [mid32],0.5,scale_30_50,0.8957697467212574,0.008847662482650342,0.0012480297883737553,3
jewel,joint FM: M - B [mid32],0.5,resolution_30_50,0.09927400634932575,0.003735215873356408,0.0008825600710279823,3
jewel,joint FM: M - B [mid32],0.5,bias_gev_30_50,-3.7911135294294103,0.30658058867172455,0.045019755295473,3
jewel,joint FM: M - B [mid32],0.5,rmse_gev_30_50,5.217721106471668,0.2814503753579958,0.04638251062403232,3
jewel,joint FM: M - B [mid32],0.5,eff_30_50,0.9998946481247367,0.0001580278128950896,7.448325219320145e-05,3
jewel,joint FM: M - B [mid32],0.5,fake_30_50,0.00021795144296363002,1.1788611420166724e-05,0.00021792764343572454,3
jewel,joint FM: M - B [mid32],0.5,deta_rms_20_50,0.030087004705041068,0.0002145175896593951,0.0001731981932899028,3
jewel,joint FM: M - B [mid32],0.5,calib_a,-1.0294314696694709,0.6554076806700359,,3
jewel,joint FM: M - B [mid32],0.5,calib_b,0.8765793309444967,0.009137900367982343,,3
jewel,joint FM: M - B [mid32],0.5,scale_cal_20_30,1.0887123967718606,0.0008322091565425849,0.002607890525557774,3
jewel,joint FM: M - B [mid32],0.5,resolution_cal_20_30,0.17296169558171326,0.0017839452337223005,0.0018442667264656277,3
jewel,joint FM: M - B [mid32],0.5,bias_cal_gev_20_30,2.158591060134763,0.02196642355549172,0.0627702793622261,3
jewel,joint FM: M - B [mid32],0.5,scale_cal_30_50,1.0548417158861427,0.0052697449645321415,0.0019887871856057843,3
jewel,joint FM: M - B [mid32],0.5,resolution_cal_30_50,0.11417214503785213,0.0032744528801810988,0.0014064983072750665,3
jewel,joint FM: M - B [mid32],0.5,bias_cal_gev_30_50,1.9872760243403356,0.1972257131693459,0.07081100115379678,3
jewel,joint FM: direct S [mid32],0.2,scale_14_20,1.0540071585603612,0.02284178884711674,0.002277403699392252,3
jewel,joint FM: direct S [mid32],0.2,resolution_14_20,0.16878945316487484,0.0028305645872677976,0.0016105142026546129,3
jewel,joint FM: direct S [mid32],0.2,bias_gev_14_20,0.9134458368410825,0.3820281882804848,0.037881986551822504,3
jewel,joint FM: direct S [mid32],0.2,rmse_gev_14_20,2.9683029509253065,0.1393865307223081,0.028319766072513044,3
jewel,joint FM: direct S [mid32],0.2,eff_14_20,0.9958303118201596,0.00036258158085572534,0.0008670729499223574,3
jewel,joint FM: direct S [mid32],0.2,fake_14_20,0.021397164212853394,0.003293214313986211,0.0019394301029876115,3
jewel,joint FM: direct S [mid32],0.2,scale_20_30,1.0482766575794182,0.013150475243113413,0.0014910976430529497,3
jewel,joint FM: direct S [mid32],0.2,resolution_20_30,0.11962283794357935,0.0016362609490757213,0.0010544471758937286,3
jewel,joint FM: direct S [mid32],0.2,bias_gev_20_30,1.1780537047081376,0.3157467281959267,0.035914298267588636,3
jewel,joint FM: direct S [mid32],0.2,rmse_gev_20_30,3.124456455662165,0.1256395955631937,0.02753920893085085,3
jewel,joint FM: direct S [mid32],0.2,eff_20_30,0.99984464812801,0.0,0.0001553398044192682,3
jewel,joint FM: direct S [mid32],0.2,fake_20_30,0.001398477136992503,0.0003512039722489281,0.0004553683545742949,3
jewel,joint FM: direct S [mid32],0.2,scale_30_50,1.0471697454420477,0.009859741054845883,0.0016689699060233815,3
jewel,joint FM: direct S [mid32],0.2,resolution_30_50,0.09540904081001872,0.0034514482532833,0.0011803205395602145,3
jewel,joint FM: direct S [mid32],0.2,bias_gev_30_50,1.690806912438491,0.3452888217500457,0.05930105948239397,3
jewel,joint FM: direct S [mid32],0.2,rmse_gev_30_50,3.799587421591036,0.1066585536693414,0.04699811282688898,3
jewel,joint FM: direct S [mid32],0.2,eff_30_50,1.0,0.0,0.0,3
jewel,joint FM: direct S [mid32],0.2,fake_30_50,8.112273870365863e-05,0.00012168410805548795,8.111286675489028e-05,3
jewel,joint FM: direct S [mid32],0.2,deta_rms_20_50,0.009684024406220623,5.853027792634968e-05,6.951291222505112e-05,3
jewel,joint FM: direct S [mid32],0.2,calib_a,-1.198262836297684,0.6594580417347431,,3
jewel,joint FM: direct S [mid32],0.2,calib_b,1.0733015542681368,0.013371118021695216,,3
jewel,joint FM: direct S [mid32],0.2,scale_cal_20_30,1.022554583037237,0.0004851512474370878,0.001955561182424587,3
jewel,joint FM: direct S [mid32],0.2,resolution_cal_20_30,0.11144983203259033,0.0029661528967394116,0.0013830034902908028,3
jewel,joint FM: direct S [mid32],0.2,bias_cal_gev_20_30,0.5358181911552716,0.007388227240234635,0.047145890185806005,3
jewel,joint FM: direct S [mid32],0.2,scale_cal_30_50,1.007700625517301,0.002142681462561691,0.0021292414906630554,3
jewel,joint FM: direct S [mid32],0.2,resolution_cal_30_50,0.08781669273423653,0.0038644705064972695,0.0015060438555816,3
jewel,joint FM: direct S [mid32],0.2,bias_cal_gev_30_50,0.26831102777335863,0.07607741132012363,0.07559012149304041,3
jewel,joint FM: direct S [mid32],0.4,scale_14_20,0.9708109429051331,0.024742352798200362,0.003125795337358742,3
jewel,joint FM: direct S [mid32],0.4,resolution_14_20,0.23276694668132394,0.007255172396403678,0.0022104704014048494,3
jewel,joint FM: direct S [mid32],0.4,bias_gev_14_20,-0.4994522139392383,0.4234188376003722,0.05258908244368227,3
jewel,joint FM: direct S [mid32],0.4,rmse_gev_14_20,3.965986027069104,0.045421899676552524,0.037659520551834046,3
jewel,joint FM: direct S [mid32],0.4,eff_14_20,0.9453346971246731,0.0028128196385953097,0.002967359856616638,3
jewel,joint FM: direct S [mid32],0.4,fake_14_20,0.06162063527093925,0.010577668557513579,0.003097819694760981,3
jewel,joint FM: direct S [mid32],0.4,scale_20_30,0.9627729534503429,0.01809698153581757,0.0017341149115429582,3
jewel,joint FM: direct S [mid32],0.4,resolution_20_30,0.15847644178391654,0.0017000282789621651,0.0012262778305753912,3
jewel,joint FM: direct S [mid32],0.4,bias_gev_20_30,-0.921063637555268,0.43646933152056566,0.041913048814895375,3
jewel,joint FM: direct S [mid32],0.4,rmse_gev_20_30,3.9548560642080623,0.15336203130370807,0.030600475067382244,3
jewel,joint FM: direct S [mid32],0.4,eff_20_30,0.9986448244250469,0.00017936147315555928,0.00040167312989970223,3
jewel,joint FM: direct S [mid32],0.4,fake_20_30,0.0032901507341843318,0.000598248617017409,0.0006234663231521571,3
jewel,joint FM: direct S [mid32],0.4,scale_30_50,0.9666485089127237,0.007313699169113952,0.0015627973111023586,3
jewel,joint FM: direct S [mid32],0.4,resolution_30_50,0.11789542384645658,0.0031637633133567156,0.0011051616778847315,3
jewel,joint FM: direct S [mid32],0.4,bias_gev_30_50,-1.1757773537639438,0.2516345887613813,0.05593857172080632,3
jewel,joint FM: direct S [mid32],0.4,rmse_gev_30_50,4.3856142968238645,0.16661811678159966,0.04110750737067809,3
jewel,joint FM: direct S [mid32],0.4,eff_30_50,1.0,0.0,0.0,3
jewel,joint FM: direct S [mid32],0.4,fake_30_50,0.0001940130035351263,6.914073250397523e-06,0.0001939941661604238,3
jewel,joint FM: direct S [mid32],0.4,deta_rms_20_50,0.023390919003763444,0.0002138749323611546,0.00013957497363687558,3
jewel,joint FM: direct S [mid32],0.4,calib_a,-2.648069814005513,0.7674891669600559,,3
jewel,joint FM: direct S [mid32],0.4,calib_b,0.991187444632876,0.01581417977299443,,3
jewel,joint FM: direct S [mid32],0.4,scale_cal_20_30,1.078529582921779,0.001497848295658022,0.0024713196714061148,3
jewel,joint FM: direct S [mid32],0.4,resolution_cal_20_30,0.16089544331205477,0.0017037989061744196,0.0017476930708397312,3
jewel,joint FM: direct S [mid32],0.4,bias_cal_gev_20_30,1.9026672040448884,0.03764612107334031,0.05955847442966684,3
jewel,joint FM: direct S [mid32],0.4,scale_cal_30_50,1.0513853199131116,0.004710883233770002,0.0021866748196473474,3
jewel,joint FM: direct S [mid32],0.4,resolution_cal_30_50,0.11852503702211077,0.003240016843750103,0.0015464758007473075,3
jewel,joint FM: direct S [mid32],0.4,bias_cal_gev_30_50,1.854829700585225,0.17220011581946948,0.07836517918904683,3
jewel,joint FM: direct S [mid32],0.4,sub_truth_jets,8363.0,0.0,,3
jewel,joint FM: direct S [mid32],0.4,sub_matched,8351.666666666666,1.5,,3
jewel,joint FM: direct S [mid32],0.4,zg_mean_truth,0.2333133811488756,0.0,0.0012371561534114713,3
jewel,joint FM: direct S [mid32],0.4,zg_truth_all_sd,0.11249960965257817,0.0,,3
jewel,joint FM: direct S [mid32],0.4,zg_mean_reco,0.2450534394350822,0.0018942867931727447,0.0012958833100103148,3
jewel,joint FM: direct S [mid32],0.4,zg_w1,0.011796273828724146,0.0018645698208770121,,3
jewel,joint FM: direct S [mid32],0.4,zg_pair_bias,0.010516926823820228,0.0018192937268004536,0.0015067596681225032,3
jewel,joint FM: direct S [mid32],0.4,zg_pair_rmse,0.1361034918684559,0.0009159893479365189,0.0010687021170040225,3
jewel,joint FM: direct S [mid32],0.4,zg_truth_sd,0.1127137057953879,9.551567291782304e-05,,3
jewel,joint FM: direct S [mid32],0.4,zg_pair_undefined,0.02897644886468605,0.002817482850391184,,3
jewel,joint FM: direct S [mid32],0.4,rg_mean_truth,0.22219185028709884,0.0,0.0008514313958434737,3
jewel,joint FM: direct S [mid32],0.4,rg_truth_all_sd,0.07742409833569552,0.0,,3
jewel,joint FM: direct S [mid32],0.4,rg_mean_reco,0.17481947689166688,0.0035331427467061027,0.000702217775484777,3
jewel,joint FM: direct S [mid32],0.4,rg_w1,0.04737238785868192,0.0035331210518311194,,3
jewel,joint FM: direct S [mid32],0.4,rg_pair_bias,-0.04754205377823734,0.0035176870193999003,0.0007977254745950261,3
jewel,joint FM: direct S [mid32],0.4,rg_pair_rmse,0.0861788544938959,0.0020935469645338503,0.0006766946331833839,3
jewel,joint FM: direct S [mid32],0.4,rg_truth_sd,0.07722054220506747,5.273653716893201e-05,,3
jewel,joint FM: direct S [mid32],0.4,rg_pair_undefined,0.02897644886468605,0.002817482850391184,,3
jewel,joint FM: direct S [mid32],0.4,girth_mean_truth,0.12200639606997325,0.0,0.0003840928709116642,3
jewel,joint FM: direct S [mid32],0.4,girth_truth_all_sd,0.035125077792603245,0.0,,3
jewel,joint FM: direct S [mid32],0.4,girth_mean_reco,0.1005803153834036,0.0022460159915035985,0.0003309443837136036,3
jewel,joint FM: direct S [mid32],0.4,girth_w1,0.02144012199582224,0.0022453376963941386,,3
jewel,joint FM: direct S [mid32],0.4,girth_pair_bias,-0.02131807000873812,0.0022508151260371163,0.00022207154716309197,3
jewel,joint FM: direct S [mid32],0.4,girth_pair_rmse,0.029461186132507405,0.0017050013198240815,0.0002279547857468768,3
jewel,joint FM: direct S [mid32],0.4,girth_truth_sd,0.035014450334014645,2.3028121677228647e-05,,3
jewel,joint FM: direct S [mid32],0.4,girth_pair_undefined,0.0,0.0,,3
jewel,joint FM: direct S [mid32],0.4,mass_mean_truth,3.6128166501361014,0.0,0.009580606103743769,3
jewel,joint FM: direct S [mid32],0.4,mass_truth_all_sd,0.8761410590504918,0.0,,3
jewel,joint FM: direct S [mid32],0.4,mass_mean_reco,2.904036092087155,0.10346533851974637,0.007357607299866844,3
jewel,joint FM: direct S [mid32],0.4,mass_w1,0.7089900642013071,0.10335859045142615,,3
jewel,joint FM: direct S [mid32],0.4,mass_pair_bias,-0.7068783974902257,0.10359547385301265,0.009829872877258667,3
jewel,joint FM: direct S [mid32],0.4,mass_pair_rmse,1.1449090925749117,0.0676049287150392,0.008858671730981477,3
jewel,joint FM: direct S [mid32],0.4,mass_truth_sd,0.8744688769429795,0.0004482222526402402,,3
jewel,joint FM: direct S [mid32],0.4,mass_pair_undefined,0.0,0.0,,3
jewel,joint FM: direct S [mid32],0.4,zlead_mean_truth,0.3333239448394808,0.0,0.0015398480785307376,3
jewel,joint FM: direct S [mid32],0.4,zlead_truth_all_sd,0.14081824382421843,0.0,,3
jewel,joint FM: direct S [mid32],0.4,zlead_mean_reco,0.39795098170614523,0.006673824893999258,0.0016258960411329017,3
jewel,joint FM: direct S [mid32],0.4,zlead_w1,0.06472812736524025,0.006659674858775742,,3
jewel,joint FM: direct S [mid32],0.4,zlead_pair_bias,0.06443144875319647,0.006673591545934745,0.0006297550408584375,3
jewel,joint FM: direct S [mid32],0.4,zlead_pair_rmse,0.08644121759028948,0.006150083901339448,0.0006688350883562364,3
jewel,joint FM: direct S [mid32],0.4,zlead_truth_sd,0.1407921880203923,1.5441113790204408e-05,,3
jewel,joint FM: direct S [mid32],0.4,zlead_pair_undefined,0.0,0.0,,3
jewel,joint FM: direct S [mid32],0.4,xi_mean_truth,5.33829024484299,0.0,0.003932526371781602,3
jewel,joint FM: direct S [mid32],0.4,xi_truth_all_sd,2.1067883814436112,0.0,,3
jewel,joint FM: direct S [mid32],0.4,xi_mean_reco,6.572341987547297,0.18380281627356787,0.003982222653690729,3
jewel,joint FM: direct S [mid32],0.4,xi_w1,1.2346067959695157,0.18409466514310668,,3
jewel,joint FM: direct S [mid32],0.4,ptd_mean_truth,0.4226923494815133,0.0,0.0012047090986737519,3
jewel,joint FM: direct S [mid32],0.4,ptd_truth_all_sd,0.11016997193396078,0.0,,3
jewel,joint FM: direct S [mid32],0.4,ptd_mean_reco,0.4746007057088289,0.005816874160356644,0.0012581111557202062,3
jewel,joint FM: direct S [mid32],0.4,ptd_w1,0.052018569545432436,0.005802043948070393,,3
jewel,joint FM: direct S [mid32],0.4,ptd_pair_bias,0.051741773491309935,0.005820013855776969,0.0005447517134200287,3
jewel,joint FM: direct S [mid32],0.4,ptd_pair_rmse,0.0718666082327281,0.005006863673206262,0.0005560650379315741,3
jewel,joint FM: direct S [mid32],0.4,ptd_truth_sd,0.11014101506036984,1.5161832475955872e-05,,3
jewel,joint FM: direct S [mid32],0.4,ptd_pair_undefined,0.0,0.0,,3
jewel,joint FM: direct S [mid32],0.4,zg_w1_floor,0.002613971647171148,0.0,,3
jewel,joint FM: direct S [mid32],0.4,rg_w1_floor,0.0020772412605365143,0.0,,3
jewel,joint FM: direct S [mid32],0.4,girth_w1_floor,0.001055134700250489,0.0,,3
jewel,joint FM: direct S [mid32],0.4,mass_w1_floor,0.01746392696473011,0.0,,3
jewel,joint FM: direct S [mid32],0.4,zlead_w1_floor,0.0021076343839108065,0.0,,3
jewel,joint FM: direct S [mid32],0.4,xi_w1_floor,0.0066870020778488125,0.0,,3
jewel,joint FM: direct S [mid32],0.4,ptd_w1_floor,0.002378850610997395,0.0,,3
jewel,joint FM: direct S [mid32],0.5,scale_14_20,0.9460628103783781,0.02575000299763669,0.003364243911971052,3
jewel,joint FM: direct S [mid32],0.5,resolution_14_20,0.24552175651135846,0.008458083845396674,0.0023791030411412597,3
jewel,joint FM: direct S [mid32],0.5,bias_gev_14_20,-0.9320609073786424,0.43967198173475236,0.05693960811471482,3
jewel,joint FM: direct S [mid32],0.5,rmse_gev_14_20,4.2773815329568565,0.027963670091145865,0.04144309493155159,3
jewel,joint FM: direct S [mid32],0.5,eff_14_20,0.9181750272941446,0.0023271849681089085,0.00359841670231322,3
jewel,joint FM: direct S [mid32],0.5,fake_14_20,0.0708028707286217,0.013232060360305838,0.0032791720771245575,3
jewel,joint FM: direct S [mid32],0.5,scale_20_30,0.9320343815313792,0.020028825942967732,0.0018170022402265458,3
jewel,joint FM: direct S [mid32],0.5,resolution_20_30,0.1700655116881832,0.0014535431625760098,0.0012848879430058212,3
jewel,joint FM: direct S [mid32],0.5,bias_gev_20_30,-1.6761714151306382,0.4864036316809255,0.044101097807597835,3
jewel,joint FM: direct S [mid32],0.5,rmse_gev_20_30,4.470019447541273,0.22755654438650508,0.03377001562130081,3
jewel,joint FM: direct S [mid32],0.5,eff_20_30,0.9945882531032395,0.0005676657584014477,0.0007808664592973678,3
jewel,joint FM: direct S [mid32],0.5,fake_20_30,0.003374620501197011,0.000560153165623744,0.0006216324391186348,3
jewel,joint FM: direct S [mid32],0.5,scale_30_50,0.9421449210027569,0.00845747008482789,0.0015544254487883241,3
jewel,joint FM: direct S [mid32],0.5,resolution_30_50,0.12364607464285737,0.003253589312933805,0.001099231642827019,3
jewel,joint FM: direct S [mid32],0.5,bias_gev_30_50,-2.0648075996705626,0.2927867564028156,0.055848726466134944,3
jewel,joint FM: direct S [mid32],0.5,rmse_gev_30_50,4.9030930317705765,0.22094209542915344,0.04358579982391116,3
jewel,joint FM: direct S [mid32],0.5,eff_30_50,0.9998946481247367,0.0001580278128950896,7.448325219320145e-05,3
jewel,joint FM: direct S [mid32],0.5,fake_30_50,0.00024994597238237856,8.712680627318508e-05,0.00021442865200699992,3
jewel,joint FM: direct S [mid32],0.5,deta_rms_20_50,0.030200497534213045,0.00019723164418392232,0.00017385540332259296,3
jewel,joint FM: direct S [mid32],0.5,calib_a,-3.0916116114854435,0.7307474421468474,,3
jewel,joint FM: direct S [mid32],0.5,calib_b,0.9637406826691016,0.013197296351149246,,3
jewel,joint FM: direct S [mid32],0.5,scale_cal_20_30,1.0969301824195627,0.0006768346506428324,0.0026742725006003534,3
jewel,joint FM: direct S [mid32],0.5,resolution_cal_20_30,0.17736462706960365,0.0017539583134650871,0.0018912112069218673,3
jewel,joint FM: direct S [mid32],0.5,bias_cal_gev_20_30,2.3622849007969946,0.01650497888958946,0.06477781160304412,3
jewel,joint FM: direct S [mid32],0.5,scale_cal_30_50,1.067191340875574,0.004976992907269606,0.0022340448384759294,3
jewel,joint FM: direct S [mid32],0.5,resolution_cal_30_50,0.12825173248818175,0.0029978790963588187,0.0015799479740801804,3
jewel,joint FM: direct S [mid32],0.5,bias_cal_gev_30_50,2.4430537614004533,0.18499088587262524,0.080259476660348,3
jewel,UVCGAN-S [thr0.5],0.2,scale_14_20,0.9467223100292705,0.0,0.0019688561967445006,1
jewel,UVCGAN-S [thr0.5],0.2,resolution_14_20,0.14610717211037222,0.0,0.0013923179871110666,1
jewel,UVCGAN-S [thr0.5],0.2,bias_gev_14_20,-0.8833094255548434,0.0,0.032658949988447865,1
jewel,UVCGAN-S [thr0.5],0.2,rmse_gev_14_20,2.579542666692708,0.0,0.02457933787735559,1
jewel,UVCGAN-S [thr0.5],0.2,eff_14_20,0.9983683828861494,0.0,0.0005434284944159833,1
jewel,UVCGAN-S [thr0.5],0.2,fake_14_20,0.0075589970501474925,0.0,0.0011760467795149776,1
jewel,UVCGAN-S [thr0.5],0.2,scale_20_30,0.9566167190076716,0.0,0.0011923294199273722,1
jewel,UVCGAN-S [thr0.5],0.2,resolution_20_30,0.09566168240985468,0.0,0.0008431697147795169,1
jewel,UVCGAN-S [thr0.5],0.2,bias_gev_20_30,-1.0567105776086223,0.0,0.02840519992188543,1
jewel,UVCGAN-S [thr0.5],0.2,rmse_gev_20_30,2.512044056667961,0.0,0.022139637179958854,1
jewel,UVCGAN-S [thr0.5],0.2,eff_20_30,1.0,0.0,0.0,1
jewel,UVCGAN-S [thr0.5],0.2,fake_20_30,0.0003201024327784891,0.0,0.0002263103709436266,1
jewel,UVCGAN-S [thr0.5],0.2,scale_30_50,0.9576306185432003,0.0,0.0010682411516440792,1
jewel,UVCGAN-S [thr0.5],0.2,resolution_30_50,0.061067526301294195,0.0,0.0007554761580412226,1
jewel,UVCGAN-S [thr0.5],0.2,bias_gev_30_50,-1.4990822091521887,0.0,0.03723444543728943,1
jewel,UVCGAN-S [thr0.5],0.2,rmse_gev_30_50,2.6034622146876036,0.0,0.032202920298960845,1
jewel,UVCGAN-S [thr0.5],0.2,eff_30_50,1.0,0.0,0.0,1
jewel,UVCGAN-S [thr0.5],0.2,fake_30_50,0.0,0.0,0.0,1
jewel,UVCGAN-S [thr0.5],0.2,deta_rms_20_50,0.009480481416787149,0.0,6.804835383203774e-05,1
jewel,UVCGAN-S [thr0.5],0.2,calib_a,-1.3975010938092898,0.0,,1
jewel,UVCGAN-S [thr0.5],0.2,calib_b,0.9995828853352697,0.0,,1
jewel,UVCGAN-S [thr0.5],0.2,scale_cal_20_30,1.0142775540331812,0.0,0.0016504768502464354,1
jewel,UVCGAN-S [thr0.5],0.2,resolution_cal_20_30,0.09406270148274305,0.0,0.0011672430732670347,1
jewel,UVCGAN-S [thr0.5],0.2,bias_cal_gev_20_30,0.3349120801682684,0.0,0.039275549429815475,1
jewel,UVCGAN-S [thr0.5],0.2,scale_cal_30_50,0.9986452195179789,0.0,0.001469491589133437,1
jewel,UVCGAN-S [thr0.5],0.2,resolution_cal_30_50,0.0606065079627443,0.0,0.0010393930366038842,1
jewel,UVCGAN-S [thr0.5],0.2,bias_cal_gev_30_50,-0.057700523607508505,0.0,0.051393720729682096,1
jewel,UVCGAN-S [thr0.5],0.4,scale_14_20,0.9104208016416451,0.0,0.0028428379239587727,1
jewel,UVCGAN-S [thr0.5],0.4,resolution_14_20,0.2142338214571173,0.0,0.002010366981724524,1
jewel,UVCGAN-S [thr0.5],0.4,bias_gev_14_20,-1.5270007328469726,0.0,0.047848395904768894,1
jewel,UVCGAN-S [thr0.5],0.4,rmse_gev_14_20,3.915817365004466,0.0,0.03674273629160765,1
jewel,UVCGAN-S [thr0.5],0.4,eff_14_20,0.9681213774292533,0.0,0.0022937371555435907,1
jewel,UVCGAN-S [thr0.5],0.4,fake_14_20,0.028082419408441344,0.0,0.0021296384922747545,1
jewel,UVCGAN-S [thr0.5],0.4,scale_20_30,0.9154905896327477,0.0,0.001557049349734176,1
jewel,UVCGAN-S [thr0.5],0.4,resolution_20_30,0.14236574863345364,0.0,0.0011010660090387588,1
jewel,UVCGAN-S [thr0.5],0.4,bias_gev_20_30,-2.0787043510796117,0.0,0.037535979878078586,1
jewel,UVCGAN-S [thr0.5],0.4,rmse_gev_20_30,4.012459592968405,0.0,0.031030768787693185,1
jewel,UVCGAN-S [thr0.5],0.4,eff_20_30,0.9996412770536889,0.0,0.0002070716389476165,1
jewel,UVCGAN-S [thr0.5],0.4,fake_20_30,0.0013426095447333088,0.0,0.0004045401655663056,1
jewel,UVCGAN-S [thr0.5],0.4,scale_30_50,0.9134587273675904,0.0,0.001179875856941667,1
jewel,UVCGAN-S [thr0.5],0.4,resolution_30_50,0.08900832069017314,0.0,0.0008343715288539635,1
jewel,UVCGAN-S [thr0.5],0.4,bias_gev_30_50,-3.12619445031813,0.0,0.04201710384740022,1
jewel,UVCGAN-S [thr0.5],0.4,rmse_gev_30_50,4.451987623262298,0.0,0.04172964188163139,1
jewel,UVCGAN-S [thr0.5],0.4,eff_30_50,1.0,0.0,0.0,1
jewel,UVCGAN-S [thr0.5],0.4,fake_30_50,0.00022836263987211693,0.0,0.0002283365636356777,1
jewel,UVCGAN-S [thr0.5],0.4,deta_rms_20_50,0.025830696079299605,0.0,0.00015408753047055517,1
jewel,UVCGAN-S [thr0.5],0.4,calib_a,-2.2331251532612213,0.0,,1
jewel,UVCGAN-S [thr0.5],0.4,calib_b,0.9569795332749645,0.0,,1
jewel,UVCGAN-S [thr0.5],0.4,scale_cal_20_30,1.0507598510902996,0.0,0.002297602483361847,1
jewel,UVCGAN-S [thr0.5],0.4,resolution_cal_20_30,0.14966195287677117,0.0,0.001624841780963503,1
jewel,UVCGAN-S [thr0.5],0.4,bias_cal_gev_20_30,1.2309532781525039,0.0,0.0552466156675627,1
jewel,UVCGAN-S [thr0.5],0.4,scale_cal_30_50,1.022497681164148,0.0,0.0017070222018559576,1
jewel,UVCGAN-S [thr0.5],0.4,resolution_cal_30_50,0.09252627224434407,0.0,0.0012072524468610128,1
jewel,UVCGAN-S [thr0.5],0.4,bias_cal_gev_30_50,0.7937545058126055,0.0,0.06051924848601042,1
jewel,UVCGAN-S [thr0.5],0.4,sub_truth_jets,8363.0,0.0,,1
jewel,UVCGAN-S [thr0.5],0.4,sub_matched,8360.0,0.0,,1
jewel,UVCGAN-S [thr0.5],0.4,zg_mean_truth,0.2333133811488756,0.0,0.0012371561534114713,1
jewel,UVCGAN-S [thr0.5],0.4,zg_truth_all_sd,0.11249960965257819,0.0,,1
jewel,UVCGAN-S [thr0.5],0.4,zg_mean_reco,0.23969945132772433,0.0,0.0012582783134487173,1
jewel,UVCGAN-S [thr0.5],0.4,zg_w1,0.006406724510192336,0.0,,1
jewel,UVCGAN-S [thr0.5],0.4,zg_pair_bias,0.006291787154518489,0.0,0.0014350912025847228,1
jewel,UVCGAN-S [thr0.5],0.4,zg_pair_rmse,0.13031087702562144,0.0,0.0010159476200524156,1
jewel,UVCGAN-S [thr0.5],0.4,zg_truth_sd,0.11256913582894583,0.0,,1
jewel,UVCGAN-S [thr0.5],0.4,zg_pair_undefined,0.01602870813397128,0.0,,1
jewel,UVCGAN-S [thr0.5],0.4,rg_mean_truth,0.22219185028709884,0.0,0.0008514313958434737,1
jewel,UVCGAN-S [thr0.5],0.4,rg_truth_all_sd,0.07742409833569552,0.0,,1
jewel,UVCGAN-S [thr0.5],0.4,rg_mean_reco,0.21708151437890522,0.0,0.0009064176676985482,1
jewel,UVCGAN-S [thr0.5],0.4,rg_w1,0.007893047468556407,0.0,,1
jewel,UVCGAN-S [thr0.5],0.4,rg_pair_bias,-0.005037337058016816,0.0,0.0008885169368485177,1
jewel,UVCGAN-S [thr0.5],0.4,rg_pair_rmse,0.08074337144067319,0.0,0.0006295026011837165,1
jewel,UVCGAN-S [thr0.5],0.4,rg_truth_sd,0.07740090618081043,0.0,,1
jewel,UVCGAN-S [thr0.5],0.4,rg_pair_undefined,0.01602870813397128,0.0,,1
jewel,UVCGAN-S [thr0.5],0.4,girth_mean_truth,0.12200639606997325,0.0,0.00038409287091166423,1
jewel,UVCGAN-S [thr0.5],0.4,girth_truth_all_sd,0.035125077792603245,0.0,,1
jewel,UVCGAN-S [thr0.5],0.4,girth_mean_reco,0.11160891786019103,0.0,0.0003890187262532337,1
jewel,UVCGAN-S [thr0.5],0.4,girth_w1,0.01039758452912237,0.0,,1
jewel,UVCGAN-S [thr0.5],0.4,girth_pair_bias,-0.010370893983374554,0.0,0.0002584996291560869,1
jewel,UVCGAN-S [thr0.5],0.4,girth_pair_rmse,0.025810615048534786,0.0,0.00019960904509613189,1
jewel,UVCGAN-S [thr0.5],0.4,girth_truth_sd,0.03510226022969471,0.0,,1
jewel,UVCGAN-S [thr0.5],0.4,girth_pair_undefined,0.0,0.0,,1
jewel,UVCGAN-S [thr0.5],0.4,mass_mean_truth,3.6128166501361014,0.0,0.009580606103743769,1
jewel,UVCGAN-S [thr0.5],0.4,mass_truth_all_sd,0.8761410590504918,0.0,,1
jewel,UVCGAN-S [thr0.5],0.4,mass_mean_reco,2.9945442724491222,0.0,0.01095602941849679,1
jewel,UVCGAN-S [thr0.5],0.4,mass_w1,0.6200003417135185,0.0,,1
jewel,UVCGAN-S [thr0.5],0.4,mass_pair_bias,-0.6179253657164805,0.0,0.011225232285801303,1
jewel,UVCGAN-S [thr0.5],0.4,mass_pair_rmse,1.1980152665599397,0.0,0.009264974233234812,1
jewel,UVCGAN-S [thr0.5],0.4,mass_truth_sd,0.8760830374767649,0.0,,1
jewel,UVCGAN-S [thr0.5],0.4,mass_pair_undefined,0.0,0.0,,1
jewel,UVCGAN-S [thr0.5],0.4,zlead_mean_truth,0.3333239448394808,0.0,0.0015398480785307376,1
jewel,UVCGAN-S [thr0.5],0.4,zlead_truth_all_sd,0.14081824382421843,0.0,,1
jewel,UVCGAN-S [thr0.5],0.4,zlead_mean_reco,0.36319966129271525,0.0,0.00161516784395923,1
jewel,UVCGAN-S [thr0.5],0.4,zlead_w1,0.029875716453234457,0.0,,1
jewel,UVCGAN-S [thr0.5],0.4,zlead_pair_bias,0.02980814496798521,0.0,0.0006051954427713517,1
jewel,UVCGAN-S [thr0.5],0.4,zlead_pair_rmse,0.06285277914829666,0.0,0.00048607842950808625,1
jewel,UVCGAN-S [thr0.5],0.4,zlead_truth_sd,0.14079827806863043,0.0,,1
jewel,UVCGAN-S [thr0.5],0.4,zlead_pair_undefined,0.0,0.0,,1
jewel,UVCGAN-S [thr0.5],0.4,xi_mean_truth,5.338290244842989,0.0,0.003932526371781602,1
jewel,UVCGAN-S [thr0.5],0.4,xi_truth_all_sd,2.1067883814436112,0.0,,1
jewel,UVCGAN-S [thr0.5],0.4,xi_mean_reco,2.6735094034603892,0.0,0.0029432653995048546,1
jewel,UVCGAN-S [thr0.5],0.4,xi_w1,2.6647808413826004,0.0,,1
jewel,UVCGAN-S [thr0.5],0.4,ptd_mean_truth,0.4226923494815133,0.0,0.0012047090986737519,1
jewel,UVCGAN-S [thr0.5],0.4,ptd_truth_all_sd,0.11016997193396078,0.0,,1
jewel,UVCGAN-S [thr0.5],0.4,ptd_mean_reco,0.46302941963597444,0.0,0.001233338535766227,1
jewel,UVCGAN-S [thr0.5],0.4,ptd_w1,0.04033707015446114,0.0,,1
jewel,UVCGAN-S [thr0.5],0.4,ptd_pair_bias,0.040281496195593805,0.0,0.0005928000321276107,1
jewel,UVCGAN-S [thr0.5],0.4,ptd_pair_rmse,0.0675307503037852,0.0,0.0005222560003865193,1
jewel,UVCGAN-S [thr0.5],0.4,ptd_truth_sd,0.1101506429814912,0.0,,1
jewel,UVCGAN-S [thr0.5],0.4,ptd_pair_undefined,0.0,0.0,,1
jewel,UVCGAN-S [thr0.5],0.4,zg_w1_floor,0.002613971647171148,0.0,,1
jewel,UVCGAN-S [thr0.5],0.4,rg_w1_floor,0.0020772412605365143,0.0,,1
jewel,UVCGAN-S [thr0.5],0.4,girth_w1_floor,0.001055134700250489,0.0,,1
jewel,UVCGAN-S [thr0.5],0.4,mass_w1_floor,0.01746392696473011,0.0,,1
jewel,UVCGAN-S [thr0.5],0.4,zlead_w1_floor,0.0021076343839108065,0.0,,1
jewel,UVCGAN-S [thr0.5],0.4,xi_w1_floor,0.006687002077848813,0.0,,1
jewel,UVCGAN-S [thr0.5],0.4,ptd_w1_floor,0.002378850610997395,0.0,,1
jewel,UVCGAN-S [thr0.5],0.5,scale_14_20,0.9130258595290264,0.0,0.003155367427651446,1
jewel,UVCGAN-S [thr0.5],0.5,resolution_14_20,0.23453954551257972,0.0,0.002231383649537559,1
jewel,UVCGAN-S [thr0.5],0.5,bias_gev_14_20,-1.48808924996806,0.0,0.05318531913560078,1
jewel,UVCGAN-S [thr0.5],0.5,rmse_gev_14_20,4.224080552465325,0.0,0.04018380452418145,1
jewel,UVCGAN-S [thr0.5],0.5,eff_14_20,0.9524219962075504,0.0,0.0027949007100245833,1
jewel,UVCGAN-S [thr0.5],0.5,fake_14_20,0.03921252218815556,0.0,0.0024656720247128376,1
jewel,UVCGAN-S [thr0.5],0.5,scale_20_30,0.9047321247434568,0.0,0.0016478722273377056,1
jewel,UVCGAN-S [thr0.5],0.5,resolution_20_30,0.15451383582103947,0.0,0.0011652878981488828,1
jewel,UVCGAN-S [thr0.5],0.5,bias_gev_20_30,-2.3479584381969962,0.0,0.0398836216658288,1
jewel,UVCGAN-S [thr0.5],0.5,rmse_gev_20_30,4.415696099200344,0.0,0.03329970137242994,1
jewel,UVCGAN-S [thr0.5],0.5,eff_20_30,0.9981834695731153,0.0,0.0004537199463844939,1
jewel,UVCGAN-S [thr0.5],0.5,fake_20_30,0.0020687277324445467,0.0,0.00048709918180963306,1
jewel,UVCGAN-S [thr0.5],0.5,scale_30_50,0.9025985403514759,0.0,0.00120852884603067,1
jewel,UVCGAN-S [thr0.5],0.5,resolution_30_50,0.09613693149275711,0.0,0.0008546264723319838,1
jewel,UVCGAN-S [thr0.5],0.5,bias_gev_30_50,-3.536268673630973,0.0,0.04316243964501565,1
jewel,UVCGAN-S [thr0.5],0.5,rmse_gev_30_50,4.928918345954356,0.0,0.043813040243116316,1
jewel,UVCGAN-S [thr0.5],0.5,eff_30_50,1.0,0.0,0.0,1
jewel,UVCGAN-S [thr0.5],0.5,fake_30_50,0.00021119324181626187,0.0,0.00021117093934597253,1
jewel,UVCGAN-S [thr0.5],0.5,deta_rms_20_50,0.033825963493506764,0.0,0.00019451777015367332,1
jewel,UVCGAN-S [thr0.5],0.5,calib_a,-2.1639768909423687,0.0,,1
jewel,UVCGAN-S [thr0.5],0.5,calib_b,0.9335435077842924,0.0,,1
jewel,UVCGAN-S [thr0.5],0.5,scale_cal_20_30,1.064569267342526,0.0,0.0024878341959257075,1
jewel,UVCGAN-S [thr0.5],0.5,resolution_cal_20_30,0.16521167249955537,0.0,0.0017593639160831055,1
jewel,UVCGAN-S [thr0.5],0.5,bias_cal_gev_20_30,1.5726589654251788,0.0,0.0601450717564727,1
jewel,UVCGAN-S [thr0.5],0.5,scale_cal_30_50,1.0331810153133478,0.0,0.0018064239840168176,1
jewel,UVCGAN-S [thr0.5],0.5,resolution_cal_30_50,0.10370824674375133,0.0,0.001277528463325732,1
jewel,UVCGAN-S [thr0.5],0.5,bias_cal_gev_30_50,1.1853828136788438,0.0,0.06380458827534671,1
jewel,unpaired FM [thr0.5],0.2,scale_14_20,0.8064711047854659,0.0,0.001808603450957291,1
jewel,unpaired FM [thr0.5],0.2,resolution_14_20,0.13416619758645942,0.0,0.0012789919785406356,1
jewel,unpaired FM [thr0.5],0.2,bias_gev_14_20,-3.2427890969258844,0.0,0.029960613737853463,1
jewel,unpaired FM [thr0.5],0.2,rmse_gev_14_20,3.931333756854884,0.0,0.03747357795654468,1
jewel,unpaired FM [thr0.5],0.2,eff_14_20,0.997643219724438,0.0,0.0006528825277565622,1
jewel,unpaired FM [thr0.5],0.2,fake_14_20,0.002620250795433277,0.0,0.0006993734102646969,1
jewel,unpaired FM [thr0.5],0.2,scale_20_30,0.8400628585264048,0.0,0.0011175869560610182,1
jewel,unpaired FM [thr0.5],0.2,resolution_20_30,0.089665026014889,0.0,0.0007903147060152857,1
jewel,unpaired FM [thr0.5],0.2,bias_gev_20_30,-3.8806371490420326,0.0,0.026691001399651762,1
jewel,unpaired FM [thr0.5],0.2,rmse_gev_20_30,4.43228214271952,0.0,0.03906345442411616,1
jewel,unpaired FM [thr0.5],0.2,eff_20_30,1.0,0.0,0.0,1
jewel,unpaired FM [thr0.5],0.2,fake_20_30,0.00019387359441644047,0.0,0.00019385480002015603,1
jewel,unpaired FM [thr0.5],0.2,scale_30_50,0.8660321896609893,0.0,0.001085645306477567,1
jewel,unpaired FM [thr0.5],0.2,resolution_30_50,0.06206245959085158,0.0,0.0007677846372711436,1
jewel,unpaired FM [thr0.5],0.2,bias_gev_30_50,-4.736688088790954,0.0,0.03796353780471843,1
jewel,unpaired FM [thr0.5],0.2,rmse_gev_30_50,5.210197151044789,0.0,0.06444632176737813,1
jewel,unpaired FM [thr0.5],0.2,eff_30_50,1.0,0.0,0.0,1
jewel,unpaired FM [thr0.5],0.2,fake_30_50,0.0,0.0,0.0,1
jewel,unpaired FM [thr0.5],0.2,deta_rms_20_50,0.009374590286143495,0.0,6.728829568636649e-05,1
jewel,unpaired FM [thr0.5],0.2,calib_a,-2.4256433512896374,0.0,,1
jewel,unpaired FM [thr0.5],0.2,calib_b,0.933578414333691,0.0,,1
jewel,unpaired FM [thr0.5],0.2,scale_cal_20_30,1.0074066870156353,0.0,0.0016555069579253729,1
jewel,unpaired FM [thr0.5],0.2,resolution_cal_20_30,0.09434937349329521,0.0,0.0011708004441839007,1
jewel,unpaired FM [thr0.5],0.2,bias_cal_gev_20_30,0.1761077419021252,0.0,0.03957841402869328,1
jewel,unpaired FM [thr0.5],0.2,scale_cal_30_50,1.002723070192977,0.0,0.0015850128280095156,1
jewel,unpaired FM [thr0.5],0.2,resolution_cal_30_50,0.06537097135646665,0.0,0.0011211029097025502,1
jewel,unpaired FM [thr0.5],0.2,bias_cal_gev_30_50,0.0949567522915421,0.0,0.05542926806388056,1
jewel,unpaired FM [thr0.5],0.4,scale_14_20,0.7731315783470623,0.0,0.002553163904613239,1
jewel,unpaired FM [thr0.5],0.4,resolution_14_20,0.19388922363728595,0.0,0.0018055160558057193,1
jewel,unpaired FM [thr0.5],0.4,bias_gev_14_20,-3.853119171606173,0.0,0.04309907386414348,1
jewel,unpaired FM [thr0.5],0.4,rmse_gev_14_20,5.055581453121767,0.0,0.047074003835484844,1
jewel,unpaired FM [thr0.5],0.4,eff_14_20,0.9831230821684283,0.0,0.001681819892674051,1
jewel,unpaired FM [thr0.5],0.4,fake_14_20,0.0094324280370792,0.0,0.0012326834266670657,1
jewel,unpaired FM [thr0.5],0.4,scale_20_30,0.8060787410493367,0.0,0.0014671089502978983,1
jewel,unpaired FM [thr0.5],0.4,resolution_20_30,0.13413420178916888,0.0,0.0010374647461011946,1
jewel,unpaired FM [thr0.5],0.4,bias_gev_20_30,-4.750902149196445,0.0,0.03553058648921729,1
jewel,unpaired FM [thr0.5],0.4,rmse_gev_20_30,5.755315938005622,0.0,0.044511989797017246,1
jewel,unpaired FM [thr0.5],0.4,eff_20_30,0.9995217027382518,0.0,0.00023909143196610566,1
jewel,unpaired FM [thr0.5],0.4,fake_20_30,0.00042366897330885467,0.0,0.0002445535744393544,1
jewel,unpaired FM [thr0.5],0.4,scale_30_50,0.8352384693977775,0.0,0.0011963116775341011,1
jewel,unpaired FM [thr0.5],0.4,resolution_30_50,0.09024821790604595,0.0,0.0008459944302592227,1
jewel,unpaired FM [thr0.5],0.4,bias_gev_30_50,-5.919135879863903,0.0,0.04237609725396613,1
jewel,unpaired FM [thr0.5],0.4,rmse_gev_30_50,6.727234913918811,0.0,0.06305612853562506,1
jewel,unpaired FM [thr0.5],0.4,eff_30_50,1.0,0.0,0.0,1
jewel,unpaired FM [thr0.5],0.4,fake_30_50,0.0,0.0,0.0,1
jewel,unpaired FM [thr0.5],0.4,deta_rms_20_50,0.026432423192645563,0.0,0.00015768261692705594,1
jewel,unpaired FM [thr0.5],0.4,calib_a,-3.4314139283355023,0.0,,1
jewel,unpaired FM [thr0.5],0.4,calib_b,0.9056433718985243,0.0,,1
jewel,unpaired FM [thr0.5],0.4,scale_cal_20_30,1.0440230972932074,0.0,0.002294540093898698,1
jewel,unpaired FM [thr0.5],0.4,resolution_cal_20_30,0.1494800857813732,0.0,0.0016226760443181483,1
jewel,unpaired FM [thr0.5],0.4,bias_cal_gev_20_30,1.073020392431075,0.0,0.05545090487343013,1
jewel,unpaired FM [thr0.5],0.4,scale_cal_30_50,1.0314029914440146,0.0,0.0018176766029613628,1
jewel,unpaired FM [thr0.5],0.4,resolution_cal_30_50,0.09852410825994003,0.0,0.0012855102435933561,1
jewel,unpaired FM [thr0.5],0.4,bias_cal_gev_30_50,1.136484724308016,0.0,0.06457978113771488,1
jewel,unpaired FM [thr0.5],0.4,sub_truth_jets,8363.0,0.0,,1
jewel,unpaired FM [thr0.5],0.4,sub_matched,8359.0,0.0,,1
jewel,unpaired FM [thr0.5],0.4,zg_mean_truth,0.2333133811488756,0.0,0.0012371561534114713,1
jewel,unpaired FM [thr0.5],0.4,zg_truth_all_sd,0.11249960965257819,0.0,,1
jewel,unpaired FM [thr0.5],0.4,zg_mean_reco,0.22777024733021836,0.0,0.00122947062132232,1
jewel,unpaired FM [thr0.5],0.4,zg_w1,0.005544041879938549,0.0,,1
jewel,unpaired FM [thr0.5],0.4,zg_pair_bias,-0.005438309837810557,0.0,0.0014296239527618593,1
jewel,unpaired FM [thr0.5],0.4,zg_pair_rmse,0.12986361625009196,0.0,0.001011784359073104,1
jewel,unpaired FM [thr0.5],0.4,zg_truth_sd,0.11252211118629522,0.0,,1
jewel,unpaired FM [thr0.5],0.4,zg_pair_undefined,0.014595047254456261,0.0,,1
jewel,unpaired FM [thr0.5],0.4,rg_mean_truth,0.22219185028709884,0.0,0.0008514313958434737,1
jewel,unpaired FM [thr0.5],0.4,rg_truth_all_sd,0.07742409833569552,0.0,,1
jewel,unpaired FM [thr0.5],0.4,rg_mean_reco,0.2209269490201446,0.0,0.000906224508859409,1
jewel,unpaired FM [thr0.5],0.4,rg_w1,0.006010628304427476,0.0,,1
jewel,unpaired FM [thr0.5],0.4,rg_pair_bias,-0.0012579021417407693,0.0,0.0009003440608969834,1
jewel,unpaired FM [thr0.5],0.4,rg_pair_rmse,0.08172303559078173,0.0,0.0006367148210896138,1
jewel,unpaired FM [thr0.5],0.4,rg_truth_sd,0.07733488720900235,0.0,,1
jewel,unpaired FM [thr0.5],0.4,rg_pair_undefined,0.014595047254456261,0.0,,1
jewel,unpaired FM [thr0.5],0.4,girth_mean_truth,0.12200639606997325,0.0,0.00038409287091166423,1
jewel,unpaired FM [thr0.5],0.4,girth_truth_all_sd,0.035125077792603245,0.0,,1
jewel,unpaired FM [thr0.5],0.4,girth_mean_reco,0.11701834674197314,0.0,0.00036906742224971625,1
jewel,unpaired FM [thr0.5],0.4,girth_w1,0.00500224170272561,0.0,,1
jewel,unpaired FM [thr0.5],0.4,girth_pair_bias,-0.00493868734484908,0.0,0.0002512471828087121,1
jewel,unpaired FM [thr0.5],0.4,girth_pair_rmse,0.023495823785744812,0.0,0.00018171823751972913,1
jewel,unpaired FM [thr0.5],0.4,girth_truth_sd,0.035058327226426655,0.0,,1
jewel,unpaired FM [thr0.5],0.4,girth_pair_undefined,0.0,0.0,,1
jewel,unpaired FM [thr0.5],0.4,mass_mean_truth,3.6128166501361014,0.0,0.009580606103743769,1
jewel,unpaired FM [thr0.5],0.4,mass_truth_all_sd,0.8761410590504918,0.0,,1
jewel,unpaired FM [thr0.5],0.4,mass_mean_reco,2.8136987338659982,0.0,0.009254202122179409,1
jewel,unpaired FM [thr0.5],0.4,mass_w1,0.799212202340901,0.0,,1
jewel,unpaired FM [thr0.5],0.4,mass_pair_bias,-0.7982909071719178,0.0,0.01089841788270603,1
jewel,unpaired FM [thr0.5],0.4,mass_pair_rmse,1.2767587400030993,0.0,0.009874535580745913,1
jewel,unpaired FM [thr0.5],0.4,mass_truth_sd,0.8755009789664333,0.0,,1
jewel,unpaired FM [thr0.5],0.4,mass_pair_undefined,0.0,0.0,,1
jewel,unpaired FM [thr0.5],0.4,zlead_mean_truth,0.3333239448394808,0.0,0.0015398480785307376,1
jewel,unpaired FM [thr0.5],0.4,zlead_truth_all_sd,0.14081824382421843,0.0,,1
jewel,unpaired FM [thr0.5],0.4,zlead_mean_reco,0.3533831850478654,0.0,0.0015646767674344782,1
jewel,unpaired FM [thr0.5],0.4,zlead_w1,0.020133914274031474,0.0,,1
jewel,unpaired FM [thr0.5],0.4,zlead_pair_bias,0.019969631298264512,0.0,0.0005754056960030601,1
jewel,unpaired FM [thr0.5],0.4,zlead_pair_rmse,0.05627061239948571,0.0,0.0004352005957583929,1
jewel,unpaired FM [thr0.5],0.4,zlead_truth_sd,0.14079182843434815,0.0,,1
jewel,unpaired FM [thr0.5],0.4,zlead_pair_undefined,0.0,0.0,,1
jewel,unpaired FM [thr0.5],0.4,xi_mean_truth,5.338290244842989,0.0,0.003932526371781602,1
jewel,unpaired FM [thr0.5],0.4,xi_truth_all_sd,2.1067883814436112,0.0,,1
jewel,unpaired FM [thr0.5],0.4,xi_mean_reco,2.774019552414967,0.0,0.0026463880305703617,1
jewel,unpaired FM [thr0.5],0.4,xi_w1,2.564270692428022,0.0,,1
jewel,unpaired FM [thr0.5],0.4,ptd_mean_truth,0.4226923494815133,0.0,0.0012047090986737519,1
jewel,unpaired FM [thr0.5],0.4,ptd_truth_all_sd,0.11016997193396078,0.0,,1
jewel,unpaired FM [thr0.5],0.4,ptd_mean_reco,0.4472213549885161,0.0,0.0011896885393540802,1
jewel,unpaired FM [thr0.5],0.4,ptd_w1,0.024596766973147673,0.0,,1
jewel,unpaired FM [thr0.5],0.4,ptd_pair_bias,0.02445602226930383,0.0,0.0005699784851362062,1
jewel,unpaired FM [thr0.5],0.4,ptd_pair_rmse,0.05756501635867935,0.0,0.00044521160061815584,1
jewel,unpaired FM [thr0.5],0.4,ptd_truth_sd,0.11014466023390722,0.0,,1
jewel,unpaired FM [thr0.5],0.4,ptd_pair_undefined,0.0,0.0,,1
jewel,unpaired FM [thr0.5],0.4,zg_w1_floor,0.002613971647171148,0.0,,1
jewel,unpaired FM [thr0.5],0.4,rg_w1_floor,0.0020772412605365143,0.0,,1
jewel,unpaired FM [thr0.5],0.4,girth_w1_floor,0.001055134700250489,0.0,,1
jewel,unpaired FM [thr0.5],0.4,mass_w1_floor,0.01746392696473011,0.0,,1
jewel,unpaired FM [thr0.5],0.4,zlead_w1_floor,0.0021076343839108065,0.0,,1
jewel,unpaired FM [thr0.5],0.4,xi_w1_floor,0.006687002077848813,0.0,,1
jewel,unpaired FM [thr0.5],0.4,ptd_w1_floor,0.002378850610997395,0.0,,1
jewel,unpaired FM [thr0.5],0.5,scale_14_20,0.8058458413077534,0.0,0.0028488807174536224,1
jewel,unpaired FM [thr0.5],0.5,resolution_14_20,0.21474589976721245,0.0,0.0020146401645653638,1
jewel,unpaired FM [thr0.5],0.5,bias_gev_14_20,-3.3022202287180953,0.0,0.048095358583658966,1
jewel,unpaired FM [thr0.5],0.5,rmse_gev_14_20,4.903881477381052,0.0,0.04600174990951816,1
jewel,unpaired FM [thr0.5],0.5,eff_14_20,0.979486295466299,0.0,0.0018611003773903417,1
jewel,unpaired FM [thr0.5],0.5,fake_14_20,0.01912525474212259,0.0,0.001714881398760733,1
jewel,unpaired FM [thr0.5],0.5,scale_20_30,0.8193704505162118,0.0,0.0015968731578095065,1
jewel,unpaired FM [thr0.5],0.5,resolution_20_30,0.14982551242833259,0.0,0.0011292239789914035,1
jewel,unpaired FM [thr0.5],0.5,bias_gev_20_30,-4.435428228115485,0.0,0.03875897016269221,1
jewel,unpaired FM [thr0.5],0.5,rmse_gev_20_30,5.73562539738306,0.0,0.043226535607366,1
jewel,unpaired FM [thr0.5],0.5,eff_20_30,0.9994323342415985,0.0,0.000253795778586753,1
jewel,unpaired FM [thr0.5],0.5,fake_20_30,0.0009115770282588879,0.0,0.00034438665621331586,1
jewel,unpaired FM [thr0.5],0.5,scale_30_50,0.8434259640040281,0.0,0.0012482877210652913,1
jewel,unpaired FM [thr0.5],0.5,resolution_30_50,0.09929969939688,0.0,0.000882742464123432,1
jewel,unpaired FM [thr0.5],0.5,bias_gev_30_50,-5.6546005040695775,0.0,0.04448408657830569,1
jewel,unpaired FM [thr0.5],0.5,rmse_gev_30_50,6.6705747991696125,0.0,0.05929458384325245,1
jewel,unpaired FM [thr0.5],0.5,eff_30_50,1.0,0.0,0.0,1
jewel,unpaired FM [thr0.5],0.5,fake_30_50,0.0,0.0,0.0,1
jewel,unpaired FM [thr0.5],0.5,deta_rms_20_50,0.03767964922117603,0.0,0.00021659979318122325,1
jewel,unpaired FM [thr0.5],0.5,calib_a,-3.0960084596201796,0.0,,1
jewel,unpaired FM [thr0.5],0.5,calib_b,0.8940860936821995,0.0,,1
jewel,unpaired FM [thr0.5],0.5,scale_cal_20_30,1.0582505277959413,0.0,0.0025285226961463255,1
jewel,unpaired FM [thr0.5],0.5,resolution_cal_20_30,0.16808496072865287,0.0,0.0017881378800920517,1
jewel,unpaired FM [thr0.5],0.5,bias_cal_gev_20_30,1.4261291219825425,0.0,0.06129110947504066,1
jewel,unpaired FM [thr0.5],0.5,scale_cal_30_50,1.0419337814189866,0.0,0.0019570000211557204,1
jewel,unpaired FM [thr0.5],0.5,resolution_cal_30_50,0.11235293755358737,0.0,0.0013840179558489612,1
jewel,unpaired FM [thr0.5],0.5,bias_cal_gev_30_50,1.5231774983677964,0.0,0.06939703212355251,1
jewel,paired FM [thr0.5],0.2,scale_14_20,0.6932274355603883,0.0,0.001905404314982696,1
jewel,paired FM [thr0.5],0.2,resolution_14_20,0.14080667157848767,0.0,0.0013474476877248158,1
jewel,paired FM [thr0.5],0.2,bias_gev_14_20,-5.1401029854147335,0.0,0.03143838000779106,1
jewel,paired FM [thr0.5],0.2,rmse_gev_14_20,5.64075852693899,0.0,0.05397422591143814,1
jewel,paired FM [thr0.5],0.2,eff_14_20,0.9900290065264684,0.0,0.0013377687501630042,1
jewel,paired FM [thr0.5],0.2,fake_14_20,0.0004138216428719222,0.0,0.0002925555381759229,1
jewel,paired FM [thr0.5],0.2,scale_20_30,0.7630724841183905,0.0,0.0012156480922367423,1
jewel,paired FM [thr0.5],0.2,resolution_20_30,0.09753256086625837,0.0,0.0008596597870292868,1
jewel,paired FM [thr0.5],0.2,bias_gev_20_30,-5.735073679395355,0.0,0.028630074781203503,1
jewel,paired FM [thr0.5],0.2,rmse_gev_20_30,6.177973606003937,0.0,0.0544489232906668,1
jewel,paired FM [thr0.5],0.2,eff_20_30,1.0,0.0,0.0,1
jewel,paired FM [thr0.5],0.2,fake_20_30,0.0,0.0,0.0,1
jewel,paired FM [thr0.5],0.2,scale_30_50,0.8131797057108374,0.0,0.0011788896261262127,1
jewel,paired FM [thr0.5],0.2,resolution_30_50,0.06739290387660699,0.0,0.0008337284180915227,1
jewel,paired FM [thr0.5],0.2,bias_gev_30_50,-6.5932107704913125,0.0,0.04080760888904593,1
jewel,paired FM [thr0.5],0.2,rmse_gev_30_50,6.9937472807240715,0.0,0.086507530242476,1
jewel,paired FM [thr0.5],0.2,eff_30_50,1.0,0.0,0.0,1
jewel,paired FM [thr0.5],0.2,fake_30_50,0.0,0.0,0.0,1
jewel,paired FM [thr0.5],0.2,deta_rms_20_50,0.00913110894392125,0.0,6.554065189079923e-05,1
jewel,paired FM [thr0.5],0.2,calib_a,-4.069449817955441,0.0,,1
jewel,paired FM [thr0.5],0.2,calib_b,0.9266636589458194,0.0,,1
jewel,paired FM [thr0.5],0.2,scale_cal_20_30,1.005656387628946,0.0,0.0017877481400271132,1
jewel,paired FM [thr0.5],0.2,resolution_cal_20_30,0.10188596077345233,0.0,0.001264323478927377,1
jewel,paired FM [thr0.5],0.2,bias_cal_gev_20_30,0.13693887033085125,0.0,0.04283646593575266,1
jewel,paired FM [thr0.5],0.2,scale_cal_30_50,1.0031820507389837,0.0,0.0017007970210142058,1
jewel,paired FM [thr0.5],0.2,resolution_cal_30_50,0.07014627981497697,0.0,0.0012029987741279077,1
jewel,paired FM [thr0.5],0.2,bias_cal_gev_30_50,0.1097542169260782,0.0,0.05954256732280631,1
jewel,paired FM [thr0.5],0.4,scale_14_20,0.5757021609415682,0.0,0.0022269654567576035,1
jewel,paired FM [thr0.5],0.4,resolution_14_20,0.15874062213167406,0.0,0.0015748573587061022,1
jewel,paired FM [thr0.5],0.4,bias_gev_14_20,-7.29058408035593,0.0,0.03939791629462546,1
jewel,paired FM [thr0.5],0.4,rmse_gev_14_20,7.8127666760890735,0.0,0.07750241924407333,1
jewel,paired FM [thr0.5],0.4,eff_14_20,0.8661779747698602,0.0,0.004445251506985313,1
jewel,paired FM [thr0.5],0.4,fake_14_20,0.0009340556697179152,0.0,0.0004175272608891692,1
jewel,paired FM [thr0.5],0.4,scale_20_30,0.6434160423623868,0.0,0.0015010653328979442,1
jewel,paired FM [thr0.5],0.4,resolution_20_30,0.13696758497756636,0.0,0.0010614772225390335,1
jewel,paired FM [thr0.5],0.4,bias_gev_20_30,-8.714534169034728,0.0,0.03585031172027788,1
jewel,paired FM [thr0.5],0.4,rmse_gev_20_30,9.308278810180019,0.0,0.07213336329279758,1
jewel,paired FM [thr0.5],0.4,eff_20_30,0.9955757503288294,0.0,0.0007257314102874189,1
jewel,paired FM [thr0.5],0.4,fake_20_30,0.0,0.0,0.0,1
jewel,paired FM [thr0.5],0.4,scale_30_50,0.7245354573798489,0.0,0.0012679060385633822,1
jewel,paired FM [thr0.5],0.4,resolution_30_50,0.09564920463580268,0.0,0.0008966237368238686,1
jewel,paired FM [thr0.5],0.4,bias_gev_30_50,-9.87348395776718,0.0,0.044113299634741546,1
jewel,paired FM [thr0.5],0.4,rmse_gev_30_50,10.419226261197684,0.0,0.0976621269770884,1
jewel,paired FM [thr0.5],0.4,eff_30_50,1.0,0.0,0.0,1
jewel,paired FM [thr0.5],0.4,fake_30_50,0.0,0.0,0.0,1
jewel,paired FM [thr0.5],0.4,deta_rms_20_50,0.02334090903474877,0.0,0.00013940399876704202,1
jewel,paired FM [thr0.5],0.4,calib_a,-6.442954633271212,0.0,,1
jewel,paired FM [thr0.5],0.4,calib_b,0.8670735555935042,0.0,,1
jewel,paired FM [thr0.5],0.4,scale_cal_20_30,1.0458181106001925,0.0,0.002363647417648825,1
jewel,paired FM [thr0.5],0.4,resolution_cal_20_30,0.15349155800166248,0.0,0.0016715493208665389,1
jewel,paired FM [thr0.5],0.4,bias_cal_gev_20_30,1.1238995648094947,0.0,0.05743232781617112,1
jewel,paired FM [thr0.5],0.4,scale_cal_30_50,1.046328368089412,0.0,0.0019600065344435066,1
jewel,paired FM [thr0.5],0.4,resolution_cal_30_50,0.10623886321422088,0.0,0.0013861698353998119,1
jewel,paired FM [thr0.5],0.4,bias_cal_gev_30_50,1.6838937198799557,0.0,0.06974555304312913,1
jewel,paired FM [thr0.5],0.4,sub_truth_jets,8363.0,0.0,,1
jewel,paired FM [thr0.5],0.4,sub_matched,8326.0,0.0,,1
jewel,paired FM [thr0.5],0.4,zg_mean_truth,0.2333133811488756,0.0,0.0012371561534114713,1
jewel,paired FM [thr0.5],0.4,zg_truth_all_sd,0.11249960965257819,0.0,,1
jewel,paired FM [thr0.5],0.4,zg_mean_reco,0.2516512203880779,0.0,0.0012996856362969902,1
jewel,paired FM [thr0.5],0.4,zg_w1,0.018343462888564394,0.0,,1
jewel,paired FM [thr0.5],0.4,zg_pair_bias,0.01784963022601476,0.0,0.0015009440594047773,1
jewel,paired FM [thr0.5],0.4,zg_pair_rmse,0.13650693079084125,0.0,0.0010705191276100864,1
jewel,paired FM [thr0.5],0.4,zg_truth_sd,0.11249697254327926,0.0,,1
jewel,paired FM [thr0.5],0.4,zg_pair_undefined,0.023540715829930337,0.0,,1
jewel,paired FM [thr0.5],0.4,rg_mean_truth,0.22219185028709884,0.0,0.0008514313958434737,1
jewel,paired FM [thr0.5],0.4,rg_truth_all_sd,0.07742409833569552,0.0,,1
jewel,paired FM [thr0.5],0.4,rg_mean_reco,0.18016572220014399,0.0,0.0007952845011759747,1
jewel,paired FM [thr0.5],0.4,rg_w1,0.042026128086954856,0.0,,1
jewel,paired FM [thr0.5],0.4,rg_pair_bias,-0.04177506481626304,0.0,0.0008455551308417765,1
jewel,paired FM [thr0.5],0.4,rg_pair_rmse,0.0869356608478585,0.0,0.0006817696894207806,1
jewel,paired FM [thr0.5],0.4,rg_truth_sd,0.07708908696430081,0.0,,1
jewel,paired FM [thr0.5],0.4,rg_pair_undefined,0.023540715829930337,0.0,,1
jewel,paired FM [thr0.5],0.4,girth_mean_truth,0.12200639606997325,0.0,0.00038409287091166423,1
jewel,paired FM [thr0.5],0.4,girth_truth_all_sd,0.035125077792603245,0.0,,1
jewel,paired FM [thr0.5],0.4,girth_mean_reco,0.09243295896263656,0.0,0.00035595682821143573,1
jewel,paired FM [thr0.5],0.4,girth_w1,0.029573437107336707,0.0,,1
jewel,paired FM [thr0.5],0.4,girth_pair_bias,-0.02922187458922364,0.0,0.00025157436729546316,1
jewel,paired FM [thr0.5],0.4,girth_pair_rmse,0.037160028022763004,0.0,0.0002879670727530199,1
jewel,paired FM [thr0.5],0.4,girth_truth_sd,0.034743479026920994,0.0,,1
jewel,paired FM [thr0.5],0.4,girth_pair_undefined,0.0,0.0,,1
jewel,paired FM [thr0.5],0.4,mass_mean_truth,3.6128166501361014,0.0,0.009580606103743769,1
jewel,paired FM [thr0.5],0.4,mass_truth_all_sd,0.8761410590504918,0.0,,1
jewel,paired FM [thr0.5],0.4,mass_mean_reco,1.7138941105334025,0.0,0.006921973301319197,1
jewel,paired FM [thr0.5],0.4,mass_w1,1.8989225396026992,0.0,,1
jewel,paired FM [thr0.5],0.4,mass_pair_bias,-1.8936763660457538,0.0,0.009826301878610083,1
jewel,paired FM [thr0.5],0.4,mass_pair_rmse,2.0952176908864586,0.0,0.01623663213750325,1
jewel,paired FM [thr0.5],0.4,mass_truth_sd,0.8729023474596127,0.0,,1
jewel,paired FM [thr0.5],0.4,mass_pair_undefined,0.0,0.0,,1
jewel,paired FM [thr0.5],0.4,zlead_mean_truth,0.3333239448394808,0.0,0.0015398480785307376,1
jewel,paired FM [thr0.5],0.4,zlead_truth_all_sd,0.14081824382421843,0.0,,1
jewel,paired FM [thr0.5],0.4,zlead_mean_reco,0.4123884852393656,0.0,0.0017628398156517245,1
jewel,paired FM [thr0.5],0.4,zlead_w1,0.07906454039988482,0.0,,1
jewel,paired FM [thr0.5],0.4,zlead_pair_bias,0.07840381460903477,0.0,0.0007280004651347467,1
jewel,paired FM [thr0.5],0.4,zlead_pair_rmse,0.10276093892096463,0.0,0.0007963332739225901,1
jewel,paired FM [thr0.5],0.4,zlead_truth_sd,0.14072990094740198,0.0,,1
jewel,paired FM [thr0.5],0.4,zlead_pair_undefined,0.0,0.0,,1
jewel,paired FM [thr0.5],0.4,xi_mean_truth,5.338290244842989,0.0,0.003932526371781602,1
jewel,paired FM [thr0.5],0.4,xi_truth_all_sd,2.1067883814436112,0.0,,1
jewel,paired FM [thr0.5],0.4,xi_mean_reco,2.4303235578003517,0.0,0.0032932510684216274,1
jewel,paired FM [thr0.5],0.4,xi_w1,2.9079666870426375,0.0,,1
jewel,paired FM [thr0.5],0.4,ptd_mean_truth,0.4226923494815133,0.0,0.0012047090986737519,1
jewel,paired FM [thr0.5],0.4,ptd_truth_all_sd,0.11016997193396078,0.0,,1
jewel,paired FM [thr0.5],0.4,ptd_mean_reco,0.5092029905777306,0.0,0.0013352800719614176,1
jewel,paired FM [thr0.5],0.4,ptd_w1,0.08651064109621721,0.0,,1
jewel,paired FM [thr0.5],0.4,ptd_pair_bias,0.08591836595288317,0.0,0.0006907779918920956,1
jewel,paired FM [thr0.5],0.4,ptd_pair_rmse,0.10655945889964087,0.0,0.0008257694379207228,1
jewel,paired FM [thr0.5],0.4,ptd_truth_sd,0.11002105400191385,0.0,,1
jewel,paired FM [thr0.5],0.4,ptd_pair_undefined,0.0,0.0,,1
jewel,paired FM [thr0.5],0.4,zg_w1_floor,0.002613971647171148,0.0,,1
jewel,paired FM [thr0.5],0.4,rg_w1_floor,0.0020772412605365143,0.0,,1
jewel,paired FM [thr0.5],0.4,girth_w1_floor,0.001055134700250489,0.0,,1
jewel,paired FM [thr0.5],0.4,mass_w1_floor,0.01746392696473011,0.0,,1
jewel,paired FM [thr0.5],0.4,zlead_w1_floor,0.0021076343839108065,0.0,,1
jewel,paired FM [thr0.5],0.4,xi_w1_floor,0.006687002077848813,0.0,,1
jewel,paired FM [thr0.5],0.4,ptd_w1_floor,0.002378850610997395,0.0,,1
jewel,paired FM [thr0.5],0.5,scale_14_20,0.5566114963115096,0.0,0.002307922761392868,1
jewel,paired FM [thr0.5],0.5,resolution_14_20,0.15866024806263307,0.0,0.0016321205187920522,1
jewel,paired FM [thr0.5],0.5,bias_gev_14_20,-7.655791017289569,0.0,0.04136439179648114,1
jewel,paired FM [thr0.5],0.5,rmse_gev_14_20,8.166846582793987,0.0,0.08400256373353107,1
jewel,paired FM [thr0.5],0.5,eff_14_20,0.8146871229098431,0.0,0.005101487097323565,1
jewel,paired FM [thr0.5],0.5,fake_14_20,0.000736105999263894,0.0,0.00036791751168344593,1
jewel,paired FM [thr0.5],0.5,scale_20_30,0.6117319152732958,0.0,0.0015428661867893756,1
jewel,paired FM [thr0.5],0.5,resolution_20_30,0.14386761842606838,0.0,0.00109103388409996,1
jewel,paired FM [thr0.5],0.5,bias_gev_20_30,-9.518020589901454,0.0,0.03723344054155569,1
jewel,paired FM [thr0.5],0.5,rmse_gev_20_30,10.131478047501302,0.0,0.07682861722551307,1
jewel,paired FM [thr0.5],0.5,eff_20_30,0.9871707538601272,0.0,0.0011991073249950877,1
jewel,paired FM [thr0.5],0.5,fake_20_30,0.0,0.0,0.0,1
jewel,paired FM [thr0.5],0.5,scale_30_50,0.7004630658869515,0.0,0.001301122839264567,1
jewel,paired FM [thr0.5],0.5,resolution_30_50,0.10350266580137954,0.0,0.0009201054868019528,1
jewel,paired FM [thr0.5],0.5,bias_gev_30_50,-10.77130977681148,0.0,0.04528310190645894,1
jewel,paired FM [thr0.5],0.5,rmse_gev_30_50,11.357686986092364,0.0,0.10095821477724909,1
jewel,paired FM [thr0.5],0.5,eff_30_50,1.0,0.0,0.0,1
jewel,paired FM [thr0.5],0.5,fake_30_50,0.0,0.0,0.0,1
jewel,paired FM [thr0.5],0.5,deta_rms_20_50,0.03004362217512268,0.0,0.0001733241025894125,1
jewel,paired FM [thr0.5],0.5,calib_a,-6.930536166672643,0.0,,1
jewel,paired FM [thr0.5],0.5,calib_b,0.8435714748731726,0.0,,1
jewel,paired FM [thr0.5],0.5,scale_cal_20_30,1.0600174214711269,0.0,0.0025246467513119287,1
jewel,paired FM [thr0.5],0.5,resolution_cal_20_30,0.16677962429302534,0.0,0.0017853994096422236,1
jewel,paired FM [thr0.5],0.5,bias_cal_gev_20_30,1.4779004738590675,0.0,0.061855294704994755,1
jewel,paired FM [thr0.5],0.5,scale_cal_30_50,1.0610741512984991,0.0,0.002068312184577128,1
jewel,paired FM [thr0.5],0.5,resolution_cal_30_50,0.11874345794737586,0.0,0.0014627394843181546,1
jewel,paired FM [thr0.5],0.5,bias_cal_gev_30_50,2.238236889902514,0.0,0.07372531937162881,1
jewel,joint FM: M - B [thr0.5],0.2,scale_14_20,0.9266310458100241,0.0,0.002169499050709619,1
jewel,joint FM: M - B [thr0.5],0.2,resolution_14_20,0.16079193586043872,0.0,0.0015342071480058685,1
jewel,joint FM: M - B [thr0.5],0.2,bias_gev_14_20,-1.2141385245860608,0.0,0.03594436720819189,1
jewel,joint FM: M - B [thr0.5],0.2,rmse_gev_14_20,2.9276398021497467,0.0,0.027931730658253367,1
jewel,joint FM: M - B [thr0.5],0.2,eff_14_20,0.9958303118201596,0.0,0.000867625547099005,1
jewel,joint FM: M - B [thr0.5],0.2,fake_14_20,0.007536231884057971,0.0,0.0012022070760601188,1
jewel,joint FM: M - B [thr0.5],0.2,scale_20_30,0.9554215163911418,0.0,0.0013046643393051136,1
jewel,joint FM: M - B [thr0.5],0.2,resolution_20_30,0.10466628497374707,0.0,0.000922608679907009,1
jewel,joint FM: M - B [thr0.5],0.2,bias_gev_20_30,-1.0732139695384832,0.0,0.031035067645536374,1
jewel,joint FM: M - B [thr0.5],0.2,rmse_gev_20_30,2.7112331607132827,0.0,0.02389702578118038,1
jewel,joint FM: M - B [thr0.5],0.2,eff_20_30,0.99984464812801,0.0,0.0001553398044192682,1
jewel,joint FM: M - B [thr0.5],0.2,fake_20_30,0.000998003992015968,0.0,0.0004072300627736057,1
jewel,joint FM: M - B [thr0.5],0.2,scale_30_50,0.9667218714063996,0.0,0.001226418314038573,1
jewel,joint FM: M - B [thr0.5],0.2,resolution_30_50,0.07010994898827211,0.0,0.0008673414187566888,1
jewel,joint FM: M - B [thr0.5],0.2,bias_gev_30_50,-1.170420640471386,0.0,0.04275368260379737,1
jewel,joint FM: M - B [thr0.5],0.2,rmse_gev_30_50,2.709868583717317,0.0,0.03351908913053992,1
jewel,joint FM: M - B [thr0.5],0.2,eff_30_50,1.0,0.0,0.0,1
jewel,joint FM: M - B [thr0.5],0.2,fake_30_50,0.0,0.0,0.0,1
jewel,joint FM: M - B [thr0.5],0.2,deta_rms_20_50,0.009241296200554614,0.0,6.633496413146238e-05,1
jewel,joint FM: M - B [thr0.5],0.2,calib_a,-2.362315062082801,0.0,,1
jewel,joint FM: M - B [thr0.5],0.2,calib_b,1.0336535758839138,0.0,,1
jewel,joint FM: M - B [thr0.5],0.2,scale_cal_20_30,1.018957763364336,0.0,0.0017585066263936559,1
jewel,joint FM: M - B [thr0.5],0.2,resolution_cal_20_30,0.10021945102059104,0.0,0.0012436434225937178,1
jewel,joint FM: M - B [thr0.5],0.2,bias_cal_gev_20_30,0.4526936249426149,0.0,0.041853329939008914,1
jewel,joint FM: M - B [thr0.5],0.2,scale_cal_30_50,1.0014298704486064,0.0,0.0016124116837182875,1
jewel,joint FM: M - B [thr0.5],0.2,resolution_cal_30_50,0.06650098732863223,0.0,0.0011404825237440336,1
jewel,joint FM: M - B [thr0.5],0.2,bias_cal_gev_30_50,0.03176384782068046,0.0,0.056425086486328824,1
jewel,joint FM: M - B [thr0.5],0.4,scale_14_20,0.7781776836189074,0.0,0.00282906044888734,1
jewel,joint FM: M - B [thr0.5],0.4,resolution_14_20,0.20812350016987063,0.0,0.0020006326693594203,1
jewel,joint FM: M - B [thr0.5],0.4,bias_gev_14_20,-3.780969357626271,0.0,0.048120708556306305,1
jewel,joint FM: M - B [thr0.5],0.4,rmse_gev_14_20,5.1795531188512385,0.0,0.04978498716914347,1
jewel,joint FM: M - B [thr0.5],0.4,eff_14_20,0.9226048414592567,0.0,0.0034889418602678723,1
jewel,joint FM: M - B [thr0.5],0.4,fake_14_20,0.013800424628450107,0.0,0.0015517707227193684,1
jewel,joint FM: M - B [thr0.5],0.4,scale_20_30,0.8201215040999599,0.0,0.0016848280777306901,1
jewel,joint FM: M - B [thr0.5],0.4,resolution_20_30,0.1539106817665635,0.0,0.0011914247465805987,1
jewel,joint FM: M - B [thr0.5],0.4,bias_gev_20_30,-4.388746829817645,0.0,0.040428116839611256,1
jewel,joint FM: M - B [thr0.5],0.4,rmse_gev_20_30,5.735890431622239,0.0,0.04439894784133233,1
jewel,joint FM: M - B [thr0.5],0.4,eff_20_30,0.9978476623221332,0.0,0.0005067646095880618,1
jewel,joint FM: M - B [thr0.5],0.4,fake_20_30,0.0009995716121662145,0.0,0.00037761369006311896,1
jewel,joint FM: M - B [thr0.5],0.4,scale_30_50,0.8635396400051125,0.0,0.0013646310584600875,1
jewel,joint FM: M - B [thr0.5],0.4,resolution_30_50,0.10294601602411721,0.0,0.0009650246641373885,1
jewel,joint FM: M - B [thr0.5],0.4,bias_gev_30_50,-4.879347831114567,0.0,0.04782401323029275,1
jewel,joint FM: M - B [thr0.5],0.4,rmse_gev_30_50,6.068288688510237,0.0,0.05687965359174302,1
jewel,joint FM: M - B [thr0.5],0.4,eff_30_50,1.0,0.0,0.0,1
jewel,joint FM: M - B [thr0.5],0.4,fake_30_50,0.0,0.0,0.0,1
jewel,joint FM: M - B [thr0.5],0.4,deta_rms_20_50,0.023657974203924563,0.0,0.00014120200915475768,1
jewel,joint FM: M - B [thr0.5],0.4,calib_a,-5.27395408074389,0.0,,1
jewel,joint FM: M - B [thr0.5],0.4,calib_b,0.96823579377267,0.0,,1
jewel,joint FM: M - B [thr0.5],0.4,scale_cal_20_30,1.067630691151858,0.0,0.0024325286464903307,1
jewel,joint FM: M - B [thr0.5],0.4,resolution_cal_20_30,0.1582826782630601,0.0,0.0017202606617615747,1
jewel,joint FM: M - B [thr0.5],0.4,bias_cal_gev_20_30,1.646994162568487,0.0,0.05861370891644468,1
jewel,joint FM: M - B [thr0.5],0.4,scale_cal_30_50,1.0471023763941885,0.0,0.0019324802825739533,1
jewel,joint FM: M - B [thr0.5],0.4,resolution_cal_30_50,0.10474684895009499,0.0,0.0013667025227390274,1
jewel,joint FM: M - B [thr0.5],0.4,bias_cal_gev_30_50,1.6901122223877059,0.0,0.06822941789097797,1
jewel,joint FM: M - B [thr0.5],0.4,sub_truth_jets,8363.0,0.0,,1
jewel,joint FM: M - B [thr0.5],0.4,sub_matched,8345.0,0.0,,1
jewel,joint FM: M - B [thr0.5],0.4,zg_mean_truth,0.2333133811488756,0.0,0.0012371561534114713,1
jewel,joint FM: M - B [thr0.5],0.4,zg_truth_all_sd,0.11249960965257819,0.0,,1
jewel,joint FM: M - B [thr0.5],0.4,zg_mean_reco,0.2556430259982436,0.0,0.001292748736609612,1
jewel,joint FM: M - B [thr0.5],0.4,zg_w1,0.02233289424956613,0.0,,1
jewel,joint FM: M - B [thr0.5],0.4,zg_pair_bias,0.022126904777212422,0.0,0.0014945683978021883,1
jewel,joint FM: M - B [thr0.5],0.4,zg_pair_rmse,0.13694834253043123,0.0,0.001070889804132917,1
jewel,joint FM: M - B [thr0.5],0.4,zg_truth_sd,0.11251525259144589,0.0,,1
jewel,joint FM: M - B [thr0.5],0.4,zg_pair_undefined,0.020131815458358293,0.0,,1
jewel,joint FM: M - B [thr0.5],0.4,rg_mean_truth,0.22219185028709884,0.0,0.0008514313958434737,1
jewel,joint FM: M - B [thr0.5],0.4,rg_truth_all_sd,0.07742409833569552,0.0,,1
jewel,joint FM: M - B [thr0.5],0.4,rg_mean_reco,0.1718063231269663,0.0,0.0007133831807776701,1
jewel,joint FM: M - B [thr0.5],0.4,rg_w1,0.050385527160132546,0.0,,1
jewel,joint FM: M - B [thr0.5],0.4,rg_pair_bias,-0.05014350823256128,0.0,0.0008155236775007881,1
jewel,joint FM: M - B [thr0.5],0.4,rg_pair_rmse,0.08917803163403036,0.0,0.0006973421004223169,1
jewel,joint FM: M - B [thr0.5],0.4,rg_truth_sd,0.07732062535112726,0.0,,1
jewel,joint FM: M - B [thr0.5],0.4,rg_pair_undefined,0.020131815458358293,0.0,,1
jewel,joint FM: M - B [thr0.5],0.4,girth_mean_truth,0.12200639606997325,0.0,0.00038409287091166423,1
jewel,joint FM: M - B [thr0.5],0.4,girth_truth_all_sd,0.035125077792603245,0.0,,1
jewel,joint FM: M - B [thr0.5],0.4,girth_mean_reco,0.08956173844255944,0.0,0.000331107512697614,1
jewel,joint FM: M - B [thr0.5],0.4,girth_w1,0.032444657627413824,0.0,,1
jewel,joint FM: M - B [thr0.5],0.4,girth_pair_bias,-0.032282890147143584,0.0,0.00025495933689085123,1
jewel,joint FM: M - B [thr0.5],0.4,girth_pair_rmse,0.039807606997802815,0.0,0.00030813278040317066,1
jewel,joint FM: M - B [thr0.5],0.4,girth_truth_sd,0.034973881385439776,0.0,,1
jewel,joint FM: M - B [thr0.5],0.4,girth_pair_undefined,0.0,0.0,,1
jewel,joint FM: M - B [thr0.5],0.4,mass_mean_truth,3.6128166501361014,0.0,0.009580606103743769,1
jewel,joint FM: M - B [thr0.5],0.4,mass_truth_all_sd,0.8761410590504918,0.0,,1
jewel,joint FM: M - B [thr0.5],0.4,mass_mean_reco,2.0951919732940447,0.0,0.007648874840121052,1
jewel,joint FM: M - B [thr0.5],0.4,mass_w1,1.5176246768420572,0.0,,1
jewel,joint FM: M - B [thr0.5],0.4,mass_pair_bias,-1.5150736283507675,0.0,0.010214611782311547,1
jewel,joint FM: M - B [thr0.5],0.4,mass_pair_rmse,1.77936819169432,0.0,0.01377328881633089,1
jewel,joint FM: M - B [thr0.5],0.4,mass_truth_sd,0.874498163674348,0.0,,1
jewel,joint FM: M - B [thr0.5],0.4,mass_pair_undefined,0.0,0.0,,1
jewel,joint FM: M - B [thr0.5],0.4,zlead_mean_truth,0.3333239448394808,0.0,0.0015398480785307376,1
jewel,joint FM: M - B [thr0.5],0.4,zlead_truth_all_sd,0.14081824382421843,0.0,,1
jewel,joint FM: M - B [thr0.5],0.4,zlead_mean_reco,0.41035572296526646,0.0,0.0016473299752033878,1
jewel,joint FM: M - B [thr0.5],0.4,zlead_w1,0.0770317781257856,0.0,,1
jewel,joint FM: M - B [thr0.5],0.4,zlead_pair_bias,0.076732336931505,0.0,0.0007002708202801061,1
jewel,joint FM: M - B [thr0.5],0.4,zlead_pair_rmse,0.09990028096234278,0.0,0.0007732831400210433,1
jewel,joint FM: M - B [thr0.5],0.4,zlead_truth_sd,0.1407890672052701,0.0,,1
jewel,joint FM: M - B [thr0.5],0.4,zlead_pair_undefined,0.0,0.0,,1
jewel,joint FM: M - B [thr0.5],0.4,xi_mean_truth,5.338290244842989,0.0,0.003932526371781602,1
jewel,joint FM: M - B [thr0.5],0.4,xi_truth_all_sd,2.1067883814436112,0.0,,1
jewel,joint FM: M - B [thr0.5],0.4,xi_mean_reco,2.5317970018268756,0.0,0.00339660937316302,1
jewel,joint FM: M - B [thr0.5],0.4,xi_w1,2.8064932430161136,0.0,,1
jewel,joint FM: M - B [thr0.5],0.4,ptd_mean_truth,0.4226923494815133,0.0,0.0012047090986737519,1
jewel,joint FM: M - B [thr0.5],0.4,ptd_truth_all_sd,0.11016997193396078,0.0,,1
jewel,joint FM: M - B [thr0.5],0.4,ptd_mean_reco,0.5068204248617612,0.0,0.0012284805172259946,1
jewel,joint FM: M - B [thr0.5],0.4,ptd_w1,0.08412807538024776,0.0,,1
jewel,joint FM: M - B [thr0.5],0.4,ptd_pair_bias,0.08387143471791525,0.0,0.0006515716572126578,1
jewel,joint FM: M - B [thr0.5],0.4,ptd_pair_rmse,0.10284576217788896,0.0,0.0007960827852401506,1
jewel,joint FM: M - B [thr0.5],0.4,ptd_truth_sd,0.11012593767092922,0.0,,1
jewel,joint FM: M - B [thr0.5],0.4,ptd_pair_undefined,0.0,0.0,,1
jewel,joint FM: M - B [thr0.5],0.4,zg_w1_floor,0.002613971647171148,0.0,,1
jewel,joint FM: M - B [thr0.5],0.4,rg_w1_floor,0.0020772412605365143,0.0,,1
jewel,joint FM: M - B [thr0.5],0.4,girth_w1_floor,0.001055134700250489,0.0,,1
jewel,joint FM: M - B [thr0.5],0.4,mass_w1_floor,0.01746392696473011,0.0,,1
jewel,joint FM: M - B [thr0.5],0.4,zlead_w1_floor,0.0021076343839108065,0.0,,1
jewel,joint FM: M - B [thr0.5],0.4,xi_w1_floor,0.006687002077848813,0.0,,1
jewel,joint FM: M - B [thr0.5],0.4,ptd_w1_floor,0.002378850610997395,0.0,,1
jewel,joint FM: M - B [thr0.5],0.5,scale_14_20,0.745229760744323,0.0,0.0029739106728458586,1
jewel,joint FM: M - B [thr0.5],0.5,resolution_14_20,0.21250459474439506,0.0,0.0021030783553646053,1
jewel,joint FM: M - B [thr0.5],0.5,bias_gev_14_20,-4.366146309919786,0.0,0.05111940214082688,1
jewel,joint FM: M - B [thr0.5],0.5,rmse_gev_14_20,5.6926442417367875,0.0,0.05633245009497979,1
jewel,joint FM: M - B [thr0.5],0.5,eff_14_20,0.8801930701603172,0.0,0.004263620182366733,1
jewel,joint FM: M - B [thr0.5],0.5,fake_14_20,0.01333099456235748,0.0,0.0015189430742641133,1
jewel,joint FM: M - B [thr0.5],0.5,scale_20_30,0.781231122292755,0.0,0.0017657463765761818,1
jewel,joint FM: M - B [thr0.5],0.5,resolution_20_30,0.16498157510946918,0.0,0.0012486427532567939,1
jewel,joint FM: M - B [thr0.5],0.5,bias_gev_20_30,-5.351386258116726,0.0,0.042685508581410146,1
jewel,joint FM: M - B [thr0.5],0.5,rmse_gev_20_30,6.674118253048323,0.0,0.05050934976089847,1
jewel,joint FM: M - B [thr0.5],0.5,eff_20_30,0.9911444141689373,0.0,0.0009982480356244118,1
jewel,joint FM: M - B [thr0.5],0.5,fake_20_30,0.0009898190045248868,0.0,0.00037393121880946884,1
jewel,joint FM: M - B [thr0.5],0.5,scale_30_50,0.8363950980186265,0.0,0.0013994636292225767,1
jewel,joint FM: M - B [thr0.5],0.5,resolution_30_50,0.11131675386074172,0.0,0.0009896484336855758,1
jewel,joint FM: M - B [thr0.5],0.5,bias_gev_30_50,-5.868939870808803,0.0,0.049166805730020594,1
jewel,joint FM: M - B [thr0.5],0.5,rmse_gev_30_50,7.05260132690432,0.0,0.0626953627413228,1
jewel,joint FM: M - B [thr0.5],0.5,eff_30_50,0.9998419721871049,0.0,0.00015801532600691698,1
jewel,joint FM: M - B [thr0.5],0.5,fake_30_50,0.0,0.0,0.0,1
jewel,joint FM: M - B [thr0.5],0.5,deta_rms_20_50,0.030590250800104843,0.0,0.0001762782841794346,1
jewel,joint FM: M - B [thr0.5],0.5,calib_a,-6.047864396631284,0.0,,1
jewel,joint FM: M - B [thr0.5],0.5,calib_b,0.9460646944317421,0.0,,1
jewel,joint FM: M - B [thr0.5],0.5,scale_cal_20_30,1.085412993533429,0.0,0.0026142083825211686,1
jewel,joint FM: M - B [thr0.5],0.5,resolution_cal_20_30,0.17307165164442792,0.0,0.0018487353851473736,1
jewel,joint FM: M - B [thr0.5],0.5,bias_cal_gev_20_30,2.089590956122694,0.0,0.06355200235061352,1
jewel,joint FM: M - B [thr0.5],0.5,scale_cal_30_50,1.063957472144329,0.0,0.0020296209127837477,1
jewel,joint FM: M - B [thr0.5],0.5,resolution_cal_30_50,0.11650448342644198,0.0,0.0014353765385066734,1
jewel,joint FM: M - B [thr0.5],0.5,bias_cal_gev_30_50,2.3180766832752537,0.0,0.07174811802694811,1
jewel,joint FM: direct S [thr0.5],0.2,scale_14_20,0.8118341408063054,0.0,0.0026807985081226155,1
jewel,joint FM: direct S [thr0.5],0.2,resolution_14_20,0.19783493819777181,0.0,0.0018957848650412296,1
jewel,joint FM: direct S [thr0.5],0.2,bias_gev_14_20,-3.117744954510998,0.0,0.044716309862563475,1
jewel,joint FM: direct S [thr0.5],0.2,rmse_gev_14_20,4.539809909237169,0.0,0.0434994586439229,1
jewel,joint FM: direct S [thr0.5],0.2,eff_14_20,0.9873096446700508,0.0,0.0015071325594543357,1
jewel,joint FM: direct S [thr0.5],0.2,fake_14_20,0.003882552778451832,0.0,0.0009687520850929013,1
jewel,joint FM: direct S [thr0.5],0.2,scale_20_30,0.9314193540310666,0.0,0.0022942238604824936,1
jewel,joint FM: direct S [thr0.5],0.2,resolution_20_30,0.18402478563224656,0.0,0.0016223873334210712,1
jewel,joint FM: direct S [thr0.5],0.2,bias_gev_20_30,-1.5764368322180446,0.0,0.05577522044793509,1
jewel,joint FM: direct S [thr0.5],0.2,rmse_gev_20_30,4.743471748183922,0.0,0.041815836806026456,1
jewel,joint FM: direct S [thr0.5],0.2,eff_20_30,0.9995339443840299,0.0,0.00026901462552865495,1
jewel,joint FM: direct S [thr0.5],0.2,fake_20_30,0.00043020004302000433,0.0,0.00030413192778703797,1
jewel,joint FM: direct S [thr0.5],0.2,scale_30_50,1.0437259220593862,0.0,0.0034557268713896927,1
jewel,joint FM: direct S [thr0.5],0.2,resolution_30_50,0.19755154656220533,0.0,0.0024439418534094714,1
jewel,joint FM: direct S [thr0.5],0.2,bias_gev_30_50,1.722617793928278,0.0,0.12679400222972664,1
jewel,joint FM: direct S [thr0.5],0.2,rmse_gev_30_50,7.4502436041137505,0.0,0.09215405533354609,1
jewel,joint FM: direct S [thr0.5],0.2,eff_30_50,1.0,0.0,0.0,1
jewel,joint FM: direct S [thr0.5],0.2,fake_30_50,0.0,0.0,0.0,1
jewel,joint FM: direct S [thr0.5],0.2,deta_rms_20_50,0.010294701113541523,0.0,7.39040279707168e-05,1
jewel,joint FM: direct S [thr0.5],0.2,calib_a,-8.962113464858778,0.0,,1
jewel,joint FM: direct S [thr0.5],0.2,calib_b,1.271618901603448,0.0,,1
jewel,joint FM: direct S [thr0.5],0.2,scale_cal_20_30,1.0250577019780727,0.0,0.002504946049414636,1
jewel,joint FM: direct S [thr0.5],0.2,resolution_cal_20_30,0.142759949914647,0.0,0.0017715370710290714,1
jewel,joint FM: direct S [thr0.5],0.2,bias_cal_gev_20_30,0.597875802141641,0.0,0.06140726002744248,1
jewel,joint FM: direct S [thr0.5],0.2,scale_cal_30_50,1.022911343602503,0.0,0.0036502590311764177,1
jewel,joint FM: direct S [thr0.5],0.2,resolution_cal_30_50,0.15054829484905893,0.0,0.002581881956223086,1
jewel,joint FM: direct S [thr0.5],0.2,bias_cal_gev_30_50,0.8413492877133826,0.0,0.13321184368775568,1
jewel,joint FM: direct S [thr0.5],0.4,scale_14_20,0.6412705790081814,0.0,0.0028811093120238297,1
jewel,joint FM: direct S [thr0.5],0.4,resolution_14_20,0.20064604583439358,0.0,0.002037461990327941,1
jewel,joint FM: direct S [thr0.5],0.4,bias_gev_14_20,-6.1577273705427995,0.0,0.050312624767807845,1
jewel,joint FM: direct S [thr0.5],0.4,rmse_gev_14_20,7.084822043877261,0.0,0.07193546892904906,1
jewel,joint FM: direct S [thr0.5],0.4,eff_14_20,0.8267984998295261,0.0,0.00494088374382475,1
jewel,joint FM: direct S [thr0.5],0.4,fake_14_20,0.004873726185201595,0.0,0.0010365467209075138,1
jewel,joint FM: direct S [thr0.5],0.4,scale_20_30,0.7318022256805112,0.0,0.002329059934277863,1
jewel,joint FM: direct S [thr0.5],0.4,resolution_20_30,0.21191885840853833,0.0,0.0016469935444665541,1
jewel,joint FM: direct S [thr0.5],0.4,bias_gev_20_30,-6.494723679274714,0.0,0.05645807295154231,1
jewel,joint FM: direct S [thr0.5],0.4,rmse_gev_20_30,8.280752628097046,0.0,0.06435256648812772,1
jewel,joint FM: direct S [thr0.5],0.4,eff_20_30,0.9899557575032883,0.0,0.0010903989864744557,1
jewel,joint FM: direct S [thr0.5],0.4,fake_20_30,0.0002010454362685967,0.0,0.0002010252256190087,1
jewel,joint FM: direct S [thr0.5],0.4,scale_30_50,0.8803869946647208,0.0,0.002745484782513377,1
jewel,joint FM: direct S [thr0.5],0.4,resolution_30_50,0.2070976515363254,0.0,0.001941521523074505,1
jewel,joint FM: direct S [thr0.5],0.4,bias_gev_30_50,-4.093674773738058,0.0,0.09940902920805487,1
jewel,joint FM: direct S [thr0.5],0.4,rmse_gev_30_50,8.543280143151078,0.0,0.08008543088102169,1
jewel,joint FM: direct S [thr0.5],0.4,eff_30_50,0.9998242839571253,0.0,0.0001757006041326051,1
jewel,joint FM: direct S [thr0.5],0.4,fake_30_50,0.0,0.0,0.0,1
jewel,joint FM: direct S [thr0.5],0.4,deta_rms_20_50,0.024485565298305614,0.0,0.00014649151772042716,1
jewel,joint FM: direct S [thr0.5],0.4,calib_a,-11.459197506990852,0.0,,1
jewel,joint FM: direct S [thr0.5],0.4,calib_b,1.1107732935937973,0.0,,1
jewel,joint FM: direct S [thr0.5],0.4,scale_cal_20_30,1.079535196719449,0.0,0.0028856051370559402,1
jewel,joint FM: direct S [thr0.5],0.4,resolution_cal_20_30,0.18700858651253222,0.0,0.0020406739120717565,1
jewel,joint FM: direct S [thr0.5],0.4,bias_cal_gev_20_30,1.9404550466827748,0.0,0.07135822999474016,1
jewel,joint FM: direct S [thr0.5],0.4,scale_cal_30_50,1.0845546331955278,0.0,0.0033249197710082984,1
jewel,joint FM: direct S [thr0.5],0.4,resolution_cal_30_50,0.18022169341935457,0.0,0.002351473533737342,1
jewel,joint FM: direct S [thr0.5],0.4,bias_cal_gev_30_50,3.1044822117454727,0.0,0.12173949942340424,1
jewel,joint FM: direct S [thr0.5],0.4,sub_truth_jets,8363.0,0.0,,1
jewel,joint FM: direct S [thr0.5],0.4,sub_matched,8279.0,0.0,,1
jewel,joint FM: direct S [thr0.5],0.4,zg_mean_truth,0.2333133811488756,0.0,0.0012371561534114713,1
jewel,joint FM: direct S [thr0.5],0.4,zg_truth_all_sd,0.11249960965257819,0.0,,1
jewel,joint FM: direct S [thr0.5],0.4,zg_mean_reco,0.2581024291838263,0.0,0.0013072430021730647,1
jewel,joint FM: direct S [thr0.5],0.4,zg_w1,0.02478911117081643,0.0,,1
jewel,joint FM: direct S [thr0.5],0.4,zg_pair_bias,0.02354950624522995,0.0,0.0015697228345089868,1
jewel,joint FM: direct S [thr0.5],0.4,zg_pair_rmse,0.14190216306890838,0.0,0.0011255697460753698,1
jewel,joint FM: direct S [thr0.5],0.4,zg_truth_sd,0.11257799319306298,0.0,,1
jewel,joint FM: direct S [thr0.5],0.4,zg_pair_undefined,0.04010146152917016,0.0,,1
jewel,joint FM: direct S [thr0.5],0.4,rg_mean_truth,0.22219185028709884,0.0,0.0008514313958434737,1
jewel,joint FM: direct S [thr0.5],0.4,rg_truth_all_sd,0.07742409833569552,0.0,,1
jewel,joint FM: direct S [thr0.5],0.4,rg_mean_reco,0.15565369329271073,0.0,0.0006600093937639013,1
jewel,joint FM: direct S [thr0.5],0.4,rg_w1,0.0665381569943881,0.0,,1
jewel,joint FM: direct S [thr0.5],0.4,rg_pair_bias,-0.06617581472937241,0.0,0.0008371418970481306,1
jewel,joint FM: direct S [thr0.5],0.4,rg_pair_rmse,0.09974240900432432,0.0,0.000791158045430397,1
jewel,joint FM: direct S [thr0.5],0.4,rg_truth_sd,0.0768728441684868,0.0,,1
jewel,joint FM: direct S [thr0.5],0.4,rg_pair_undefined,0.04010146152917016,0.0,,1
jewel,joint FM: direct S [thr0.5],0.4,girth_mean_truth,0.12200639606997325,0.0,0.00038409287091166423,1
jewel,joint FM: direct S [thr0.5],0.4,girth_truth_all_sd,0.035125077792603245,0.0,,1
jewel,joint FM: direct S [thr0.5],0.4,girth_mean_reco,0.07753895352301018,0.0,0.0003243660119487417,1
jewel,joint FM: direct S [thr0.5],0.4,girth_w1,0.04446744254696306,0.0,,1
jewel,joint FM: direct S [thr0.5],0.4,girth_pair_bias,-0.04380443096845725,0.0,0.0002710239805878812,1
jewel,joint FM: direct S [thr0.5],0.4,girth_pair_rmse,0.050268815605272826,0.0,0.0003906561931993315,1
jewel,joint FM: direct S [thr0.5],0.4,girth_truth_sd,0.03450899291591847,0.0,,1
jewel,joint FM: direct S [thr0.5],0.4,girth_pair_undefined,0.0,0.0,,1
jewel,joint FM: direct S [thr0.5],0.4,mass_mean_truth,3.6128166501361014,0.0,0.009580606103743769,1
jewel,joint FM: direct S [thr0.5],0.4,mass_truth_all_sd,0.8761410590504918,0.0,,1
jewel,joint FM: direct S [thr0.5],0.4,mass_mean_reco,1.5759181863020304,0.0,0.0060983210669830765,1
jewel,joint FM: direct S [thr0.5],0.4,mass_w1,2.0368984638340715,0.0,,1
jewel,joint FM: direct S [thr0.5],0.4,mass_pair_bias,-2.0271147014117026,0.0,0.010624744235176042,1
jewel,joint FM: direct S [thr0.5],0.4,mass_pair_rmse,2.2458340324276547,0.0,0.017453145913659922,1
jewel,joint FM: direct S [thr0.5],0.4,mass_truth_sd,0.8712043394229316,0.0,,1
jewel,joint FM: direct S [thr0.5],0.4,mass_pair_undefined,0.0,0.0,,1
jewel,joint FM: direct S [thr0.5],0.4,zlead_mean_truth,0.3333239448394808,0.0,0.0015398480785307376,1
jewel,joint FM: direct S [thr0.5],0.4,zlead_truth_all_sd,0.14081824382421843,0.0,,1
jewel,joint FM: direct S [thr0.5],0.4,zlead_mean_reco,0.46944076761862685,0.0,0.0018513841497228931,1
jewel,joint FM: direct S [thr0.5],0.4,zlead_w1,0.13611682277914605,0.0,,1
jewel,joint FM: direct S [thr0.5],0.4,zlead_pair_bias,0.13471517935004765,0.0,0.0008797449597944085,1
jewel,joint FM: direct S [thr0.5],0.4,zlead_pair_rmse,0.15670265308791032,0.0,0.0012177900191692066,1
jewel,joint FM: direct S [thr0.5],0.4,zlead_truth_sd,0.14050424037183235,0.0,,1
jewel,joint FM: direct S [thr0.5],0.4,zlead_pair_undefined,0.0,0.0,,1
jewel,joint FM: direct S [thr0.5],0.4,xi_mean_truth,5.338290244842989,0.0,0.003932526371781602,1
jewel,joint FM: direct S [thr0.5],0.4,xi_truth_all_sd,2.1067883814436112,0.0,,1
jewel,joint FM: direct S [thr0.5],0.4,xi_mean_reco,2.360822072981548,0.0,0.003930406964643482,1
jewel,joint FM: direct S [thr0.5],0.4,xi_w1,2.9774681718614415,0.0,,1
jewel,joint FM: direct S [thr0.5],0.4,ptd_mean_truth,0.4226923494815133,0.0,0.0012047090986737519,1
jewel,joint FM: direct S [thr0.5],0.4,ptd_truth_all_sd,0.11016997193396078,0.0,,1
jewel,joint FM: direct S [thr0.5],0.4,ptd_mean_reco,0.5582120633395855,0.0,0.0013752573930181982,1
jewel,joint FM: direct S [thr0.5],0.4,ptd_w1,0.13551971385807227,0.0,,1
jewel,joint FM: direct S [thr0.5],0.4,ptd_pair_bias,0.1343360234585082,0.0,0.0007671131961509111,1
jewel,joint FM: direct S [thr0.5],0.4,ptd_pair_rmse,0.15138708506757953,0.0,0.0011764809184372468,1
jewel,joint FM: direct S [thr0.5],0.4,ptd_truth_sd,0.10984481412072511,0.0,,1
jewel,joint FM: direct S [thr0.5],0.4,ptd_pair_undefined,0.0,0.0,,1
jewel,joint FM: direct S [thr0.5],0.4,zg_w1_floor,0.002613971647171148,0.0,,1
jewel,joint FM: direct S [thr0.5],0.4,rg_w1_floor,0.0020772412605365143,0.0,,1
jewel,joint FM: direct S [thr0.5],0.4,girth_w1_floor,0.001055134700250489,0.0,,1
jewel,joint FM: direct S [thr0.5],0.4,mass_w1_floor,0.01746392696473011,0.0,,1
jewel,joint FM: direct S [thr0.5],0.4,zlead_w1_floor,0.0021076343839108065,0.0,,1
jewel,joint FM: direct S [thr0.5],0.4,xi_w1_floor,0.006687002077848813,0.0,,1
jewel,joint FM: direct S [thr0.5],0.4,ptd_w1_floor,0.002378850610997395,0.0,,1
jewel,joint FM: direct S [thr0.5],0.5,scale_14_20,0.6136688003900004,0.0,0.0029745479617485676,1
jewel,joint FM: direct S [thr0.5],0.5,resolution_14_20,0.19764522653309488,0.0,0.002103561277118515,1
jewel,joint FM: direct S [thr0.5],0.5,bias_gev_14_20,-6.666617149643172,0.0,0.05248217596525707,1
jewel,joint FM: direct S [thr0.5],0.5,rmse_gev_14_20,7.5235873488409295,0.0,0.08006535170164125,1
jewel,joint FM: direct S [thr0.5],0.5,eff_14_20,0.7610756766074814,0.0,0.005598770567816417,1
jewel,joint FM: direct S [thr0.5],0.5,fake_14_20,0.0046286092131364335,0.0,0.001007705073458255,1
jewel,joint FM: direct S [thr0.5],0.5,scale_20_30,0.6888782758476527,0.0,0.0023279852365769714,1
jewel,joint FM: direct S [thr0.5],0.5,resolution_20_30,0.2156875494937234,0.0,0.0016462300395263703,1
jewel,joint FM: direct S [thr0.5],0.5,bias_gev_20_30,-7.5837093847067,0.0,0.056914000883134135,1
jewel,joint FM: direct S [thr0.5],0.5,rmse_gev_20_30,9.236772750580283,0.0,0.07049533953693121,1
jewel,joint FM: direct S [thr0.5],0.5,eff_20_30,0.9745685740236149,0.0,0.0016774628263366178,1
jewel,joint FM: direct S [thr0.5],0.5,fake_20_30,0.00020064205457463884,0.0,0.00020062192494784382,1
jewel,joint FM: direct S [thr0.5],0.5,scale_30_50,0.8436135746534783,0.0,0.0026659017737016752,1
jewel,joint FM: direct S [thr0.5],0.5,resolution_30_50,0.2120188177708238,0.0,0.001885226257796368,1
jewel,joint FM: direct S [thr0.5],0.5,bias_gev_30_50,-5.427724492535182,0.0,0.09637599862352432,1
jewel,joint FM: direct S [thr0.5],0.5,rmse_gev_30_50,9.391959331892743,0.0,0.08350470394169121,1
jewel,joint FM: direct S [thr0.5],0.5,eff_30_50,0.9995259165613148,0.0,0.0002736473120409171,1
jewel,joint FM: direct S [thr0.5],0.5,fake_30_50,0.0,0.0,0.0,1
jewel,joint FM: direct S [thr0.5],0.5,deta_rms_20_50,0.031034617461237375,0.0,0.00017972444094183158,1
jewel,joint FM: direct S [thr0.5],0.5,calib_a,-11.804411866955983,0.0,,1
jewel,joint FM: direct S [thr0.5],0.5,calib_b,1.0656894356341615,0.0,,1
jewel,joint FM: direct S [thr0.5],0.5,scale_cal_20_30,1.0973836019829333,0.0,0.00301881431277023,1
jewel,joint FM: direct S [thr0.5],0.5,resolution_cal_20_30,0.1981869414845271,0.0,0.002134871751006531,1
jewel,joint FM: direct S [thr0.5],0.5,bias_cal_gev_20_30,2.384123832425066,0.0,0.07520057691552659,1
jewel,joint FM: direct S [thr0.5],0.5,scale_cal_30_50,1.1022436370897406,0.0,0.003346664321993959,1
jewel,joint FM: direct S [thr0.5],0.5,resolution_cal_30_50,0.19207637518718795,0.0,0.0023668083242302323,1
jewel,joint FM: direct S [thr0.5],0.5,bias_cal_gev_30_50,3.7829609767393086,0.0,0.12305410391170794,1
jewel-val,UVCGAN-S,0.4,zg_mod_fraction,1.3467948241277576,0.0,0.19511401737674205,1
jewel-val,UVCGAN-S,0.4,rg_mod_fraction,0.700351605071044,0.0,0.03746301974552346,1
jewel-val,UVCGAN-S,0.4,girth_mod_fraction,0.764407142007865,0.0,0.028304103728609472,1
jewel-val,UVCGAN-S,0.4,mass_mod_fraction,0.5456266767907905,0.0,0.02545971983677668,1
jewel-val,UVCGAN-S,0.4,zlead_mod_fraction,0.7951061239686975,0.0,0.041579442274982684,1
jewel-val,UVCGAN-S,0.4,xi_mod_fraction,4.007596065631719,0.0,0.3338023973892302,1
jewel-val,UVCGAN-S,0.4,ptd_mod_fraction,0.7598960077756821,0.0,0.035894990952899775,1
jewel-val,unpaired FM,0.4,zg_mod_fraction,1.581141170987759,0.02133094298299243,0.21237482779398756,3
jewel-val,unpaired FM,0.4,rg_mod_fraction,0.46151706781234764,0.004257656145891103,0.02863379940418588,3
jewel-val,unpaired FM,0.4,girth_mod_fraction,0.6276937674300538,0.0005671624971996803,0.023695716030883923,3
jewel-val,unpaired FM,0.4,mass_mod_fraction,0.356354503520355,0.002365712952619392,0.019894769556464683,3
jewel-val,unpaired FM,0.4,zlead_mod_fraction,0.70700944937396,0.0009016775037894997,0.03578652359678817,3
jewel-val,unpaired FM,0.4,xi_mod_fraction,1.009708354145501,0.01172911800188009,0.09627761403970768,3
jewel-val,unpaired FM,0.4,ptd_mod_fraction,0.6623174912030093,0.0007816975673189397,0.030304746917291094,3
jewel-val,paired FM,0.4,zg_mod_fraction,1.191733218519183,0.01140415968895081,0.17965484921280095,3
jewel-val,paired FM,0.4,rg_mod_fraction,0.6937442506237542,0.005915146133997851,0.03457719727763314,3
jewel-val,paired FM,0.4,girth_mod_fraction,0.7174764483985875,0.0025270097971571426,0.02598941891261261,3
jewel-val,paired FM,0.4,mass_mod_fraction,0.36360677831156396,0.0021339193429573966,0.017196525322651604,3
jewel-val,paired FM,0.4,zlead_mod_fraction,0.8034530434611207,0.0023312573401546577,0.04036505208997549,3
jewel-val,paired FM,0.4,xi_mod_fraction,2.023417098687284,0.004254629012151234,0.1674972049472431,3
jewel-val,paired FM,0.4,ptd_mod_fraction,0.7875918333060324,0.002593178584781697,0.03540629817784375,3
jewel-val,joint FM: M - B,0.4,zg_mod_fraction,0.6596770432483553,0.16740639522126388,0.14276470911337283,3
jewel-val,joint FM: M - B,0.4,rg_mod_fraction,0.7120909621469744,0.0049448381170637545,0.034827523754984435,3
jewel-val,joint FM: M - B,0.4,girth_mod_fraction,0.6303650432997702,0.006438372503810796,0.024228022805363462,3
jewel-val,joint FM: M - B,0.4,mass_mod_fraction,0.22855483713761135,0.020984887006351288,0.016125257789525907,3
jewel-val,joint FM: M - B,0.4,zlead_mod_fraction,0.729439422188284,0.008716875514061806,0.03973111123011013,3
jewel-val,joint FM: M - B,0.4,xi_mod_fraction,2.2685532883784294,0.17317047649030548,0.18903485990166566,3
jewel-val,joint FM: M - B,0.4,ptd_mod_fraction,0.7188673746941,0.011941644696107201,0.03457720870708197,3
jewel-val,joint FM: direct S,0.4,zg_mod_fraction,0.5337523591253931,0.12594119420557912,0.13604403281629332,3
jewel-val,joint FM: direct S,0.4,rg_mod_fraction,0.7379992833568111,0.003410675942307928,0.035199147388872844,3
jewel-val,joint FM: direct S,0.4,girth_mod_fraction,0.6720839687598142,0.0031517856044483983,0.025885178458238834,3
jewel-val,joint FM: direct S,0.4,mass_mod_fraction,0.0718509535909381,0.030824766651780227,0.01248118139026908,3
jewel-val,joint FM: direct S,0.4,zlead_mod_fraction,0.8812002748608633,0.014611577352663496,0.047176416420918486,3
jewel-val,joint FM: direct S,0.4,xi_mod_fraction,2.9549371418957677,0.10445899874394793,0.24236115325166172,3
jewel-val,joint FM: direct S,0.4,ptd_mod_fraction,0.8796314062848306,0.016768136807896572,0.04181456768080408,3
jewel-val,unpaired FM [mid32],0.4,zg_mod_fraction,1.2335344305438414,0.03827211248547924,0.18317322272240247,3
jewel-val,unpaired FM [mid32],0.4,rg_mod_fraction,0.6806912066703069,0.007294642004246232,0.03400539198120298,3
jewel-val,unpaired FM [mid32],0.4,girth_mod_fraction,0.6938286869223593,0.0023368770913528847,0.025163292453056724,3
jewel-val,unpaired FM [mid32],0.4,mass_mod_fraction,0.29381163472834043,0.0005265577003715771,0.013833313500624694,3
jewel-val,unpaired FM [mid32],0.4,zlead_mod_fraction,0.7998883259606505,0.0012323682845760686,0.03961362586670075,3
jewel-val,unpaired FM [mid32],0.4,xi_mod_fraction,1.9182547564371124,0.014880284552076795,0.15869073364108133,3
jewel-val,unpaired FM [mid32],0.4,ptd_mod_fraction,0.7855095528974235,0.0010851271634092496,0.03470806327170216,3
jewel-val,paired FM [mid32],0.4,zg_mod_fraction,1.2249576764291865,0.02798323891346377,0.18225015368549477,3
jewel-val,paired FM [mid32],0.4,rg_mod_fraction,0.6893541211522723,0.005870987965640784,0.03435811941651493,3
jewel-val,paired FM [mid32],0.4,girth_mod_fraction,0.7108159656858876,0.0021005740485658397,0.025750397527632543,3
jewel-val,paired FM [mid32],0.4,mass_mod_fraction,0.3080263815102604,0.005165920774389238,0.01466308957972435,3
jewel-val,paired FM [mid32],0.4,zlead_mod_fraction,0.8123416540514347,0.0037055777834192893,0.040579218079467703,3
jewel-val,paired FM [mid32],0.4,xi_mod_fraction,1.9622506685443561,0.010926766397407528,0.16220721912658362,3
jewel-val,paired FM [mid32],0.4,ptd_mod_fraction,0.7978414255901188,0.003882922424554902,0.03568341253708456,3
jewel-val,joint FM: M - B [mid32],0.4,zg_mod_fraction,0.47541931416584554,0.1518988666605259,0.1348109732155651,3
jewel-val,joint FM: M - B [mid32],0.4,rg_mod_fraction,0.6820638714063504,0.0019087547760210377,0.0334474620412912,3
jewel-val,joint FM: M - B [mid32],0.4,girth_mod_fraction,0.6032007075309228,0.012668000862333939,0.02358690947793295,3
jewel-val,joint FM: M - B [mid32],0.4,mass_mod_fraction,0.26312351036930476,0.038240695182478704,0.016325051769102573,3
jewel-val,joint FM: M - B [mid32],0.4,zlead_mod_fraction,0.736193403261919,0.00969636437283894,0.04131604101827968,3
jewel-val,joint FM: M - B [mid32],0.4,xi_mod_fraction,2.8963763094266297,0.06930262260255704,0.24337609080538788,3
jewel-val,joint FM: M - B [mid32],0.4,ptd_mod_fraction,0.7361295658030863,0.011225854320347062,0.0361140481982283,3
jewel-val,joint FM: direct S [mid32],0.4,zg_mod_fraction,0.49962700905228236,0.13032729117985778,0.13530700036627727,3
jewel-val,joint FM: direct S [mid32],0.4,rg_mod_fraction,0.7121872260890783,0.008185658398105256,0.034213138303772234,3
jewel-val,joint FM: direct S [mid32],0.4,girth_mod_fraction,0.6298996372403245,0.011124971174726106,0.02447317454021448,3
jewel-val,joint FM: direct S [mid32],0.4,mass_mod_fraction,0.2170504567015833,0.04211427301820139,0.01558283197576039,3
jewel-val,joint FM: direct S [mid32],0.4,zlead_mod_fraction,0.804796506315042,0.011262173448783996,0.044452850239841156,3
jewel-val,joint FM: direct S [mid32],0.4,xi_mod_fraction,3.66124466943161,0.20499323423576898,0.30437462671339494,3
jewel-val,joint FM: direct S [mid32],0.4,ptd_mod_fraction,0.8026565186763372,0.0135455075758939,0.03891768406690673,3
jewel-val,UVCGAN-S [thr0.5],0.4,zg_mod_fraction,0.880530295149426,0.0,0.156659837422519,1
jewel-val,UVCGAN-S [thr0.5],0.4,rg_mod_fraction,0.7581092460854721,0.0,0.040235080017697177,1
jewel-val,UVCGAN-S [thr0.5],0.4,girth_mod_fraction,0.7625987037311172,0.0,0.028830439610272103,1
jewel-val,UVCGAN-S [thr0.5],0.4,mass_mod_fraction,0.4554441380868706,0.0,0.02348257513377924,1
jewel-val,UVCGAN-S [thr0.5],0.4,zlead_mod_fraction,0.8134303181633756,0.0,0.04398916243762161,1
jewel-val,UVCGAN-S [thr0.5],0.4,xi_mod_fraction,-0.5241449461577264,0.0,0.07257420996908084,1
jewel-val,UVCGAN-S [thr0.5],0.4,ptd_mod_fraction,0.7500831354689768,0.0,0.03705702725328059,1
jewel-val,unpaired FM [thr0.5],0.4,zg_mod_fraction,0.9259311809715216,0.0,0.15872106248288415,1
jewel-val,unpaired FM [thr0.5],0.4,rg_mod_fraction,0.7531844410913467,0.0,0.04008595817579552,1
jewel-val,unpaired FM [thr0.5],0.4,girth_mod_fraction,0.7341333479293277,0.0,0.02759092425979371,1
jewel-val,unpaired FM [thr0.5],0.4,mass_mod_fraction,0.3548129790089139,0.0,0.019649836244525157,1
jewel-val,unpaired FM [thr0.5],0.4,zlead_mod_fraction,0.8435214303095702,0.0,0.04378210581770635,1
jewel-val,unpaired FM [thr0.5],0.4,xi_mod_fraction,-0.35415874193739505,0.0,0.060222387910026924,1
jewel-val,unpaired FM [thr0.5],0.4,ptd_mod_fraction,0.778535628720123,0.0,0.03671889082198754,1
jewel-val,paired FM [thr0.5],0.4,zg_mod_fraction,0.49592396486160495,0.0,0.13474071504886848,1
jewel-val,paired FM [thr0.5],0.4,rg_mod_fraction,0.8357096639192924,0.0,0.039456705612103495,1
jewel-val,paired FM [thr0.5],0.4,girth_mod_fraction,0.7374431621955311,0.0,0.027312711173948564,1
jewel-val,paired FM [thr0.5],0.4,mass_mod_fraction,0.2881952902185072,0.0,0.014906927871340932,1
jewel-val,paired FM [thr0.5],0.4,zlead_mod_fraction,0.9020383090014441,0.0,0.04855917261467958,1
jewel-val,paired FM [thr0.5],0.4,xi_mod_fraction,-0.6317229647307281,0.0,0.08302126808991697,1
jewel-val,paired FM [thr0.5],0.4,ptd_mod_fraction,0.8344283734089758,0.0,0.040743343890046795,1
jewel-val,joint FM: M - B [thr0.5],0.4,zg_mod_fraction,0.6066367165972896,0.0,0.14034543905651525,1
jewel-val,joint FM: M - B [thr0.5],0.4,rg_mod_fraction,0.7002090904321449,0.0,0.03459069680092973,1
jewel-val,joint FM: M - B [thr0.5],0.4,girth_mod_fraction,0.6115587916203931,0.0,0.024323176755211583,1
jewel-val,joint FM: M - B [thr0.5],0.4,mass_mod_fraction,0.23374106668435937,0.0,0.016094650663475943,1
jewel-val,joint FM: M - B [thr0.5],0.4,zlead_mod_fraction,0.7514936411105322,0.0,0.043786460249490455,1
jewel-val,joint FM: M - B [thr0.5],0.4,xi_mod_fraction,-0.2806686131787839,0.0,0.07210452029928299,1
jewel-val,joint FM: M - B [thr0.5],0.4,ptd_mod_fraction,0.6937324624686803,0.0,0.03644996342297525,1
jewel-val,joint FM: direct S [thr0.5],0.4,zg_mod_fraction,0.4127996009781869,0.0,0.13187258871693783,1
jewel-val,joint FM: direct S [thr0.5],0.4,rg_mod_fraction,0.6329136574214357,0.0,0.0320623514391242,1
jewel-val,joint FM: direct S [thr0.5],0.4,girth_mod_fraction,0.541447050801752,0.0,0.023106189181747026,1
jewel-val,joint FM: direct S [thr0.5],0.4,mass_mod_fraction,0.06679115977054723,0.0,0.012297943175313656,1
jewel-val,joint FM: direct S [thr0.5],0.4,zlead_mod_fraction,0.7939145522789425,0.0,0.04858913985915456,1
jewel-val,joint FM: direct S [thr0.5],0.4,xi_mod_fraction,0.1924955398932249,0.0,0.08079758700773622,1
jewel-val,joint FM: direct S [thr0.5],0.4,ptd_mod_fraction,0.7121182650617216,0.0,0.039992753906048666,1
