set,label,model,seed,R,scale_14_20,scale_14_20_se,resolution_14_20,resolution_14_20_se,bias_gev_14_20,bias_gev_14_20_se,rmse_gev_14_20,rmse_gev_14_20_se,eff_14_20,eff_14_20_se,fake_14_20,fake_14_20_se,scale_20_30,scale_20_30_se,resolution_20_30,resolution_20_30_se,bias_gev_20_30,bias_gev_20_30_se,rmse_gev_20_30,rmse_gev_20_30_se,eff_20_30,eff_20_30_se,fake_20_30,fake_20_30_se,scale_30_50,scale_30_50_se,resolution_30_50,resolution_30_50_se,bias_gev_30_50,bias_gev_30_50_se,rmse_gev_30_50,rmse_gev_30_50_se,eff_30_50,eff_30_50_se,fake_30_50,fake_30_50_se,deta_rms_20_50,deta_rms_20_50_se,calib_a,calib_b,scale_cal_20_30,scale_cal_20_30_se,resolution_cal_20_30,resolution_cal_20_30_se,bias_cal_gev_20_30,bias_cal_gev_20_30_se,scale_cal_30_50,scale_cal_30_50_se,resolution_cal_30_50,resolution_cal_30_50_se,bias_cal_gev_30_50,bias_cal_gev_30_50_se,sub_truth_jets,sub_matched,zg_mean_truth,zg_mean_truth_se,zg_truth_all_sd,zg_mean_reco,zg_mean_reco_se,zg_w1,zg_pair_bias,zg_pair_bias_se,zg_pair_rmse,zg_pair_rmse_se,zg_truth_sd,zg_pair_undefined,rg_mean_truth,rg_mean_truth_se,rg_truth_all_sd,rg_mean_reco,rg_mean_reco_se,rg_w1,rg_pair_bias,rg_pair_bias_se,rg_pair_rmse,rg_pair_rmse_se,rg_truth_sd,rg_pair_undefined,girth_mean_truth,girth_mean_truth_se,girth_truth_all_sd,girth_mean_reco,girth_mean_reco_se,girth_w1,girth_pair_bias,girth_pair_bias_se,girth_pair_rmse,girth_pair_rmse_se,girth_truth_sd,girth_pair_undefined,mass_mean_truth,mass_mean_truth_se,mass_truth_all_sd,mass_mean_reco,mass_mean_reco_se,mass_w1,mass_pair_bias,mass_pair_bias_se,mass_pair_rmse,mass_pair_rmse_se,mass_truth_sd,mass_pair_undefined,zlead_mean_truth,zlead_mean_truth_se,zlead_truth_all_sd,zlead_mean_reco,zlead_mean_reco_se,zlead_w1,zlead_pair_bias,zlead_pair_bias_se,zlead_pair_rmse,zlead_pair_rmse_se,zlead_truth_sd,zlead_pair_undefined,xi_mean_truth,xi_mean_truth_se,xi_truth_all_sd,xi_mean_reco,xi_mean_reco_se,xi_w1,ptd_mean_truth,ptd_mean_truth_se,ptd_truth_all_sd,ptd_mean_reco,ptd_mean_reco_se,ptd_w1,ptd_pair_bias,ptd_pair_bias_se,ptd_pair_rmse,ptd_pair_rmse_se,ptd_truth_sd,ptd_pair_undefined,zg_w1_floor,rg_w1_floor,girth_w1_floor,mass_w1_floor,zlead_w1_floor,xi_w1_floor,ptd_w1_floor,zg_mod_fraction,zg_mod_fraction_se,rg_mod_fraction,rg_mod_fraction_se,girth_mod_fraction,girth_mod_fraction_se,mass_mod_fraction,mass_mod_fraction_se,zlead_mod_fraction,zlead_mod_fraction_se,xi_mod_fraction,xi_mod_fraction_se,ptd_mod_fraction,ptd_mod_fraction_se
val,UVCGAN-S,uvcgan__sig,0,0.2,0.9787497669383779,0.0017118371645855144,0.15171745379201182,0.0012105287244791442,-0.3517245435637529,0.028702494789773325,2.568057631121835,0.02048880708045449,0.9978404471544715,0.0005232026406473579,0.00655307994757536,0.0009237039441891661,0.9859658682636676,0.0009258174321602292,0.09758484649552644,0.0006546812486867928,-0.34753339211146816,0.022142522671465208,2.3596431754781397,0.015829759136782785,1.0,0.0,0.00045649593718615904,0.0002041045869868185,0.9860887620231822,0.0010730126222692924,0.06547135796625696,0.0007588364203051515,-0.48572918634037043,0.03626664516032264,2.2655421826846918,0.026254916226185383,1.0,0.0,0.0,0.0,0.011287238185005929,6.553271990112714e-05,-0.19339679646029603,0.9923713271120657,1.0018061515475774,0.00130987438298206,0.09773278158225818,0.0009263042584451197,0.03738047655969651,0.03136336880133361,0.9988205446996324,0.00151123459969407,0.06545582562863478,0.0010688891565516345,-0.045916360290525926,0.05088458148726929,,,,,,,,,,,,,,,,,,,,,,,,,,,,,,,,,,,,,,,,,,,,,,,,,,,,,,,,,,,,,,,,,,,,,,,,,,,,,,,,,,,,,,,,,,,,,,,,,,,,,
val,UVCGAN-S,uvcgan__sig,0,0.4,0.9689012500995904,0.004090352253356128,0.2516148529199549,0.002892698068592069,-0.5214644278197024,0.06904674733315741,4.279248590827888,0.049190014958636424,0.9722507708119219,0.002632862592995203,0.03005530175522962,0.002647521971118032,0.9823920496100845,0.0012166161950546948,0.1437976525399111,0.0008603083534552461,-0.4625948427605146,0.030082406053790547,3.5855489969767462,0.021450748977618974,0.9991417536833072,0.0002476480310272769,0.0017898052691867124,0.00035764057008208077,0.965052527415341,0.0009276865889342599,0.09585296709133129,0.0006560042018847777,-1.2384555276336129,0.032021675085947644,3.5328191172965266,0.024176983908950973,0.9999063407324155,9.365488145262552e-05,0.00010054293183189222,0.00010053787726426808,0.030137222765341847,0.00013574223900215856,0.7738323419127715,0.9455246454450539,1.006555732319493,0.001832616175695245,0.1533386214036975,0.0012959478829354012,0.16310441525171865,0.0452488498841532,0.9964018654772928,0.0013810933176591838,0.10172387492643735,0.0009766704702283491,-0.12663000649181752,0.04746920091309519,13982.0,13970.0,0.2468019464600556,0.0009747757447164019,0.11513913115315934,0.24779716788254189,0.0009705048165572494,0.0012551240758197303,0.0009641968142104606,0.0010935385744197319,0.12899017541082716,0.0007732701450266482,0.11506407494735187,0.004080171796707277,0.25681209316520703,0.0006292934832735559,0.074331255467936,0.25543059412901475,0.0006317411451808142,0.0014801082507033012,-0.0013532344003778377,0.0005915386615213301,0.06978710634080011,0.0004183596593249611,0.07424161938655661,0.004080171796707277,0.1438926693175284,0.00031543679697609167,0.03729898408401423,0.14131980363560961,0.0003093671912674664,0.0025734469231132274,-0.0025053022794274426,0.00018819642772357966,0.02238447091981176,0.00013391635900180334,0.037235137329340175,0.0,4.257431070304588,0.007917988058547133,0.9362665148909336,4.106158481087446,0.00937106705664706,0.19635420183314917,-0.15050293817024274,0.009091591518030847,1.0850667868560813,0.006491473213286658,0.9360956763166657,0.0,0.27740267927557066,0.000993361862433755,0.11746057737008929,0.28159320821103584,0.0010117860378980818,0.004200039854725366,0.0040814685101678,0.0003729745383710802,0.0442721715396363,0.0002648607616829575,0.11744533239670667,0.0,5.277875749137128,0.002813431504379299,2.050399078183814,6.961847916244065,0.00337209737714579,1.6839750911367046,0.37313176550987476,0.0007695188648364086,0.09099214856045275,0.3785313450007218,0.0007821068552167913,0.005409363666556395,0.005297479682924144,0.0003549625995562644,0.042287842186033264,0.0002529893994762355,0.09096206842836317,0.0,0.0007714136295143184,0.00235826208327121,0.001268685575778252,0.028382738884839172,0.0025506128405569043,0.006663111531351521,0.002062756778244051,,,,,,,,,,,,,,
val,UVCGAN-S,uvcgan__sig,0,0.5,0.9810360942661174,0.0054344793484574485,0.288386062876295,0.0038434396890302844,-0.33675618182913697,0.09210081920002405,4.899009717569526,0.06527952382618248,0.9433835845896147,0.004230027339781366,0.04052809333742708,0.003455296645997139,0.9799809833247412,0.001379072041917581,0.15868919126806316,0.000975188017840754,-0.5347993984084904,0.03447274695999856,4.002651785169247,0.02459644939027806,0.9975890906351239,0.0004256785243005131,0.0023465571606658357,0.0004143296388817774,0.9575039540298004,0.0009269229282358234,0.10584794253152079,0.0006554586212905448,-1.5307645081014947,0.032304541409993684,3.9939413440011324,0.02473135371485109,1.0,0.0,0.0002519314746388982,0.0001454343814887935,0.040672707386885255,0.00017740552509345857,1.4049259032561683,0.9192652682893367,1.0055443017006893,0.0021395085540663297,0.17435353911022747,0.0015129749229546338,0.14532074048141955,0.053418424015175825,0.9964546007025835,0.001419784065831681,0.11529136184870668,0.0010040150746148191,-0.13495329451005178,0.04926650397043495,,,,,,,,,,,,,,,,,,,,,,,,,,,,,,,,,,,,,,,,,,,,,,,,,,,,,,,,,,,,,,,,,,,,,,,,,,,,,,,,,,,,,,,,,,,,,,,,,,,,,
val,Area,area,0,0.2,0.9243939789223681,0.002111058342393777,0.18669443764812496,0.0014928391103046204,-1.272273924461983,0.0356040686067341,3.3960225636982946,0.027153413068529083,0.9935213414634146,0.00090425017786319,0.015261350629530714,0.0013824926757623687,0.953465819921939,0.001240536342816264,0.1307162745390405,0.0008772311654438153,-1.1151878283293204,0.029704862485878794,3.322754327798693,0.022297853850982274,0.9993699369936994,0.00023806639826482058,0.00041021433699107784,0.00020506509522976387,0.9775064167848327,0.0014940194789956488,0.09115967705115795,0.0010565732124469811,-0.7602512506054909,0.050572497275321475,3.178025003764653,0.03682949753762148,1.0,0.0,0.0,0.0,0.014240570897062004,8.269902789452133e-05,-1.7713449235764889,1.0280929442745808,0.9974413467017001,0.0016947804693597055,0.12639472310312289,0.0011984985072372625,-0.061869906682514,0.0407959838870114,1.0029380901260103,0.002007265225585835,0.08694030868732514,0.001419729295760041,0.0958165987879053,0.06761201485265382,,,,,,,,,,,,,,,,,,,,,,,,,,,,,,,,,,,,,,,,,,,,,,,,,,,,,,,,,,,,,,,,,,,,,,,,,,,,,,,,,,,,,,,,,,,,,,,,,,,,,
val,Area,area,0,0.4,0.867986409571955,0.006222496614629706,0.36095844187482024,0.004400623482348546,-2.3307383014528704,0.10731809430780317,6.647377633772087,0.08102943662459261,0.8645940390544707,0.005484519620637155,0.19229625223081498,0.004806153161386722,0.881284283238717,0.0022930866317616276,0.2693864458298568,0.0016215158545485333,-2.9838851906142096,0.0573763100895261,7.3713654171178336,0.044368798171303736,0.9870547847232156,0.000955961976890473,0.020061138708444785,0.0013703939220327348,0.9332924256257695,0.0019147152753156433,0.19778183947868855,0.0013539716042953957,-2.2696013289896264,0.06585638538687176,7.1713009766194755,0.04909087154489773,0.9993443851269083,0.0002477178862892056,0.0006684491978609625,0.00029883963952458185,0.05389426271337167,0.00024361368363160274,-3.4874560379366937,1.0301675907252144,0.991896787351672,0.003142144999481652,0.261176332276445,0.0022219928466536963,-0.21023023585293477,0.07844406767201828,1.0026025870119828,0.0025852790731135016,0.19032992392543543,0.001828237028190724,0.13489923994815314,0.08912604219388118,,,,,,,,,,,,,,,,,,,,,,,,,,,,,,,,,,,,,,,,,,,,,,,,,,,,,,,,,,,,,,,,,,,,,,,,,,,,,,,,,0.0007714136295143184,0.00235826208327121,0.001268685575778252,0.028382738884839172,0.0025506128405569043,0.006663111531351521,0.002062756778244051,,,,,,,,,,,,,,
val,Area,area,0,0.5,0.9564222303047523,0.01064511402216715,0.4973672505358624,0.007528956961002238,-0.8743499186137922,0.18324657511882989,8.606283495233049,0.13024881541381467,0.7313232830820771,0.008113300259876432,0.2065063649222065,0.005382496354199821,0.8807356499239771,0.003185710904553533,0.35704131215365253,0.0022527274567958697,-3.079522290355189,0.08137428698228848,9.625984004751771,0.060732062465736564,0.9463572666315075,0.001955683010860921,0.03679873574895586,0.0020002423601950085,0.9270495144637447,0.0024314934899165902,0.2771475967870835,0.0017193917075753323,-2.4739401939276466,0.0845543542596495,9.950170314522188,0.061727332652293826,0.996319018404908,0.0005303251671794493,0.002778163633838033,0.0006203527533903024,0.09466536306185987,0.00041875032733845583,-2.6289167222245364,1.0012487985484286,0.9789426092842202,0.004467241837515168,0.3545200420290219,0.003159067805749476,-0.5728116158509121,0.11367486071005817,1.0005322888066188,0.0033989349901687835,0.27552346512020315,0.002403592881314411,0.10756023239947775,0.11851992816235978,,,,,,,,,,,,,,,,,,,,,,,,,,,,,,,,,,,,,,,,,,,,,,,,,,,,,,,,,,,,,,,,,,,,,,,,,,,,,,,,,,,,,,,,,,,,,,,,,,,,,
val,unpaired FM,bb_uvcgan_otcfm1_s0__euler4__sig,0,0.2,0.8730441628009851,0.0015562706085543731,0.1378595770729147,0.0011005196264946646,-2.1585999879140765,0.026187399793950926,3.168733003212685,0.025294076227275773,0.9968241869918699,0.0006341532207612476,0.0020489470688673877,0.00048244644112829295,0.8836891979948787,0.0008689337424192099,0.09158495691635765,0.0006144565980903462,-2.837795178949326,0.020970836040330305,3.597019969961764,0.02413183614111493,0.9999099909990999,9.000494999879696e-05,0.0,0.0,0.9000385699952387,0.0010688275909503954,0.06521600245794987,0.0007558767587699681,-3.4338256494544717,0.036262777091919406,4.0849556480890366,0.047339735780672104,1.0,0.0,0.0,0.0,0.0111900161562332,6.49704473875355e-05,-0.9846414546007818,0.9270658867879614,0.9972924060026397,0.0013262284580596087,0.09894410939128843,0.0009378693897363455,-0.07064586981722094,0.031873272120497426,1.001078702853329,0.001613453682300974,0.06988322191005329,0.0011411882350754413,0.044694730650917454,0.05431279246336793,,,,,,,,,,,,,,,,,,,,,,,,,,,,,,,,,,,,,,,,,,,,,,,,,,,,,,,,,,,,,,,,,,,,,,,,,,,,,,,,,,,,,,,,,,,,,,,,,,,,,
val,unpaired FM,bb_uvcgan_otcfm1_s0__euler4__sig,0,0.4,1.036370119224165,0.0034696532379933425,0.21511850075558725,0.0024537345179302473,0.6117191950696562,0.058653448449778205,3.6876053231700245,0.04205694726376023,0.987667009249743,0.0017691027630354341,0.1462834489593657,0.004975352560977906,0.9913750716941544,0.001120951114672274,0.13250950835450104,0.0007926604970465151,-0.2631650317147788,0.02796766702062942,3.316562145298905,0.019838679995759667,0.9994278357888714,0.00020223271682036622,0.0021074099252209383,0.00037810295633589015,0.9623577303959592,0.0009402514812907283,0.09715123121190491,0.0006648893386113336,-1.3350126787359406,0.0326697345053621,3.629996830368609,0.024842023337024014,0.9999063407324155,9.365488145262552e-05,0.00010313531353135314,0.00010312999494776755,0.03143855076201937,0.00014159211152091306,2.526964665347742,0.8907008513084312,1.000421915887931,0.0017794039891637977,0.14891814869515022,0.0012583184589739964,-0.0002791339602744127,0.04433169745630919,0.9978190958455394,0.0014669743503076386,0.1080494079747701,0.0010374031285273746,-0.05405866419971993,0.05077360346954381,13982.0,13974.0,0.2468019464600556,0.0009747757447164019,0.11513913115315934,0.22083788614558186,0.000912602095652752,0.02596427961919298,-0.02588561822564088,0.0010710734605265265,0.1290503000801154,0.0007730751303776033,0.11509949815507048,0.0029340203234577977,0.25681209316520703,0.0006292934832735559,0.074331255467936,0.2834750563234388,0.0004943392063882241,0.028140834886876194,0.026724473730978675,0.0005637369925578352,0.07170841297579923,0.0004295688632728628,0.07426830961500468,0.0029340203234577977,0.1438926693175284,0.00031543679697609167,0.03729898408401423,0.16566150068829483,0.0002637479860229347,0.021768831370766392,0.02181815783170379,0.00016753499810031713,0.029466148408681832,0.00017625766181285214,0.037246163238569954,0.0,4.257431070304588,0.007917988058547133,0.9362665148909336,4.881840731324689,0.007521388465620225,0.6244096610201008,0.6250264673650269,0.008858805397404837,1.2195555373226166,0.007295015435273747,0.9360764305514276,0.0,0.27740267927557066,0.000993361862433755,0.11746057737008929,0.23625496491625375,0.0008590989369606416,0.04114771435931689,-0.04121736522810705,0.0003231096649085656,0.05619390338733585,0.0003361350754709041,0.11745353274320096,0.0,5.277875749137128,0.002813431504379299,2.050399078183814,4.770776710956086,0.001906619173301545,0.6526795026838772,0.37313176550987476,0.0007695188648364086,0.09099214856045275,0.3184997836792036,0.0006527729377698408,0.05463198183067111,-0.05469528691275373,0.00029769824692224263,0.06503852417725041,0.00038904094421323223,0.09097844084056951,0.0,0.0007714136295143184,0.00235826208327121,0.001268685575778252,0.028382738884839172,0.0025506128405569043,0.006663111531351521,0.002062756778244051,,,,,,,,,,,,,,
val,unpaired FM,bb_uvcgan_otcfm1_s0__euler4__sig,0,0.5,1.2000099590599578,0.0048016411146386325,0.25888817420605,0.003395857125977472,3.408906419869041,0.0806026485126091,5.523296355897625,0.07243706286292793,0.9738693467336683,0.0029198014105048437,0.6751512096774194,0.005257028390503091,1.096125558828348,0.0013192107717138986,0.1518640236588299,0.0009328580800362161,2.392673511153293,0.03276845608420638,4.467047043270517,0.02743878108022334,0.9984178407293001,0.0003449822253903963,0.02131682998108991,0.0013391148956885068,1.0338472567939068,0.0009608525878492871,0.10972246602368999,0.0006794514336740144,1.1345060447871236,0.033416493463953374,3.9810019979421365,0.024651230468999082,1.0,0.0,0.0005701615457713019,0.00018999966016724782,0.04495579739989019,0.00019604641080568413,5.628278300614707,0.8741809780024238,0.9992164494994206,0.00210079759300784,0.17121178171762247,0.0014856000619155446,-0.03124952467333138,0.05282619084238794,0.9970133583516144,0.001534767069974672,0.1246283782698168,0.0010853265023610067,-0.09251127754959867,0.05359886611148532,,,,,,,,,,,,,,,,,,,,,,,,,,,,,,,,,,,,,,,,,,,,,,,,,,,,,,,,,,,,,,,,,,,,,,,,,,,,,,,,,,,,,,,,,,,,,,,,,,,,,
val,unpaired FM,bb_uvcgan_otcfm1_s1__euler4__sig,1,0.2,0.8749369836952319,0.00156519688999928,0.13865913081160183,0.001106831853867321,-2.1263185335885924,0.02630736051872693,3.154782482030458,0.025181113212033313,0.9969512195121951,0.0006213803135543677,0.002491506228765572,0.0005305287673512813,0.8843640433699318,0.0008755476654818808,0.09228205938708964,0.000619133558446156,-2.8217873113397367,0.021126154300152265,3.5945222561838746,0.0241150793757595,0.9999099909990999,9.000494999879696e-05,0.0,0.0,0.8998536873634876,0.001067867366874246,0.06515741305004108,0.0007551976866085472,-3.4411566959799837,0.0362164358636297,4.089591512628059,0.047393459889646196,1.0,0.0,0.0,0.0,0.011227540544621882,6.518831805613129e-05,-0.9243574431410222,0.9253400371889825,0.997035788896262,0.001335254098504038,0.09961747298112321,0.0009442520546868334,-0.07652249656961405,0.03208247803765189,1.0007027826088535,0.0016185363268597438,0.07010336555686929,0.0011447831657742057,0.030646336462718544,0.05440285200241708,,,,,,,,,,,,,,,,,,,,,,,,,,,,,,,,,,,,,,,,,,,,,,,,,,,,,,,,,,,,,,,,,,,,,,,,,,,,,,,,,,,,,,,,,,,,,,,,,,,,,
val,unpaired FM,bb_uvcgan_otcfm1_s1__euler4__sig,1,0.4,1.0382476409161916,0.0034846865825972476,0.21610676543453564,0.0024643659140766013,0.6436093497894159,0.05883676709059114,3.70515611100648,0.04224612437019162,0.9881808838643371,0.0017323047985459766,0.1466851925367209,0.004984466678005749,0.9932417352964189,0.001127213933927537,0.13324507884323092,0.0007970891395153612,-0.2158348127247865,0.028126980660424388,3.3318167433521046,0.01993064157168214,0.9993563152624804,0.00021449251305033973,0.0023820867079561697,0.00040216628832492646,0.9631451120495601,0.0009437284250338756,0.09751048548825829,0.0006673480242627474,-1.3082259398213973,0.03275907918669467,3.6288403264920803,0.024834108758132446,0.9999063407324155,9.365488145262552e-05,0.0,0.0,0.03144611135773715,0.00014162903556053026,2.5910382414545805,0.8897920912160745,1.000654705447932,0.0017897651736260612,0.1497852752261716,0.001265645445844374,0.0064359219887261355,0.04459056431165799,0.9976143807336648,0.0014705255574698477,0.10831097071538107,0.0010399144426613618,-0.06092949103379835,0.05083281103622538,13982.0,13973.0,0.2468019464600556,0.0009747757447164019,0.11513913115315934,0.22177955032259333,0.0009184406934504055,0.025022458838133463,-0.024933123955628297,0.0010763291957510209,0.12947580552932642,0.0007755962859195267,0.11509704974752795,0.0027910971158663367,0.25681209316520703,0.0006292934832735559,0.074331255467936,0.2834515587241608,0.0004936306055433842,0.02813225687825175,0.026682179301689507,0.0005655784115189429,0.07189667472382531,0.0004306811891055035,0.07426639427545512,0.0027910971158663367,0.1438926693175284,0.00031543679697609167,0.03729898408401423,0.16574325955163005,0.0002635117203930592,0.021850590234101654,0.021904260966862064,0.00016722921290310616,0.029505255669432684,0.00017649790505484578,0.037243955638221096,0.0,4.257431070304588,0.007917988058547133,0.9362665148909336,4.893128287110135,0.007563780406210844,0.6356972168055459,0.6364099690553331,0.008874997748226556,1.22703266800503,0.007340004023795331,0.9360412138321336,0.0,0.27740267927557066,0.000993361862433755,0.11746057737008929,0.2360682500950152,0.0008567788813461107,0.041334429180555424,-0.041414039212723255,0.0003234573731419748,0.05636526580369506,0.00033717217853218486,0.11745183535605506,0.0,5.277875749137128,0.002813431504379299,2.050399078183814,4.770576111421257,0.0018968724964078239,0.6542111214687999,0.37313176550987476,0.0007695188648364086,0.09099214856045275,0.31823742156645113,0.0006507867233191684,0.054894343943423615,-0.0549656892188945,0.0002980019144757174,0.06528477025261674,0.000390527888003057,0.09097673172182141,0.0,0.0007714136295143184,0.00235826208327121,0.001268685575778252,0.028382738884839172,0.0025506128405569043,0.006663111531351521,0.002062756778244051,,,,,,,,,,,,,,
val,unpaired FM,bb_uvcgan_otcfm1_s1__euler4__sig,1,0.5,1.1990891161895292,0.004862009883312139,0.262368397462418,0.003438550619859757,3.391320876981446,0.08160293005162877,5.558073093141029,0.0728305468116479,0.9755443886097153,0.002827096364921697,0.6727960354720918,0.005358089186886311,1.097874279084843,0.001325156231973479,0.15254844917815044,0.0009370623139324252,2.4368288944246115,0.032916872163335956,4.505213465434161,0.027673217855170955,0.9984178407293001,0.0003449822253903963,0.020048392671966817,0.001302980398036195,1.0347168482860776,0.0009615471672669613,0.10980178200568375,0.0006799425943235324,1.1635573200261522,0.03342036424697641,3.989801018854198,0.024705715920781548,1.0,0.0,0.0004410282258064516,0.0001666562387361581,0.044858247739320976,0.0001956210093683613,5.67206150497912,0.8739607295635073,0.9995207535740612,0.0021056267366444735,0.17160534951727638,0.0014890150392124816,-0.024024606797076558,0.052949807860789906,0.9965804856359818,0.0015307017584021336,0.12429826095210858,0.0010824516749840397,-0.10894446212686679,0.053424579247474104,,,,,,,,,,,,,,,,,,,,,,,,,,,,,,,,,,,,,,,,,,,,,,,,,,,,,,,,,,,,,,,,,,,,,,,,,,,,,,,,,,,,,,,,,,,,,,,,,,,,,
val,unpaired FM,bb_uvcgan_otcfm1_s2__euler4__sig,2,0.2,0.8748956860062003,0.0015597146018222557,0.13816465734156624,0.0011029550526756814,-2.1277944268194333,0.026246688254317325,3.151700860611226,0.02515811894944948,0.9968241869918699,0.0006341532207612476,0.002040584967690738,0.0004804795082384078,0.8846920943922626,0.0008743856725684296,0.09215958621598312,0.0006183118683934525,-2.8136880613725372,0.021099522685786305,3.586426443471743,0.024060765853057435,0.9999099909990999,9.000494999879696e-05,0.0,0.0,0.9012286824819499,0.0010745160429234397,0.06556309126908928,0.0007598996420452585,-3.3928878721747098,0.03643339712436937,4.056300052416014,0.04700765180114756,1.0,0.0,0.0,0.0,0.011235964959917275,6.523723112498466e-05,-0.9629581041420254,0.927434173507232,0.9970614501723797,0.001331807317584853,0.09936032371981522,0.0009418145935559204,-0.07623657373864456,0.032001100023349646,1.0010896379743754,0.0016220864340279247,0.07025713069420168,0.0011472941399521613,0.04518201733616365,0.05452725218307665,,,,,,,,,,,,,,,,,,,,,,,,,,,,,,,,,,,,,,,,,,,,,,,,,,,,,,,,,,,,,,,,,,,,,,,,,,,,,,,,,,,,,,,,,,,,,,,,,,,,,
val,unpaired FM,bb_uvcgan_otcfm1_s2__euler4__sig,2,0.4,1.0393946259905125,0.0034784630739509545,0.215692760882351,0.002459964739883208,0.6629455450655892,0.05881497648273606,3.7067676490830186,0.0422699947751947,0.9879239465570401,0.0017508053040804312,0.1453788179293931,0.004964048000966503,0.9934651862250774,0.0011288798833824385,0.13344678138085206,0.0007982671837828972,-0.20999507435184872,0.02814608847531239,3.333816554939047,0.019941890699003,0.9994278357888714,0.00020223271682036622,0.002044711014176663,0.00037292959637156913,0.9642282557748875,0.0009428277795726268,0.09741742653840625,0.0006667111419211945,-1.2692592449331248,0.03274464525622303,3.613578853774369,0.024729666280872146,0.9999063407324155,9.365488145262552e-05,0.0,0.0,0.031525279990112086,0.00014198272031930152,2.5744279336098868,0.891196557722023,0.9999239964308388,0.0017911686594061459,0.1499027328161079,0.001266637931010611,-0.011363832126556915,0.04458727621893038,0.99775982696341,0.0014714398827410996,0.10837831497687714,0.0010405610278567264,-0.05484785974819727,0.05090315582081979,13982.0,13974.0,0.2468019464600556,0.0009747757447164019,0.11513913115315934,0.22114589630515283,0.0009145163214593142,0.025656086764839044,-0.025563444661288987,0.0010758166386378534,0.1295393480279002,0.0007759769232570617,0.11509928583348825,0.0028624588521539707,0.25681209316520703,0.0006292934832735559,0.074331255467936,0.2835248372895651,0.0004960946012323673,0.028157224446088962,0.02680131475184947,0.0005645973910432028,0.07183352026682652,0.00043030287624552723,0.07427254127305993,0.0028624588521539707,0.1438926693175284,0.00031543679697609167,0.03729898408401423,0.1657768922481559,0.0002634983578511572,0.0218842229306275,0.021933549391564902,0.00016758226523113282,0.02955543652843019,0.00017679175656443746,0.037246163238569954,0.0,4.257431070304588,0.007917988058547133,0.9362665148909336,4.8952377830511224,0.007573326830151134,0.6378067127465339,0.6384235190914602,0.00889248153501727,1.2298763343172885,0.007356751347314087,0.9360764305514276,0.0,0.27740267927557066,0.000993361862433755,0.11746057737008929,0.2360342664087195,0.0008568595446801856,0.04136841286685115,-0.041438063735641316,0.0003236384373755714,0.05639836498005838,0.0003373581033931142,0.11745353274320096,0.0,5.277875749137128,0.002813431504379299,2.050399078183814,4.7655409898437435,0.0019000489207735467,0.6568397592244222,0.37313176550987476,0.0007695188648364086,0.09099214856045275,0.3182582819172782,0.0006511692369113419,0.054873483592596625,-0.05493678867467923,0.00029840223934213543,0.0652866767327027,0.00039052531836998556,0.09097844084056951,0.0,0.0007714136295143184,0.00235826208327121,0.001268685575778252,0.028382738884839172,0.0025506128405569043,0.006663111531351521,0.002062756778244051,,,,,,,,,,,,,,
val,unpaired FM,bb_uvcgan_otcfm1_s2__euler4__sig,2,0.5,1.2005892072572402,0.004887399668592759,0.26378378606615127,0.0034565067888280604,3.4180573454959258,0.08188088801096129,5.586883365260283,0.07319549712483371,0.9758793969849247,0.0028081479632202765,0.6728092783505155,0.005326177248938497,1.0983649709396655,0.0013290023540923127,0.15297965929388635,0.0009397820409339498,2.4499539861955557,0.033001125788072946,4.5202332962954825,0.027767572408645497,0.9982671588939953,0.000361009155026936,0.020477223427331888,0.0013192355226626564,1.0356585676933092,0.0009600104165667159,0.10962629611052475,0.0006788559058140927,1.1983479571517692,0.03337791290522418,3.995460816729363,0.024740762620557324,1.0,0.0,0.0005028600163429505,0.00017774315694677283,0.04504252614400814,0.00019643209494327754,5.598287824392968,0.8770204431361388,0.9999228952618984,0.002107228562135434,0.17171003783951308,0.0014901478199472339,-0.013834777603946767,0.05296310474381187,0.9967889430352801,0.0015245261813868715,0.12379678280382828,0.00107808455144252,-0.1014879618811189,0.05324303561411689,,,,,,,,,,,,,,,,,,,,,,,,,,,,,,,,,,,,,,,,,,,,,,,,,,,,,,,,,,,,,,,,,,,,,,,,,,,,,,,,,,,,,,,,,,,,,,,,,,,,,
val,paired FM,bench_paired_bkg_s0__euler4__sig,0,0.2,0.7827571343078199,0.001574259213044831,0.13932861078467051,0.0011132404280810749,-3.6899095321368005,0.026577105131946586,4.375867147496467,0.0349610982696668,0.995045731707317,0.0007913502404400972,0.0006904487917146145,0.0002817772121002536,0.8182600893572121,0.000920353460761091,0.09700455620120219,0.0006508174662034333,-4.420617712834768,0.0221074638246543,4.997126488558954,0.03352492858125877,0.9999099909990999,9.000494999879696e-05,0.0,0.0,0.8505251824279227,0.0011484347324365143,0.07007334294839575,0.0008121750697332583,-5.122997239402339,0.03868518312622918,5.640632213587525,0.06536816103550529,1.0,0.0,0.0,0.0,0.011136284957577604,6.465847822086203e-05,-2.378628290110222,0.9191478627596118,0.9971945614085711,0.0014032449054103525,0.10468996995195656,0.0009923331346797955,-0.07129907434693017,0.03372009081843779,1.000296309014037,0.0017424083386496292,0.07546861116839004,0.0012323972597270893,0.018194975280896083,0.058650588061367054,,,,,,,,,,,,,,,,,,,,,,,,,,,,,,,,,,,,,,,,,,,,,,,,,,,,,,,,,,,,,,,,,,,,,,,,,,,,,,,,,,,,,,,,,,,,,,,,,,,,,
val,paired FM,bench_paired_bkg_s0__euler4__sig,0,0.4,0.8053559749922107,0.0032732479074660463,0.20103179059540005,0.0023148426577409443,-3.35619358293919,0.05591143105394052,4.80162886573197,0.05528250947830888,0.9691675231243576,0.0027708768079860173,0.00430416068866571,0.0007841356433905809,0.8277589611667261,0.0011243875927274267,0.1329157401799562,0.0007950905409330258,-4.376911330037824,0.028311580780303956,5.5098231453618975,0.03295810945952087,0.9994278357888714,0.00020223271682036622,0.00020604395604395604,0.00011894727740907385,0.8389647949597279,0.0009596982587353283,0.09916056425677637,0.0006786409308720683,-5.625508733698415,0.03337521195504668,6.598363120497234,0.045156152549286364,0.9999063407324155,9.365488145262552e-05,0.0,0.0,0.029371632404453115,0.00013228317941381661,-1.0773277883028876,0.8712149859562698,0.999250693495958,0.0018440986865599569,0.15434345875427946,0.0013040677709772917,-0.024308815513951715,0.045944995932310446,0.9974771279346555,0.0015213296067077148,0.11205292260548838,0.0010758416418043936,-0.07021046945550198,0.05263874599252134,13982.0,13974.0,0.2468019464600556,0.0009747757447164019,0.11513913115315934,0.23214360155242172,0.0009593135610914362,0.014660564146511935,-0.014795449292875948,0.0010858365642459258,0.12893441126991592,0.0007729080742516186,0.11509562959928459,0.004293688278230956,0.25681209316520703,0.0006292934832735559,0.074331255467936,0.2544915731356069,0.0005562803569990315,0.009724137179759451,-0.0023692017921011247,0.0005383736886358479,0.06354945744918628,0.0003809525191375062,0.07423378145100294,0.004293688278230956,0.1438926693175284,0.00031543679697609167,0.03729898408401423,0.1519599057577566,0.0002838356192823753,0.008068665941901428,0.008113837170102813,0.00015886630720027644,0.020457692988668803,0.0001223717834532297,0.037255288793893344,0.0,4.257431070304588,0.007917988058547133,0.9362665148909336,3.7572427081117623,0.006329584209218053,0.5003324392920672,-0.499656797608718,0.008264365023169889,1.0973045756503395,0.006563746850052768,0.9362072622334481,0.0,0.27740267927557066,0.000993361862433755,0.11746057737008929,0.26110518942865674,0.0009614887674388054,0.016297489846913923,-0.016354016532741586,0.0003101754613766488,0.04014817384736667,0.00024015433405975007,0.11745654927592532,0.0,5.277875749137128,0.002813431504379299,2.050399078183814,5.121357456786817,0.0015593637444838585,0.6316286225699059,0.37313176550987476,0.0007695188648364086,0.09099214856045275,0.34076406913083285,0.0007541206940361076,0.03236769637904188,-0.03242541666539198,0.00028265370849733925,0.04656000526003357,0.00027850798642925636,0.09097915982022106,0.0,0.0007714136295143184,0.00235826208327121,0.001268685575778252,0.028382738884839172,0.0025506128405569043,0.006663111531351521,0.002062756778244051,,,,,,,,,,,,,,
val,paired FM,bench_paired_bkg_s0__euler4__sig,0,0.5,0.8502917178080808,0.00433171146992525,0.23112836901701958,0.0030635206278835383,-2.601535226047243,0.07352079754056651,4.707111266127501,0.06238005205370358,0.9537688442211055,0.0038434105114962787,0.016131860424338066,0.0016682417686174897,0.851046065358926,0.0012242377149484106,0.140936296051624,0.0008656994511494491,-3.847016353238478,0.031170389764393982,5.260804071245157,0.03231320462426274,0.9984931816469524,0.0003366808812270269,0.0005682894487592347,0.00018937598312086256,0.8470984832855137,0.00092477133516707,0.10559819680931314,0.0006539371588249673,-5.401997818739353,0.03271232480978534,6.567690972727049,0.04067013082246803,0.9999233128834356,7.668417605110364e-05,0.0,0.0,0.03927722601295715,0.0001712828963470395,0.1555555953705113,0.8442600486371473,0.9988635018746832,0.0020642019960844713,0.16825462289924248,0.001459721085884188,-0.0370476273270924,0.05201763061539337,0.9969317240468647,0.0015305865219277137,0.12427947860204827,0.0010823701967624462,-0.10138145249324332,0.05356530939632374,,,,,,,,,,,,,,,,,,,,,,,,,,,,,,,,,,,,,,,,,,,,,,,,,,,,,,,,,,,,,,,,,,,,,,,,,,,,,,,,,,,,,,,,,,,,,,,,,,,,,
val,paired FM,bench_paired_bkg_s1__euler4__sig,1,0.2,0.779540726387343,0.0015892966451819164,0.14061458684273648,0.0011238742229456797,-3.743690255925912,0.026794777969548746,4.431185913733107,0.03541437365893609,0.994410569105691,0.0008402801776820787,0.0008076612437983154,0.00030514395521479443,0.8161732638482935,0.0009273577525501803,0.09773840387839035,0.0006557704740148713,-4.470685227698521,0.02224542151661463,5.048159834653123,0.033868827622533584,0.9998199819981998,0.00012728049187167047,0.0,0.0,0.848475722322213,0.0011442486855402641,0.06981792547322355,0.0008092146899799783,-5.193043438311416,0.03855465732316194,5.701034703793088,0.06606815344011405,1.0,0.0,0.0,0.0,0.011155864138954573,6.477434070917508e-05,-2.4330543379640766,0.9190100353107695,0.9976221933671573,0.0014105851919620329,0.10522814261760004,0.0009975239835006754,-0.060622861140024846,0.03386057136349836,0.9999686069981539,0.0017461723612495522,0.07563164158538332,0.001235059535288334,0.007282480665049901,0.05872371473485163,,,,,,,,,,,,,,,,,,,,,,,,,,,,,,,,,,,,,,,,,,,,,,,,,,,,,,,,,,,,,,,,,,,,,,,,,,,,,,,,,,,,,,,,,,,,,,,,,,,,,
val,paired FM,bench_paired_bkg_s1__euler4__sig,1,0.4,0.8036635516581311,0.003266375451832696,0.2003436116385177,0.0023099832676172767,-3.3878905506082893,0.05593107786021202,4.8214533414020835,0.055584483551720604,0.9665981500513875,0.0028801945506679847,0.004975831674722775,0.000838973943611531,0.8256279021545393,0.0011274923498018564,0.13328752758263776,0.0007972860122298802,-4.4316002204466685,0.02841260577672531,5.560644292527425,0.03326091623999664,0.9994993563152624,0.00018917815325479763,0.0001378169790518192,9.744460499550729e-05,0.8370653310437797,0.0009612087191783341,0.09931663217547132,0.000679709037718941,-5.691858413749155,0.03340904879751227,6.656832944261368,0.0455562930437101,0.9999063407324155,9.365488145262552e-05,0.0,0.0,0.02939647502179604,0.00013239237951868704,-1.1076812054524618,0.8701145133733256,0.9996933915991012,0.0018479549935377364,0.1546551756573958,0.0013067947997657634,-0.014618798610317589,0.046079281829908836,0.9975084367038908,0.0015316224749442383,0.11281103969123392,0.001083120469622924,-0.06828593306886388,0.052964814512152056,13982.0,13975.0,0.2468019464600556,0.0009747757447164019,0.11513913115315934,0.23171364238440756,0.0009584591929228299,0.015088837705131685,-0.015223611972674238,0.001073195988075552,0.12750373601160223,0.00076433177217763,0.1150873275118466,0.004364937388193213,0.25681209316520703,0.0006292934832735559,0.074331255467936,0.25409112618535123,0.0005562312963988524,0.009708834811916511,-0.002760337058138908,0.000537900107946829,0.06350943146680157,0.0003807125800501805,0.07421637659655474,0.004364937388193213,0.1438926693175284,0.00031543679697609167,0.03729898408401423,0.1520737158845641,0.00028398696623243105,0.008183444748866571,0.00822454850199375,0.00015816703923232018,0.020426775319355137,0.00012218247152822193,0.037253354510864,0.0,4.257431070304588,0.007917988058547133,0.9362665148909336,3.749929800589896,0.006317940708012494,0.5076058716826233,-0.5070126447586891,0.008264316674562313,1.1006994912586479,0.006583818647302954,0.9361845818788647,0.0,0.27740267927557066,0.000993361862433755,0.11746057737008929,0.2609232425280569,0.0009627572703277675,0.016479436747513766,-0.016526722587584648,0.00030992807526927644,0.04019336935307407,0.00024041607790888043,0.11745732844752062,0.0,5.277875749137128,0.002813431504379299,2.050399078183814,5.116492626254298,0.0015571278234940698,0.6356122740641894,0.37313176550987476,0.0007695188648364086,0.09099214856045275,0.34050090220873036,0.0007553062927685341,0.03263086330114444,-0.03267807774077757,0.0002824459339079351,0.04671961312263334,0.0002794527139463294,0.090984122531891,0.0,0.0007714136295143184,0.00235826208327121,0.001268685575778252,0.028382738884839172,0.0025506128405569043,0.006663111531351521,0.002062756778244051,,,,,,,,,,,,,,
val,paired FM,bench_paired_bkg_s1__euler4__sig,1,0.5,0.8479590477966938,0.004361769647731142,0.2326095397954831,0.003084779274662108,-2.641234529234716,0.07393786379731045,4.745916238778,0.06292747056412869,0.9527638190954774,0.003882914691983164,0.013708260105448155,0.0015414794271449068,0.848699399296655,0.0012286648510675903,0.14146729926563328,0.0008688300173400374,-3.9071043230842375,0.031275130526288025,5.313434279072366,0.03263154879626809,0.998794545317562,0.0003011819757128307,0.00044125063035804334,0.00016674026266652912,0.8451109421701006,0.0009262087597756185,0.1057623340840532,0.0006549536104912265,-5.471855857909941,0.03273713549926077,6.626866841908852,0.041036574729641985,0.9999233128834356,7.668417605110364e-05,0.0,0.0,0.039239903812188434,0.00017110712364984846,0.1359965570128711,0.8427342497094584,0.9990893406190126,0.002068515135044898,0.16864425154866242,0.0014627711155453227,-0.031843669972552495,0.052141713194023165,0.9970028200112271,0.0015357134480849467,0.12469577111509719,0.0010859957559804913,-0.09783154627477235,0.053721607969008885,,,,,,,,,,,,,,,,,,,,,,,,,,,,,,,,,,,,,,,,,,,,,,,,,,,,,,,,,,,,,,,,,,,,,,,,,,,,,,,,,,,,,,,,,,,,,,,,,,,,,
val,paired FM,bench_paired_bkg_s2__euler4__sig,2,0.2,0.7835824868974889,0.0015921081490147518,0.14083634262006228,0.0011258624109394015,-3.675691008187329,0.026861705441112,4.376853056472061,0.034986846161690226,0.9940294715447154,0.0008682873501409464,0.0005730002292000917,0.000256180065547887,0.8183554815442402,0.0009201437689638449,0.09697808970686982,0.0006506691876742573,-4.419395481241266,0.02209816787499103,4.99553953161122,0.03351579047007699,0.9998199819981998,0.00012728049187167047,0.0,0.0,0.8490445325081832,0.0011309965090530536,0.06900932548789325,0.000799842727378514,-5.176565048912609,0.03822247473263453,5.6776730053942766,0.06579741937960967,1.0,0.0,0.0,0.0,0.011121283880655006,6.457355721046914e-05,-2.3236758818377523,0.9164568196854155,0.9980083907211007,0.0014064973575634906,0.10492319455523691,0.0009946331883354056,-0.05222919185513111,0.033754203004557407,0.9995390643697397,0.0017312274156724657,0.07498433391262277,0.0012244890452559885,-0.009349631863498223,0.058234050784684147,,,,,,,,,,,,,,,,,,,,,,,,,,,,,,,,,,,,,,,,,,,,,,,,,,,,,,,,,,,,,,,,,,,,,,,,,,,,,,,,,,,,,,,,,,,,,,,,,,,,,
val,paired FM,bench_paired_bkg_s2__euler4__sig,2,0.4,0.8087384487346484,0.003295268852344586,0.202303744834338,0.00233041612759603,-3.29400582068821,0.056217586052732124,4.770962790712627,0.05495129896017963,0.9683967112024666,0.002804183160936611,0.004764654923476754,0.0008274416512634521,0.8301775172154787,0.0011202767153912618,0.13242504796621893,0.0007921836097066202,-4.318553573013009,0.028224754829460696,5.457225555385061,0.032644654522858106,0.9993563152624804,0.00021449251305033973,0.00027192386131883074,0.00013594344375598375,0.8384154418976106,0.0009485363229586816,0.09800726024717159,0.0006707478807213055,-5.648459922116495,0.03303334819468605,6.59960400600711,0.045164644597140785,0.9999063407324155,9.365488145262552e-05,0.0,0.0,0.02937027083442455,0.00013227973039686038,-0.9186827432455282,0.8661615872258676,1.0010169580470427,0.0018423670737552776,0.15418752318829473,0.0013028432616932666,0.018274061372901294,0.045895852090099706,0.9975528944147959,0.0015128088764616411,0.11142533163335727,0.0010698160202843167,-0.06934236682795841,0.05233200506088142,13982.0,13973.0,0.2468019464600556,0.0009747757447164019,0.11513913115315934,0.23194115411579416,0.0009601192394451407,0.014860917068525008,-0.015076857674595346,0.0010849809381868662,0.1288073808621124,0.0007725075452762352,0.11507382736731016,0.005152794675445493,0.25681209316520703,0.0006292934832735559,0.074331255467936,0.25483326173069454,0.0005556935577256333,0.009869586307752495,-0.0021191641736301695,0.0005344705943173884,0.06305104329550576,0.00037814142603720657,0.07418915644644651,0.005152794675445493,0.1438926693175284,0.00031543679697609167,0.03729898408401423,0.15225080079596942,0.0002836666485583099,0.008362277560201654,0.00840710097536284,0.00015741148056995868,0.020418314566077837,0.0001221406038991586,0.03725679707695006,0.0,4.257431070304588,0.007917988058547133,0.9362665148909336,3.77402178274351,0.006295003696220306,0.4835794096532834,-0.4828741789519028,0.008216583062370534,1.0846732058021866,0.006488421948891742,0.9362904161179764,0.0,0.27740267927557066,0.000993361862433755,0.11746057737008929,0.260237305989495,0.0009631045474417371,0.017165373286075675,-0.017221945681416502,0.0003069716596359885,0.04016582573947601,0.0002402685195220959,0.11746027979145221,0.0,5.277875749137128,0.002813431504379299,2.050399078183814,5.11485410424097,0.001556032758110045,0.6359773389874741,0.37313176550987476,0.0007695188648364086,0.09099214856045275,0.3399803683291829,0.0007558156049518127,0.033151397180691954,-0.03320818623897179,0.00027993044747712286,0.046879874794331075,0.0002804313842636835,0.09098501050748439,0.0,0.0007714136295143184,0.00235826208327121,0.001268685575778252,0.028382738884839172,0.0025506128405569043,0.006663111531351521,0.002062756778244051,,,,,,,,,,,,,,
val,paired FM,bench_paired_bkg_s2__euler4__sig,2,0.5,0.8530298964584636,0.004388105114216577,0.23442504425125452,0.0031034026239778983,-2.551202377686941,0.07432684033904773,4.719692489329741,0.062470030928132275,0.9561139028475711,0.0037492649253492902,0.016094420600858368,0.0016827934140130022,0.8535609995733279,0.0012266595843122498,0.14123641476369714,0.0008674120261373915,-3.7845104328823735,0.031194914290661166,5.217586276580505,0.032042914665108,0.998794545317562,0.0003011819757128307,0.0005016932145992726,0.00017733083747570685,0.8468286550930358,0.0009148954721354957,0.104466481254467,0.0006469536032080786,-5.415972851092984,0.03241768619692113,6.560067018320825,0.04062447766422233,0.9998466257668711,0.0001084436431176602,0.0,0.0,0.03922933622658943,0.00017106429598122246,0.393707494183319,0.8369866244154343,0.9996317244390119,0.00208072703710748,0.16962711625682428,0.0014714069005847775,-0.016302245846595325,0.0523496618148454,0.9972819745320471,0.0015251016746655674,0.12383412386503352,0.0010784915299080794,-0.09023243233021437,0.05338649312309052,,,,,,,,,,,,,,,,,,,,,,,,,,,,,,,,,,,,,,,,,,,,,,,,,,,,,,,,,,,,,,,,,,,,,,,,,,,,,,,,,,,,,,,,,,,,,,,,,,,,,
val,joint FM: M - B,bench_joint_s0__euler4__sig,0,0.2,0.972305884465794,0.0018979454247792199,0.16792259177319543,0.0013421358095315786,-0.4562421744408703,0.03182632084247346,2.852587103063412,0.022798092323199768,0.994410569105691,0.0008402801776820787,0.006288466684506289,0.0009143784890892232,0.990808943383585,0.0010408028240352781,0.10970476498655421,0.0007359918584447531,-0.2154367779424006,0.024831504897967715,2.626191043254604,0.0176179060011787,1.0,0.0,0.0004692192192192192,0.0002097919775630283,1.001052930591656,0.0012188707247663133,0.07437109301379567,0.0008619875278263855,0.0337699457468577,0.04138027023189616,2.5251005828160618,0.0292628867258458,1.0,0.0,0.0,0.0,0.01110979933626745,6.450252542986986e-05,-0.9030388066005163,1.0277209931115288,1.0000058036174064,0.0014441822679849051,0.10775380601047457,0.0010212828055769913,-0.0017179782395432242,0.034490483311694596,0.9990381957346621,0.0016734756182900086,0.0724829409588275,0.0011836414693693776,-0.04112298235304751,0.05658415863811191,,,,,,,,,,,,,,,,,,,,,,,,,,,,,,,,,,,,,,,,,,,,,,,,,,,,,,,,,,,,,,,,,,,,,,,,,,,,,,,,,,,,,,,,,,,,,,,,,,,,,
val,joint FM: M - B,bench_joint_s0__euler4__sig,0,0.4,0.9040176204962934,0.004262530281336869,0.2504395246490281,0.0030145007296167496,-1.6722723899779435,0.07322367701915887,4.615745560897609,0.05555094730660111,0.8869475847893115,0.005075776426052061,0.031991525423728816,0.0025614510140983308,0.9307990087219128,0.0013009791054896505,0.1535320714270667,0.000919964176347934,-1.7554182292555527,0.03228101070605505,4.194557621949416,0.025132887033160283,0.9960663710484909,0.0005293661727946178,0.0010707402384181597,0.0002763158905928199,0.9343318655364312,0.0010401330791051636,0.10747147042042396,0.0007355196017183043,-2.29237126907616,0.03612382638434525,4.380229172613909,0.029976267311654536,0.9999063407324155,9.365488145262552e-05,0.0,0.0,0.030276403120286968,0.0001364882445023501,-0.7950639138120131,0.9596263976532894,1.0024372835647861,0.001919894411060543,0.16031980537198384,0.0013576677124784659,0.059558151745593695,0.047519497123255254,0.9964771690988352,0.0015163421357282682,0.11168557242891063,0.0010723146421697837,-0.12037353814803077,0.05250540024654746,13982.0,13927.0,0.2468019464600556,0.0009747757447164019,0.11513913115315934,0.24344940289195913,0.000981969515102724,0.003447860149865686,-0.0032344509732432263,0.001132364385447511,0.13329308770412604,0.0008009383765248845,0.11494372683388976,0.005672434838802309,0.25681209316520703,0.0006292934832735559,0.074331255467936,0.2252414466547868,0.0005781931514449676,0.031570646510420214,-0.03133593377127936,0.0005678803619772339,0.07380891565759909,0.0004435068171808103,0.07411624773342029,0.005672434838802309,0.1438926693175284,0.00031543679697609167,0.03729898408401423,0.13282092777614354,0.0002743496430298321,0.011119439189426495,-0.010790826301715207,0.00017450088651541152,0.02324923381454283,0.00013930440817186171,0.03706131588615416,0.0,4.257431070304588,0.007917988058547133,0.9362665148909336,3.712609535510267,0.006670821952050932,0.5452096663968643,-0.5414908827968462,0.008536923515697814,1.143765311646191,0.006853195726678646,0.9355637846552166,0.0,0.27740267927557066,0.000993361862433755,0.11746057737008929,0.2959833674618844,0.0009937710945334866,0.018788182836870213,0.01816275483774011,0.00036517145777395033,0.04676594711094354,0.00028021149586493076,0.11745548496013923,0.0,5.277875749137128,0.002813431504379299,2.050399078183814,5.5122889651451334,0.0018264937964702378,0.5750850960803782,0.37313176550987476,0.0007695188648364086,0.09099214856045275,0.3810447656818578,0.0007675430176437595,0.008558781666564324,0.0075344362078863325,0.00032406538707087227,0.03897895122950486,0.00023355349150428807,0.09094609143054927,0.0,0.0007714136295143184,0.00235826208327121,0.001268685575778252,0.028382738884839172,0.0025506128405569043,0.006663111531351521,0.002062756778244051,,,,,,,,,,,,,,
val,joint FM: M - B,bench_joint_s0__euler4__sig,0,0.5,0.887772698932896,0.00547245602589528,0.27037477446320285,0.003870403637452944,-1.9901225965054912,0.09442314590851526,5.071872046765502,0.0725887639228091,0.8177554438860971,0.007065889417467736,0.04260469619946744,0.0031422937771394123,0.9052885579591547,0.0014937811176183524,0.17125794979366532,0.0010563029405845248,-2.429726557294969,0.03744255178744106,4.932619190084441,0.03042277427441883,0.9902810216228434,0.0008515398736656296,0.0019116397621070519,0.00036754343394674845,0.9115540624018664,0.0010312053397520638,0.11773818295620836,0.0007292002577828003,-3.1241465474919057,0.03618100377550425,5.179311096668802,0.032076341171280005,0.9996932515337423,0.00015335070766920802,0.0,0.0,0.04006426436539065,0.00017508839190464296,-0.797043394174575,0.9355099248947707,1.0007769175882033,0.0022610162376494446,0.18351876439348758,0.0015989012681395518,0.022622930896870935,0.0566228313890185,0.9975767625797041,0.0015424990143616446,0.12522774234385964,0.0010907942649360173,-0.09511871369583061,0.05401676784455045,,,,,,,,,,,,,,,,,,,,,,,,,,,,,,,,,,,,,,,,,,,,,,,,,,,,,,,,,,,,,,,,,,,,,,,,,,,,,,,,,,,,,,,,,,,,,,,,,,,,,
val,joint FM: M - B,bench_joint_s1__euler4__sig,1,0.2,0.9832631379297105,0.0018700967147362922,0.1653635068809717,0.0013224426371386412,-0.27550944207509087,0.03134226473751219,2.785103736941646,0.022271566850036426,0.9932672764227642,0.0009216922021789354,0.006530825496342737,0.0009205773294363631,0.9879316351364247,0.0010128646785815694,0.10675036333834358,0.0007162357230096214,-0.29531727723434575,0.02419547232025112,2.567112665653756,0.017223126685453703,0.9998199819981998,0.00012728049187167047,0.0003661662394727206,0.00018304959723864522,0.9898165433775312,0.0011786678687324985,0.07191805982105547,0.0008335559970823912,-0.35971554925312105,0.04011298218214625,2.473841832757541,0.028668859301006305,1.0,0.0,0.0,0.0,0.011084410390625672,6.43594585107587e-05,-0.16398934413568644,0.9945862594713047,0.9995664514948308,0.0014406735466136868,0.10747270160804943,0.0010188015749287773,-0.011464393695026394,0.03443426464899822,0.9996605172329773,0.0016505575388739318,0.07149029440990279,0.001167431619104043,-0.01975858010393729,0.05594962620411426,,,,,,,,,,,,,,,,,,,,,,,,,,,,,,,,,,,,,,,,,,,,,,,,,,,,,,,,,,,,,,,,,,,,,,,,,,,,,,,,,,,,,,,,,,,,,,,,,,,,,
val,joint FM: M - B,bench_joint_s1__euler4__sig,1,0.4,0.8792891558832713,0.004321974731615902,0.2523455927189855,0.003056545979089015,-2.0951057548671987,0.07423741931614795,4.814263175686546,0.058304399831523974,0.8758992805755396,0.005284791022528369,0.026201774293377347,0.0022943693385545512,0.9075130961868215,0.0012936888135741639,0.15264979817106453,0.00091480898585129,-2.3484238550207683,0.032074923087486454,4.454108959665531,0.026691896210246997,0.9957802889429266,0.0005481992924909051,0.0008298181315261738,0.00023944844960081552,0.9120794155116515,0.0010177839533340076,0.10515732772952797,0.0007197156463095574,-3.0714264391536963,0.03531810947283162,4.769625028949091,0.03264264169750858,0.9998126814648309,0.00013244180031500607,0.0,0.0,0.030460480969473173,0.00013733203645427582,-0.8006515696831,0.937096704649841,1.0021371284990235,0.0019619919365860003,0.1638233895649244,0.001387437307228882,0.052360952871493095,0.048488999445124734,0.9970448391401802,0.001517680232650652,0.11177382626200993,0.0010732609250353022,-0.09735754171101699,0.052472767674843435,13982.0,13923.0,0.2468019464600556,0.0009747757447164019,0.11513913115315934,0.24767991182342378,0.0009947238789404845,0.0022006793781469396,0.0008773196168893583,0.0011625263926819719,0.1367220474340116,0.0008220472198386331,0.11491682981139474,0.006607771313653643,0.25681209316520703,0.0006292934832735559,0.074331255467936,0.21638429773314793,0.0005895534309476938,0.04043136224588123,-0.04025474932486253,0.0005839009816420514,0.07959893788272533,0.00047859205458566543,0.07411195841649933,0.006607771313653643,0.1438926693175284,0.00031543679697609167,0.03729898408401423,0.12770840386361973,0.0002764360499728745,0.016190698430509076,-0.01589849654628642,0.0001790480779736742,0.026440663930805727,0.0001584495268890064,0.03705647555351037,0.0,4.257431070304588,0.007917988058547133,0.9362665148909336,3.483711203599804,0.0064909746593522595,0.7742311801383137,-0.7703821892646646,0.008442484229831085,1.2593085644716733,0.007546589857576619,0.9350410552033014,0.0,0.27740267927557066,0.000993361862433755,0.11746057737008929,0.30686282311402907,0.001040608600475416,0.02949854393534691,0.02900257250081636,0.0003845559823367925,0.05385284065864955,0.00032272098561225666,0.117454023068657,0.0,5.277875749137128,0.002813431504379299,2.050399078183814,5.629662588086413,0.0019114427447019659,0.5918632616384174,0.37313176550987476,0.0007695188648364086,0.09099214856045275,0.3923884343701834,0.0008071679001503286,0.019350842129318337,0.018845746493318327,0.00033956535339053743,0.044278081638273334,0.00026534284863259926,0.09093236855490813,0.0,0.0007714136295143184,0.00235826208327121,0.001268685575778252,0.028382738884839172,0.0025506128405569043,0.006663111531351521,0.002062756778244051,,,,,,,,,,,,,,
val,joint FM: M - B,bench_joint_s1__euler4__sig,1,0.5,0.8604613501221642,0.005601711400049335,0.2744838586024174,0.0039618332413078215,-2.4684220311925325,0.09696110452417249,5.35406412710767,0.07726316430990748,0.804355108877722,0.007260825515682723,0.03103529969201611,0.0026691579454305924,0.8832369406334099,0.0014800433718921314,0.16960547963252187,0.0010465885542612539,-3.0009887932135917,0.03711491674327295,5.205332608978621,0.03211944632532625,0.9893769306110148,0.0008898593166259312,0.0015643066040944024,0.00032592525197198936,0.8900676335659117,0.0010134164138498637,0.11570712693687933,0.0007166211051606055,-3.879801699203634,0.03552498465873337,5.612897029471114,0.03476161148002431,0.9996932515337423,0.00015335070766920802,0.0,0.0,0.040298207793957666,0.00017615114421345012,-0.816410557972146,0.9142787257136862,0.9999843567573945,0.0022938079067122735,0.18609554836233932,0.0016220903519480593,-0.0011834064232975206,0.05753886698765416,0.9985436076009392,0.0015386440778975203,0.12490530290495933,0.0010880682189389971,-0.05677088515024882,0.05380789368660445,,,,,,,,,,,,,,,,,,,,,,,,,,,,,,,,,,,,,,,,,,,,,,,,,,,,,,,,,,,,,,,,,,,,,,,,,,,,,,,,,,,,,,,,,,,,,,,,,,,,,
val,joint FM: M - B,bench_joint_s2__euler4__sig,2,0.2,0.9655999427495597,0.0018707169075085916,0.16545007837156567,0.0013228811752508582,-0.5692756600315997,0.031358261154469956,2.831212549698706,0.02263594192620309,0.9936483739837398,0.0008953983295711448,0.006515091078314054,0.0009276904559411611,0.9865068992390033,0.0010401101170931647,0.10963175091459534,0.0007355020186231171,-0.3161122784357191,0.024862238187321337,2.639575938429705,0.01770769909739546,1.0,0.0,0.00038131553860819826,0.00019062141545320063,1.002449468368681,0.0012141854186510062,0.07408521254278312,0.0008586740710722104,0.09013094947456757,0.04118447668016648,2.5145439816497115,0.029140548381685137,1.0,0.0,0.0,0.0,0.01123402182481027,6.522375035785195e-05,-1.2684866776394423,1.0389160462938176,1.0007539925038929,0.0014189310831284547,0.10586975623720521,0.0010034259176439173,0.01632229359643268,0.03391845271660829,1.000009487334663,0.0016395523983393982,0.0710136307866686,0.0011596477347315763,-0.006908507902695812,0.05536729047930487,,,,,,,,,,,,,,,,,,,,,,,,,,,,,,,,,,,,,,,,,,,,,,,,,,,,,,,,,,,,,,,,,,,,,,,,,,,,,,,,,,,,,,,,,,,,,,,,,,,,,
val,joint FM: M - B,bench_joint_s2__euler4__sig,2,0.4,0.875103715528869,0.004064714675079068,0.2378813274724936,0.0028746069916285024,-2.1798893065415177,0.07003592295307598,4.642375131825793,0.056091227653251086,0.8800102774922919,0.005208701634123172,0.027412280701754384,0.0022073130533055057,0.8985950002820227,0.0012888915041274678,0.15205096284827116,0.0009114166680952257,-2.5652710373670957,0.032162514842738,4.580037235473252,0.02745245557122691,0.9953511657845802,0.0005752750584925196,0.0007893792608539648,0.00023791284495937366,0.9172886439562751,0.001099538129833002,0.11360948129650647,0.0007775272833593742,-2.866843909902134,0.03806510659303958,4.867012346906127,0.033307586742754414,0.9999063407324155,9.365488145262552e-05,0.0,0.0,0.030351129013713,0.0001368529293782556,-1.6684025029877738,0.9662913104650227,0.9979319171109594,0.0018975243991010329,0.1584404466940844,0.0013418486047760778,-0.053363551940934485,0.04727934232402147,0.998850564754719,0.0015759550229669382,0.11607633575238267,0.0011144712045588784,-0.026179672341255126,0.0546034246658146,13982.0,13917.0,0.2468019464600556,0.0009747757447164019,0.11513913115315934,0.2449816799108865,0.000986341935787639,0.0019236058803116692,-0.0017553632939214705,0.0011550549734030665,0.1358666255997221,0.0008168153786041669,0.11495151826351933,0.005963929007688384,0.25681209316520703,0.0006292934832735559,0.074331255467936,0.21765110511201236,0.0005888422087226314,0.03916918432210033,-0.03892738119913926,0.0005786743174908655,0.07840822092639434,0.0004713816978891905,0.07412913215828705,0.005963929007688384,0.1438926693175284,0.00031543679697609167,0.03729898408401423,0.12794710680121693,0.0002773539526678358,0.015971676240285428,-0.015641812038266926,0.0001784926592670883,0.026230835792451845,0.0001572259824900802,0.03705777690733502,0.0,4.257431070304588,0.007917988058547133,0.9362665148909336,3.4479850281840925,0.006271114546596053,0.8098517997924414,-0.8059075377342183,0.008433811278607034,1.2803873068756804,0.007674561111365176,0.9355356359875683,0.0,0.27740267927557066,0.000993361862433755,0.11746057737008929,0.30597399321027763,0.001026322874346744,0.028676841634082316,0.02811210332276115,0.00038722177309284943,0.05363781405688282,0.00032150168909754603,0.11745744485379055,0.0,5.277875749137128,0.002813431504379299,2.050399078183814,5.69559809534078,0.002030962106087648,0.5362312161909115,0.37313176550987476,0.0007695188648364086,0.09099214856045275,0.39123257745125145,0.0007937969158448354,0.01831918137604582,0.0176915887763461,0.00034100610676171203,0.043946933370052205,0.00026341515883076996,0.09095335346124789,0.0,0.0007714136295143184,0.00235826208327121,0.001268685575778252,0.028382738884839172,0.0025506128405569043,0.006663111531351521,0.002062756778244051,,,,,,,,,,,,,,
val,joint FM: M - B,bench_joint_s2__euler4__sig,2,0.5,0.861521918078254,0.005204592749199682,0.2560850037457056,0.0036809631202235475,-2.452993174369327,0.0899591417909613,5.060580437535667,0.07272570496668576,0.8110552763819096,0.0071650700968276335,0.034482758620689655,0.0026219462431013294,0.8696841593352156,0.0014486758515926718,0.16595402312317795,0.0010244075501430736,-3.3429501014979213,0.03651821405100128,5.3549869433123805,0.033054215486619534,0.9886988623521434,0.0009175052381073368,0.0012397548040498658,0.00029203181723353404,0.8887747626909387,0.0010849722984285408,0.12388179305093326,0.0007672206949235786,-3.9039533792986463,0.03801371059129884,5.837796421323945,0.03615306444916997,0.9997699386503067,0.00013281070223428667,0.0,0.0,0.040452296021610115,0.0001768517285627757,-1.634919218725119,0.9360090690616638,0.9971130894472976,0.0021929813958072356,0.17782090898006056,0.0015507899512704115,-0.07729234151184275,0.05527720473581099,0.9992255587423905,0.0016147732902285882,0.13110527219789703,0.0011419037597304213,-0.022492491271183898,0.056641203231845724,,,,,,,,,,,,,,,,,,,,,,,,,,,,,,,,,,,,,,,,,,,,,,,,,,,,,,,,,,,,,,,,,,,,,,,,,,,,,,,,,,,,,,,,,,,,,,,,,,,,,
val,joint FM: direct S,bench_joint_s0__euler4__sigdirect,0,0.2,0.8443688696075144,0.002146461844845204,0.18916893791486894,0.001517875442303027,-2.61904823374246,0.0363352600664266,4.13688338384275,0.03319186291610527,0.9866615853658537,0.001292985557765704,0.002180549498473615,0.0005624012830123457,0.9439080111222661,0.0016636549574682582,0.1753163983015686,0.001176434671865943,-1.2734898022656678,0.04073706140894922,4.477791255648367,0.030046200751692887,0.9995499549954996,0.000201220950068736,0.0003746253746253746,0.00021624954321758892,1.0535753325423394,0.0030946932510833997,0.18882701417709052,0.002188572529210446,1.9748905767715064,0.10998059359514849,6.995183999179496,0.08106579135400316,1.0,0.0,0.0,0.0,0.012025817968158554,6.983262046791895e-05,-7.403277576227042,1.2648095697287902,0.98773914878339,0.001824250315840629,0.13605043113847842,0.0012900557446169497,-0.30142285653561895,0.044929942260158305,1.0012686111595988,0.003352933724201231,0.14522500030115343,0.002371514324222395,0.09152277914191777,0.11837742115939343,,,,,,,,,,,,,,,,,,,,,,,,,,,,,,,,,,,,,,,,,,,,,,,,,,,,,,,,,,,,,,,,,,,,,,,,,,,,,,,,,,,,,,,,,,,,,,,,,,,,,
val,joint FM: direct S,bench_joint_s0__euler4__sigdirect,0,0.4,0.7148337496304923,0.003806393227687739,0.2162955948345423,0.0026919433339851924,-4.982299439564888,0.06694100104103702,6.26839468458098,0.07800228288509858,0.829650565262076,0.006026033467214921,0.0046049791336883,0.0008121764818230745,0.7889918262137378,0.0016047999334966386,0.18908738662587987,0.0011348057864965352,-5.297061313733452,0.040504762308459306,7.12992320798112,0.04278861139525209,0.9929194678872837,0.0007090964521200034,0.0002703433360367667,0.00015606169843619962,0.8829847867141625,0.0018726079667255528,0.19347765212924412,0.0013241958164514466,-3.9498330896955998,0.06629547964781639,7.906881422119921,0.054113582438956656,0.9998126814648309,0.00013244180031500607,0.0,0.0,0.03141987421888651,0.000141772809811952,-7.818074462702571,1.1108402851579682,0.9892067837961157,0.002014700790555472,0.1679588758133391,0.0014247110919517472,-0.29014114592842966,0.051329277075288955,0.9952445795567941,0.0023019693366567494,0.16955062912291255,0.0016278881707243182,-0.11512576511578795,0.0822004991270768,13982.0,13883.0,0.2468019464600556,0.0009747757447164019,0.11513913115315934,0.24584742402221596,0.000992088008762597,0.0013665195159144492,-0.0015652750503816367,0.0011769404742491252,0.13766062899205336,0.0008322763942559561,0.11498040678128116,0.014694230353669901,0.25681209316520703,0.0006292934832735559,0.074331255467936,0.2087067646169474,0.0005886060204817063,0.04810532854825959,-0.04807527559779578,0.0005888116277324304,0.08398648440949848,0.0005077702239367694,0.07391306614291288,0.014694230353669901,0.1438926693175284,0.00031543679697609167,0.03729898408401423,0.12225839950492759,0.00029408598759245554,0.021635592490242207,-0.021193113096118495,0.00018353385528652955,0.030278579889376128,0.00018171000594176958,0.03697493886649968,0.0,4.257431070304588,0.007917988058547133,0.9362665148909336,2.8732605946897842,0.00525796924943702,1.3841704756148039,-1.3795396466187955,0.008855742042543408,1.7297087468058279,0.010380453370268479,0.9358250379666592,0.0,0.27740267927557066,0.000993361862433755,0.11746057737008929,0.33518772682817444,0.001185265020127657,0.05780534026971425,0.05713069296053673,0.0004789642579730303,0.08030423483852933,0.0004819275885121139,0.11745188443721115,0.0,5.277875749137128,0.002813431504379299,2.050399078183814,5.63946837915574,0.0018795858217804582,0.6112492154260027,0.37313176550987476,0.0007695188648364086,0.09099214856045275,0.4138275295676339,0.0009359433300293489,0.04085840129841247,0.04009451913052148,0.0004148808182881927,0.06322338980749617,0.00037942078457945983,0.09092306946305473,0.0,0.0007714136295143184,0.00235826208327121,0.001268685575778252,0.028382738884839172,0.0025506128405569043,0.006663111531351521,0.002062756778244051,,,,,,,,,,,,,,
val,joint FM: direct S,bench_joint_s0__euler4__sigdirect,0,0.5,0.6895822455237107,0.004719949902171855,0.22358816687227243,0.003338252482970493,-5.472630913872878,0.08363611487881277,6.756217023842143,0.10085029372975339,0.7517587939698492,0.007906859597617196,0.004435245416913069,0.0008079635803073174,0.7508499262124043,0.0017121069577243114,0.19553280898876166,0.0012106888522542389,-6.3599698221250245,0.04377787766407757,8.089880048244993,0.05008853588790267,0.9826715889399533,0.001132658591470714,0.0005165289256198347,0.0002108175830680406,0.8412453613244535,0.0017287521570031408,0.19738080273722544,0.0012224592619277496,-5.465050418717366,0.061476883281514044,8.895792716315217,0.05509313436318601,0.9996932515337423,0.00015335070766920802,0.0,0.0,0.0409860763226888,0.00017946339507426032,-7.967118351791509,1.072338732932485,0.990930501575068,0.002234358815057101,0.18059646563852763,0.0015800512028145185,-0.2579685393103544,0.05761352935770521,0.9948451463481978,0.0022069899348735682,0.179174420435021,0.0015606959494414208,-0.14454650522362797,0.07937969361633174,,,,,,,,,,,,,,,,,,,,,,,,,,,,,,,,,,,,,,,,,,,,,,,,,,,,,,,,,,,,,,,,,,,,,,,,,,,,,,,,,,,,,,,,,,,,,,,,,,,,,
val,joint FM: direct S,bench_joint_s1__euler4__sigdirect,1,0.2,0.8756863316361165,0.00216637304933633,0.19093601431711002,0.0015319556837674517,-2.0933291719954097,0.03667097193504612,3.850730336083945,0.030893954320722342,0.9867886178861789,0.001286896589620153,0.0029049661087287315,0.000632994154161504,0.9479421447563449,0.0016038129334730073,0.16901023002621357,0.0011341180655608822,-1.201453607023268,0.03919405561984905,4.301476838790614,0.028863122295848555,0.9995499549954996,0.000201220950068736,0.00035198873636043646,0.00020318502282674352,1.019852485992192,0.0027796032375512992,0.16960135863547698,0.001965740315515765,0.7523574834130815,0.0972083138604261,5.978826601151974,0.06928742830032782,1.0,0.0,0.0,0.0,0.012133213998406008,7.045625756602645e-05,-5.0692204734665305,1.1659878670171209,0.9917793937186873,0.0019116419038442967,0.1425679924196979,0.0013518564849848513,-0.19655752481778874,0.04695349067198777,1.0001129415102445,0.003301786374808238,0.1430096645856316,0.002335338043475782,0.01380108803346014,0.11593611687250097,,,,,,,,,,,,,,,,,,,,,,,,,,,,,,,,,,,,,,,,,,,,,,,,,,,,,,,,,,,,,,,,,,,,,,,,,,,,,,,,,,,,,,,,,,,,,,,,,,,,,
val,joint FM: direct S,bench_joint_s1__euler4__sigdirect,1,0.4,0.7307861952853719,0.00400393649551105,0.2260008468298997,0.002831655072604902,-4.696994520222642,0.0701708167422515,6.144057420383418,0.07696927259754172,0.8186022610483042,0.006176834837203559,0.0056187666807135835,0.0008859056315376186,0.7944810714075365,0.0015762059064704278,0.18564467249739183,0.0011145860596852375,-5.173122677828349,0.039738547193082376,6.9761878292568555,0.041882599341895865,0.9921327420969819,0.0007471571140788862,0.0004317789291882556,0.00019305571518656806,0.8651715589870302,0.0017144374336940423,0.1771271928637294,0.0012123471263438853,-4.623475580602516,0.06016948808596303,7.747278681418097,0.05302376737528484,0.9997190221972464,0.00016219981797870118,0.0,0.0,0.03161880380380737,0.0001427052901782406,-5.848329722431052,1.0348711448582797,0.9919099157936077,0.0021244414976258337,0.17701837868499218,0.001502315182297712,-0.21490930562664867,0.0538264371543016,0.9969723651660899,0.0022759219557010276,0.16761666903846215,0.0016094682205998684,-0.06991242505785333,0.08060154987615761,13982.0,13872.0,0.2468019464600556,0.0009747757447164019,0.11513913115315934,0.24817104472707444,0.0009987614710713205,0.0024822347629455095,0.00097601041656006,0.0012068674656652266,0.1410210768687459,0.0008534046085016981,0.1149257239244205,0.01578719723183386,0.25681209316520703,0.0006292934832735559,0.074331255467936,0.20253454242537916,0.0005950421411526076,0.054281407956963255,-0.054189114591803623,0.0006051250208047876,0.08908347230878778,0.0005390984631354913,0.07390877206034664,0.01578719723183386,0.1438926693175284,0.00031543679697609167,0.03729898408401423,0.11870675247620997,0.0002938703424841654,0.025186710680016235,-0.024697158359153797,0.0001871519118020471,0.033103293748775346,0.00019874063355383264,0.036937554869399265,0.0,4.257431070304588,0.007917988058547133,0.9362665148909336,2.8168637793011646,0.00516418221549926,1.4405672910034237,-1.435027222659815,0.00866209632189226,1.7607230965165441,0.010570767560781154,0.9353188224174572,0.0,0.27740267927557066,0.000993361862433755,0.11746057737008929,0.34452064733168136,0.0012201671772377964,0.06712871592112334,0.06632931971127312,0.0005013749838294746,0.0888069741359083,0.0005331661084154862,0.11746082559424934,0.0,5.277875749137128,0.002813431504379299,2.050399078183814,5.715935300847524,0.0019212801798330046,0.6497032765631368,0.37313176550987476,0.0007695188648364086,0.09099214856045275,0.42280721665114873,0.0009647370106699392,0.049813904405873626,0.04897837769911183,0.00043560968657009976,0.07093076854392845,0.0004258436029315697,0.09092152383015388,0.0,0.0007714136295143184,0.00235826208327121,0.001268685575778252,0.028382738884839172,0.0025506128405569043,0.006663111531351521,0.002062756778244051,,,,,,,,,,,,,,
val,joint FM: direct S,bench_joint_s1__euler4__sigdirect,1,0.5,0.7083328743419243,0.004979331261818243,0.23312631270258974,0.0035217223052150513,-5.151609986577815,0.08851133437711381,6.611488129943249,0.09985365122722331,0.7343383584589614,0.008084261728199838,0.0055224531318122366,0.0008933830975518317,0.7595906025734721,0.0017001046173231195,0.19409507031890003,0.0012022016224282142,-6.146984142638493,0.04338720152098435,7.894381397566223,0.0488949772361102,0.9819935206810819,0.001154208231391349,0.0004120992334954257,0.00018425840180272588,0.8287459711276276,0.0015900155383127758,0.18154050714874517,0.001124353895117632,-5.949350448262501,0.05621232839284504,8.751357649576855,0.054198623801583315,0.9996932515337423,0.00015335070766920802,0.0,0.0,0.04124087076143465,0.0001806102164098214,-5.9932287359651815,1.00171346415263,0.9912226435303604,0.002388115041619125,0.19306843036167542,0.001688781535878331,-0.2424827872846668,0.06122873839428933,0.9974069539272011,0.0021765005248981246,0.17668573339370428,0.0015391350629196162,-0.0650565751280122,0.0778286017812604,,,,,,,,,,,,,,,,,,,,,,,,,,,,,,,,,,,,,,,,,,,,,,,,,,,,,,,,,,,,,,,,,,,,,,,,,,,,,,,,,,,,,,,,,,,,,,,,,,,,,
val,joint FM: direct S,bench_joint_s2__euler4__sigdirect,2,0.2,0.8275479695061437,0.0021649388254288897,0.1908955602319741,0.0015309413803025807,-2.908627781549904,0.036677833244202124,4.34965963115906,0.03488109237033114,0.9876778455284553,0.001243393056632955,0.002638156067758956,0.0006044356315623528,0.9186202587713421,0.001758892111990856,0.18534416912832477,0.0012437805469936952,-1.8989155111375133,0.04322504356399828,4.934839660750801,0.03311450915743839,0.9994599459945994,0.0002204165819157515,0.0001288161793121216,0.00012880788224088746,1.0259414409454926,0.0033825179014993385,0.20638903565549713,0.0023921226299867984,1.0337139741899941,0.12002174379695224,7.395890403331817,0.08570949790368577,1.0,0.0,0.0,0.0,0.01218515186277639,7.0760241185383e-05,-7.34568603198384,1.2371847605712432,0.9893762299185119,0.001977680533186996,0.14749307529667594,0.0013985570459826558,-0.26565690383740526,0.048885901002710515,0.9987937511541212,0.0038069237522649624,0.1648885866960747,0.0026926193454269985,-0.0006413459117531901,0.1336673131143287,,,,,,,,,,,,,,,,,,,,,,,,,,,,,,,,,,,,,,,,,,,,,,,,,,,,,,,,,,,,,,,,,,,,,,,,,,,,,,,,,,,,,,,,,,,,,,,,,,,,,
val,joint FM: direct S,bench_joint_s2__euler4__sigdirect,2,0.4,0.6995574163315967,0.0036793608500910674,0.20820111296800392,0.0026021073645833767,-5.251109005731354,0.06496342102534162,6.409943346896766,0.08009926472585792,0.8227132579650566,0.006121755241664231,0.003040283759817583,0.0006196512126555547,0.7577920396330725,0.0016181653160740825,0.19066217810615957,0.0011442568795400003,-6.092358468573043,0.041018349871245925,7.77657051583615,0.04666931803941657,0.9929194678872837,0.0007090964521200034,0.00028771458712956746,0.0001660881961736336,0.8506993224657038,0.001973181906951453,0.2038784894039585,0.0013953156566920036,-5.071348514870096,0.07001778188793387,8.835018769417536,0.06046279176244583,0.9999063407324155,9.365488145262552e-05,0.0,0.0,0.03167504761512992,0.00014292129380105302,-7.685057223248614,1.075021030653082,0.9886788910364908,0.002107532640867997,0.17572323557889744,0.0014903578149255354,-0.30563694976171396,0.05375638540566845,0.9961184761775409,0.002503966872623847,0.18442867669683924,0.0017707351644179318,-0.0781527396773454,0.08968890335681236,13982.0,13883.0,0.2468019464600556,0.0009747757447164019,0.11513913115315934,0.24347700982187356,0.0009887239025019188,0.0034096137853499436,-0.004048973801469525,0.001201495187428716,0.14039694409050776,0.0008499389216655174,0.11501516058582034,0.017287329827846976,0.25681209316520703,0.0006292934832735559,0.074331255467936,0.20327362189947817,0.0005927250907205488,0.05355133174828241,-0.05361060607336273,0.0006016801330218661,0.08839186648914756,0.0005351091376985879,0.07388083855417171,0.017287329827846976,0.1438926693175284,0.00031543679697609167,0.03729898408401423,0.11890002933347284,0.0002962182444479117,0.024993279486799008,-0.024538439863637677,0.00018801607738552604,0.03305903372167641,0.00019839626679792594,0.03695426924641683,0.0,4.257431070304588,0.007917988058547133,0.9362665148909336,2.6774575683099466,0.004915159189392439,1.5800467710154225,-1.5745529936078615,0.00875900081744809,1.882637036979731,0.011298217697977744,0.935312540360969,0.0,0.27740267927557066,0.000993361862433755,0.11746057737008929,0.34076221559452413,0.0012326508560124257,0.0633688190651585,0.06276598321254898,0.0005229117267933993,0.08795277138345689,0.0005278285398150603,0.1174607089813609,0.0,5.277875749137128,0.002813431504379299,2.050399078183814,5.749575025726484,0.001999137531126851,0.5963831174699579,0.37313176550987476,0.0007695188648364086,0.09099214856045275,0.41935727352758556,0.0009756099732815579,0.046512168909495624,0.045668302111451675,0.0004521782279685413,0.0701725266261184,0.0004211244476051181,0.09093187716721911,0.0,0.0007714136295143184,0.00235826208327121,0.001268685575778252,0.028382738884839172,0.0025506128405569043,0.006663111531351521,0.002062756778244051,,,,,,,,,,,,,,
val,joint FM: direct S,bench_joint_s2__euler4__sigdirect,2,0.5,0.679862785185024,0.004453869809011499,0.21013582433640227,0.0031500691866680245,-5.642473532431794,0.07930708696295845,6.770390566496898,0.10146964592320389,0.7457286432160805,0.007970158620960928,0.0036263598849568587,0.0006721760242641452,0.7211324077285542,0.001699704729042391,0.1940121930340715,0.0012019188655607832,-7.134087737395374,0.0437250108811772,8.70660942967141,0.05393597364687825,0.98161681609282,0.0011659953370151146,0.0002755580049600441,0.0001590715670886648,0.8086182010734374,0.0018055948197151172,0.20616224406260036,0.0012767973102526956,-6.609651079232843,0.06444728387414075,9.891210558458496,0.06125557436262252,0.9997699386503067,0.00013281070223428667,0.0,0.0,0.041270142208799765,0.0001807522749684967,-7.642214689555767,1.0304391736951848,0.9894155658702541,0.0023218491796256637,0.18758184891290375,0.0016419210837783178,-0.3042749067315691,0.05992008742712024,0.9963402235706623,0.0024030769201900046,0.195108536684673,0.0016993608865662586,-0.08376288808293787,0.08680692449523464,,,,,,,,,,,,,,,,,,,,,,,,,,,,,,,,,,,,,,,,,,,,,,,,,,,,,,,,,,,,,,,,,,,,,,,,,,,,,,,,,,,,,,,,,,,,,,,,,,,,,
val,unpaired FM [mid32],bb_uvcgan_otcfm1_s0__midpoint32__sig,0,0.2,0.7069168581648417,0.0014515083761854899,0.12821839901341844,0.0010264371898160843,-4.9856613728042,0.02461033817304414,5.43901209241543,0.04353857624589957,0.991234756097561,0.0010505765936316166,0.00011198208286674133,0.00011197581269775817,0.7432326750924261,0.0008479620202168978,0.08937053060438001,0.0005996266860497869,-6.2596467316063515,0.02067766819997363,6.628165652161735,0.044469313032773475,0.9998199819981998,0.00012728049187167047,0.0,0.0,0.7693285459762478,0.0010490842394979382,0.06401133440133026,0.0007419142257763448,-7.934499504067475,0.037110929802184695,8.25128332900349,0.09562247581053195,1.0,0.0,0.0,0.0,0.011111469486491797,6.451657185250283e-05,-2.1341250927715394,0.8318824208284196,1.0001496003421768,0.0014295952475088301,0.10664627237512604,0.0010109673305907113,0.0006288082094813094,0.034264984288044954,0.9989507774533658,0.001751648632971974,0.07586883433297555,0.0012389328766369322,-0.035301940128034705,0.05932373064500588,,,,,,,,,,,,,,,,,,,,,,,,,,,,,,,,,,,,,,,,,,,,,,,,,,,,,,,,,,,,,,,,,,,,,,,,,,,,,,,,,,,,,,,,,,,,,,,,,,,,,
val,unpaired FM [mid32],bb_uvcgan_otcfm1_s0__midpoint32__sig,0,0.4,0.7204309762812197,0.002841833311571082,0.1733285367249399,0.0020097497514246767,-4.833633702660907,0.04910072681564668,5.686166853173367,0.0659224184399672,0.9558067831449126,0.003294400885443348,0.0016090967603518559,0.00041513259914534415,0.7411014075960495,0.0010111929785538056,0.11951342815698607,0.0007150470067473588,-6.579402621325183,0.025886063245407463,7.255963196017004,0.0434107625516674,0.999070233156916,0.0002577510173551418,0.0,0.0,0.7495072073605994,0.0008668786062929703,0.08956580363155978,0.0006130044538001527,-8.775231467886016,0.0311255904049979,9.345943114569243,0.0639623179102194,0.9998126814648309,0.00013244180031500607,0.0,0.0,0.029071115699038603,0.00013094565780343863,-0.8907200373477845,0.7762659874755666,1.0006210099659607,0.0018466728880944183,0.15451477434250901,0.0013058881895398812,0.014942006694399528,0.04611258916012419,0.9975445502499635,0.0015465125095986288,0.11390775922746392,0.0010936502846337361,-0.07627564722385478,0.05362910130870706,13982.0,13969.0,0.2468019464600556,0.0009747757447164019,0.11513913115315934,0.22956829936476267,0.0009561691812468557,0.017238953194371725,-0.01733641891255064,0.0010810333710115456,0.12864833990729063,0.0007714427323404495,0.11506090445619085,0.004581573484143453,0.25681209316520703,0.0006292934832735559,0.074331255467936,0.2501736672682624,0.000547906144677341,0.010753159817064255,-0.006723062712132394,0.0005364255753335079,0.06361129353062886,0.0003814465862858577,0.07417092427981224,0.004581573484143453,0.1438926693175284,0.00031543679697609167,0.03729898408401423,0.1509060078797836,0.0002767510154970564,0.0070835440575936605,0.0070842450979398145,0.0001558416619769085,0.019734395703542455,0.00011806636043266932,0.037229342379788824,0.0,4.257431070304588,0.007917988058547133,0.9362665148909336,3.3356621468726484,0.005009299507401835,0.9218345215895075,-0.9210474246255552,0.007996994501284988,1.3197244953424405,0.007895608777671027,0.936163994942902,0.0,0.27740267927557066,0.000993361862433755,0.11746057737008929,0.2574013113194109,0.0009418265175091447,0.020001367956159758,-0.020084332788724384,0.0003082037463005172,0.04159674791150644,0.00024886379626335434,0.1174596515188595,0.0,5.277875749137128,0.002813431504379299,2.050399078183814,5.027163402270679,0.0014616980343228577,0.7056518641678229,0.37313176550987476,0.0007695188648364086,0.09099214856045275,0.33544147903903504,0.0007386355155086641,0.037690286470839676,-0.037773843890364596,0.0002774498777586425,0.05002174563262379,0.0002992686240842185,0.09097866983433323,0.0,0.0007714136295143184,0.00235826208327121,0.001268685575778252,0.028382738884839172,0.0025506128405569043,0.006663111531351521,0.002062756778244051,,,,,,,,,,,,,,
val,unpaired FM [mid32],bb_uvcgan_otcfm1_s0__midpoint32__sig,0,0.5,0.7549951525702571,0.0037244518279303212,0.19750132776522974,0.002634053544828571,-4.259187482752456,0.06375613063330954,5.437924225739427,0.07251210214987648,0.9420435510887772,0.004276753372671981,0.004592700024172105,0.000743321496277774,0.7584932951732068,0.0010939811818410398,0.12593619430925393,0.0007735907004171342,-6.224625653191025,0.02833529288685752,7.027506471327348,0.04316637137213303,0.9984178407293001,0.0003449822253903963,6.326311127981274e-05,6.326111013753821e-05,0.7536742098855611,0.0008326783546831526,0.09507859682316282,0.0005888150923058214,-8.713944357032068,0.030556080631129176,9.386483297691115,0.05812760449057959,0.9998466257668711,0.0001084436431176602,0.0,0.0,0.03880049857145884,0.0001692103856446158,0.24143590746715596,0.7478639133205709,0.9997673241027168,0.0020799870414160435,0.16956678958593366,0.001470883605242638,-0.008090828432314954,0.05243992379976943,0.9977090868999643,0.0015524269583528252,0.12604330290439006,0.0010978149014336284,-0.08445793122478223,0.05448291860970626,,,,,,,,,,,,,,,,,,,,,,,,,,,,,,,,,,,,,,,,,,,,,,,,,,,,,,,,,,,,,,,,,,,,,,,,,,,,,,,,,,,,,,,,,,,,,,,,,,,,,
val,unpaired FM [mid32],bb_uvcgan_otcfm1_s1__midpoint32__sig,1,0.2,0.7077948846419931,0.0014633766427180348,0.12926677748565743,0.0010348298593642047,-4.9720035393274165,0.024833962779138873,5.43443924331374,0.043501971190442426,0.991234756097561,0.0010505765936316166,0.00022271714922048998,0.00015746726824019782,0.743237183933123,0.0008522218597200526,0.08981545114587756,0.000602638985486111,-6.261043206899972,0.020801787669815826,6.6337636790246926,0.044508874502486945,0.9997299729972997,0.00015587911264953146,0.0,0.0,0.767967529956987,0.0010420999423971216,0.06358517779688774,0.0007369749185395646,-7.981990338213382,0.036912003899861066,8.293656762014448,0.09611353306932915,1.0,0.0,0.0,0.0,0.011097347669324513,6.443674868987094e-05,-2.0542769624957153,0.8284359465091898,1.0001911964534358,0.0014430430446173898,0.10763979117424019,0.0010204772300750993,0.0008378434373122592,0.034552062410552524,0.9986773188516818,0.0017445885658296633,0.07556304294632579,0.0012339393242033986,-0.0445885904186779,0.058939069982125565,,,,,,,,,,,,,,,,,,,,,,,,,,,,,,,,,,,,,,,,,,,,,,,,,,,,,,,,,,,,,,,,,,,,,,,,,,,,,,,,,,,,,,,,,,,,,,,,,,,,,
val,unpaired FM [mid32],bb_uvcgan_otcfm1_s1__midpoint32__sig,1,0.4,0.7176817584851154,0.002859055132134041,0.17426169706358918,0.0020219294205074223,-4.882401937062261,0.04940850502116642,5.736454309391321,0.06655016428669457,0.9545220966084276,0.0033396949112725954,0.0021635655560363477,0.00048326432883388684,0.740093648327953,0.0010196754668042739,0.12050303611310674,0.0007210452519570012,-6.605039743373276,0.026102677287188052,7.289875223999014,0.04361833444791116,0.9988556715777428,0.00028591837276761915,0.0,0.0,0.7482626695281802,0.0008673816675031949,0.08961777986126777,0.0006133601884556894,-8.820450299348547,0.031168762375722112,9.389942379671096,0.06426344268144485,0.9998126814648309,0.00013244180031500607,0.0,0.0,0.02908325544018538,0.00013100831339509157,-0.9030705901541237,0.7755571071036385,1.0007572637685311,0.0018645816635338218,0.15599095100397936,0.0013185525375063625,0.01765998292489555,0.046571034330439506,0.9971025759732042,0.001548253612329126,0.11403599945144195,0.0010948815436665382,-0.09402747755737881,0.05361181487565975,13982.0,13966.0,0.2468019464600556,0.0009747757447164019,0.11513913115315934,0.23039706529821294,0.0009591479408203122,0.01640521924700872,-0.016432830392658346,0.0010871662911172348,0.12925155344176498,0.000775032047863876,0.11505762592357677,0.004296147787483884,0.25681209316520703,0.0006292934832735559,0.074331255467936,0.24908733429048358,0.0005487037862858511,0.010819669516166799,-0.007742485028740444,0.0005343915893903827,0.06349128503125866,0.00038071326300504615,0.07419819716172416,0.004296147787483884,0.1438926693175284,0.00031543679697609167,0.03729898408401423,0.15059993884243503,0.00027600378479709383,0.006813978538420568,0.006792968775504641,0.00015579602267302547,0.019624799940180536,0.00011742328379587328,0.03721734494462563,0.0,4.257431070304588,0.007917988058547133,0.9362665148909336,3.3250226137878203,0.0050205206429226636,0.9324821519163055,-0.9315725290638069,0.00802741022178516,1.329581456084692,0.007955435017093324,0.9362192070461066,0.0,0.27740267927557066,0.000993361862433755,0.11746057737008929,0.2578369597664093,0.0009419691933638367,0.019565719509161316,-0.019681875422830977,0.00030954986006857094,0.041540509438124554,0.00024855402570453817,0.11745041313511367,0.0,5.277875749137128,0.002813431504379299,2.050399078183814,5.030986480538296,0.0014644710073652104,0.7034452361224115,0.37313176550987476,0.0007695188648364086,0.09099214856045275,0.33585787789667726,0.0007386583663058282,0.037273887613197505,-0.037376117619729116,0.00027850864138247026,0.04980236715977181,0.00029798813289988457,0.09097800103275777,0.0,0.0007714136295143184,0.00235826208327121,0.001268685575778252,0.028382738884839172,0.0025506128405569043,0.006663111531351521,0.002062756778244051,,,,,,,,,,,,,,
val,unpaired FM [mid32],bb_uvcgan_otcfm1_s1__midpoint32__sig,1,0.5,0.7531620408639604,0.003722473047958471,0.19729107154179895,0.002632654587351303,-4.2933004849978635,0.06381332037225085,5.465443249417521,0.07291796195949753,0.9410385259631491,0.004311374019392545,0.003668378576669112,0.0006685216527580296,0.7576239246425498,0.001104145144761837,0.12709665075953056,0.0007807779831513488,-6.245928211631726,0.02858178019022787,7.059446495974047,0.043365835100274044,0.9982671588939953,0.000361009155026936,6.311935870731554e-05,6.311736664915887e-05,0.7525825320016276,0.0008346480930411148,0.09530716431597716,0.0005902079593366478,-8.75382319361137,0.03062723930050795,9.426577577356776,0.05837365748042436,0.9999233128834356,7.668417605110364e-05,0.0,0.0,0.03879297880472008,0.00016918080928754632,0.23615045075747185,0.7470829498098884,1.000187570589885,0.0021005805303435437,0.17123274879772804,0.0014854465133864586,0.003494974221792578,0.0529626049227984,0.9971108427108623,0.001555445593779798,0.1262979678831487,0.0010999495482766515,-0.10682735387370956,0.054481872810421536,,,,,,,,,,,,,,,,,,,,,,,,,,,,,,,,,,,,,,,,,,,,,,,,,,,,,,,,,,,,,,,,,,,,,,,,,,,,,,,,,,,,,,,,,,,,,,,,,,,,,
val,unpaired FM [mid32],bb_uvcgan_otcfm1_s2__midpoint32__sig,2,0.2,0.7094066139422074,0.0014580475115782753,0.1287795238440448,0.0010310613700522547,-4.9442881557628215,0.024737978659104216,5.40554756914444,0.043276243598362754,0.9909806910569106,0.0010655569968692673,0.00011130899376669635,0.00011130279874825456,0.7447197697485749,0.000847480881460471,0.08931580061896313,0.0005992864566862695,-6.2253188925037755,0.0207053539672761,6.596688258167729,0.04426011899446859,0.9997299729972997,0.00015587911264953146,0.0,0.0,0.7696752295757305,0.0010448802884608912,0.06375482448009838,0.000738941184183093,-7.923405704552507,0.03703516234741871,8.23934687090283,0.09548414657973438,1.0,0.0,0.0,0.0,0.011049075281317338,6.41564550713087e-05,-2.0560108437735582,0.8299628087479234,1.000578956344093,0.001431774625774426,0.10679925474281164,0.0010125085385720384,0.009593696812429579,0.03430464791837631,0.9988290647038428,0.001741580603979013,0.07543275964919005,0.001231811806870132,-0.039637859834984704,0.05891519273041814,,,,,,,,,,,,,,,,,,,,,,,,,,,,,,,,,,,,,,,,,,,,,,,,,,,,,,,,,,,,,,,,,,,,,,,,,,,,,,,,,,,,,,,,,,,,,,,,,,,,,
val,unpaired FM [mid32],bb_uvcgan_otcfm1_s2__midpoint32__sig,2,0.4,0.7234775214060966,0.0028540738597737795,0.1742154364187799,0.002018405852676542,-4.782754907472575,0.04939835390544717,5.6539295980969415,0.06549587873706311,0.9573484069886947,0.0032390393333370047,0.0014133507284192215,0.00039171585347664683,0.7437085982512037,0.0010142597845026944,0.11987589555956647,0.0007172156436549886,-6.514710496430449,0.025955842761208794,7.200864448213743,0.04308111938877284,0.999070233156916,0.0002577510173551418,0.0,0.0,0.7505282910290506,0.0008649398388307944,0.08936549038753237,0.0006116334739644882,-8.741825149473248,0.031111751117396277,9.314090279449992,0.06374432159446361,0.9998126814648309,0.00013244180031500607,0.0,0.0,0.02912255493229115,0.0001311773566589243,-0.7684038454329404,0.773781462956464,1.0007840044511644,0.0018582580656024508,0.15546191863474976,0.001314080759057798,0.018556050752530997,0.046393881697099286,0.997560844226102,0.0015461120425474578,0.11387826298727176,0.0010933670855637115,-0.07717706676793676,0.05357572381728448,13982.0,13969.0,0.2468019464600556,0.0009747757447164019,0.11513913115315934,0.229615760513947,0.000953463563248354,0.01718637978395845,-0.017272962149529038,0.001081436211163882,0.12869142054791843,0.0007716733188410221,0.11503612003870033,0.00450998639845368,0.25681209316520703,0.0006292934832735559,0.074331255467936,0.24996906616984607,0.0005479185419449955,0.010725661487140886,-0.006901843459704998,0.0005350608434089675,0.06347271586482997,0.0003806019165747626,0.07419124156387044,0.00450998639845368,0.1438926693175284,0.00031543679697609167,0.03729898408401423,0.15110567593224747,0.00027680157210168197,0.007264732663823189,0.0072859742396707925,0.00015562188011952847,0.019783554568669724,0.00011836046664072186,0.03722423682057841,0.0,4.257431070304588,0.007917988058547133,0.9362665148909336,3.351736140578562,0.00501766218454286,0.905753294425311,-0.9049850473116257,0.00799638867601792,1.3085132680570326,0.007828534577809212,0.9361609743198043,0.0,0.27740267927557066,0.000993361862433755,0.11746057737008929,0.25690352353836604,0.0009404230224026902,0.020499155737204615,-0.02058611309924989,0.0003080556023022,0.04182608951592895,0.000250235894448509,0.11745523393264028,0.0,5.277875749137128,0.002813431504379299,2.050399078183814,5.0283449171361045,0.0014662839545051634,0.7028820122745265,0.37313176550987476,0.0007695188648364086,0.09099214856045275,0.3349481282524894,0.000737874364304027,0.03818363725738541,-0.03826546376562676,0.0002773845230226765,0.050388996223300134,0.000301465800083893,0.09097969215684885,0.0,0.0007714136295143184,0.00235826208327121,0.001268685575778252,0.028382738884839172,0.0025506128405569043,0.006663111531351521,0.002062756778244051,,,,,,,,,,,,,,
val,unpaired FM [mid32],bb_uvcgan_otcfm1_s2__midpoint32__sig,2,0.5,0.7601969802388252,0.0037651359239107554,0.19976521118389978,0.0026628261567965424,-4.172328440220319,0.06451390575987442,5.39670997696933,0.07192417382724565,0.9430485762144054,0.004241770399104955,0.004315127604487733,0.0007278142847739632,0.7632094322570981,0.00109707296248628,0.12629211184656047,0.0007757770019683753,-6.105276433388474,0.028395527563398457,6.9252846330897615,0.042538474998119115,0.9984178407293001,0.0003449822253903963,0.0,0.0,0.7556634910783084,0.0008281803388405193,0.09456862154868285,0.0005856343910986665,-8.64696233091919,0.030458994103879936,9.320241091224458,0.05771517357486886,0.9999233128834356,7.668417605110364e-05,0.0,0.0,0.03882783787276846,0.00016932639300530408,0.43677303815779644,0.7443969603582863,1.0003273355860607,0.0020948417142501205,0.1707777871222976,0.0014813882354628395,0.006890904200287091,0.05277596480276879,0.9974475106087836,0.0015519968862655257,0.12601794217693452,0.0010975107588470296,-0.09492132159531481,0.054394647397177885,,,,,,,,,,,,,,,,,,,,,,,,,,,,,,,,,,,,,,,,,,,,,,,,,,,,,,,,,,,,,,,,,,,,,,,,,,,,,,,,,,,,,,,,,,,,,,,,,,,,,
val,paired FM [mid32],bench_paired_bkg_s0__midpoint32__sig,0,0.2,0.710579927437168,0.0014724081736423244,0.1300979068752327,0.0010412164911940776,-4.923664409631938,0.02501959044901803,5.397174848628245,0.043192605262889094,0.9917428861788617,0.0010199318169066963,0.0003359838727741068,0.00019394778951230057,0.7471666681020951,0.0008645431205835061,0.09112218870742678,0.0006113518198719788,-6.1630197029286125,0.021066171820018572,6.550786503711878,0.04394818706126967,0.9999099909990999,9.000494999879696e-05,0.0,0.0,0.7759763845349121,0.001070658548485431,0.06532772087925214,0.0007571716151703325,-7.699157751577096,0.03730586333762797,8.028600833297697,0.09304185280802164,1.0,0.0,0.0,0.0,0.011212492780073855,6.510094910319882e-05,-2.2800894919433476,0.842776304446378,0.9985475490931757,0.0014388715587352818,0.1073479188614414,0.001017527246153686,-0.04036658126790392,0.03452237669777653,0.9987789990309078,0.001779800540402656,0.077088172709869,0.0012588445889514814,-0.038078674325463614,0.060088077903847466,,,,,,,,,,,,,,,,,,,,,,,,,,,,,,,,,,,,,,,,,,,,,,,,,,,,,,,,,,,,,,,,,,,,,,,,,,,,,,,,,,,,,,,,,,,,,,,,,,,,,
val,paired FM [mid32],bench_paired_bkg_s0__midpoint32__sig,0,0.4,0.7292813451181223,0.002945986899805777,0.1799465132043116,0.0020834065350124635,-4.681686067238178,0.050902571483612005,5.620095484682506,0.0650603015515008,0.9586330935251799,0.0031920252281947194,0.001887001887001887,0.0004572331706797856,0.7516725466802507,0.0010397798552566643,0.12290532162375575,0.0007352616990343039,-6.3115344666352176,0.026531085055885514,7.047718553237093,0.042160355683797085,0.9992847947360892,0.00022608687019642424,0.0,0.0,0.7609722220625877,0.0008863128888976736,0.0915737516035793,0.0006267472105213489,-8.370472389963894,0.03160417077231013,8.984834448674604,0.06149094107805337,0.9998126814648309,0.00013244180031500607,0.0,0.0,0.02950181481443921,0.00013287757760360513,-0.9612906977337503,0.7898059013649981,1.0000000900690658,0.0018762376680130461,0.15701094010118483,0.0013267951120323363,-0.003453990934568842,0.04674514619397662,0.9975217001743428,0.001546576206428152,0.11391245079191997,0.0010936953292456004,-0.07540096681794672,0.05362987407312945,13982.0,13972.0,0.2468019464600556,0.0009747757447164019,0.11513913115315934,0.22987231627882482,0.0009547234017628446,0.016929910714371083,-0.017082642213427125,0.0010788667622101211,0.12836116995341423,0.0007697207111000344,0.11508102221766703,0.004795304895505281,0.25681209316520703,0.0006292934832735559,0.074331255467936,0.2527279390198587,0.0005526000481599414,0.010156667213513123,-0.004185762814111641,0.0005415812203417737,0.06399999370922496,0.000383777435856505,0.07419582479353733,0.004795304895505281,0.1438926693175284,0.00031543679697609167,0.03729898408401423,0.15218133917583201,0.0002811912858592797,0.00830068682982929,0.008349997466077227,0.00015700193627771452,0.020350105173904107,0.00012173693740088452,0.037236850967351146,0.0,4.257431070304588,0.007917988058547133,0.9362665148909336,3.414036892698781,0.005317857934854214,0.8434279472196076,-0.8427484096445693,0.008091101662927806,1.274721460439401,0.007625547155995583,0.9362197802646709,0.0,0.27740267927557066,0.000993361862433755,0.11746057737008929,0.25946215134255285,0.0009622848417069126,0.017940527933017814,-0.018015177376809893,0.00030596264704280666,0.04040432436454427,0.0002417038469265032,0.11745457745574359,0.0,5.277875749137128,0.002813431504379299,2.050399078183814,5.049447050120506,0.001479420583325973,0.6885627779169092,0.37313176550987476,0.0007695188648364086,0.09099214856045275,0.3375366411147994,0.0007568554049246928,0.035595124395075284,-0.035663172824856725,0.0002772725886022519,0.0484358389100817,0.00028974939632829083,0.09098216509873593,0.0,0.0007714136295143184,0.00235826208327121,0.001268685575778252,0.028382738884839172,0.0025506128405569043,0.006663111531351521,0.002062756778244051,,,,,,,,,,,,,,
val,paired FM [mid32],bench_paired_bkg_s0__midpoint32__sig,0,0.5,0.7707897576692964,0.003860379342531981,0.20489124739347364,0.0027301850449551984,-3.986860644968025,0.06602324588764728,5.307970908781161,0.07071639494562004,0.9437185929648241,0.004218242676219922,0.00491273432449903,0.000794990729900535,0.7741995897114314,0.001122841621065828,0.12924389939631198,0.0007939988895032903,-5.823015858098881,0.028994918639666106,6.711633057242141,0.0412307900386784,0.9981918179763429,0.000368759764805912,0.0,0.0,0.7691335680593475,0.0008519538453442125,0.09727955064263483,0.0006024454451893796,-8.165087993197321,0.030990391737391182,8.898899608579534,0.05510814864776067,0.9998466257668711,0.0001084436431176602,0.0,0.0,0.03924869091811929,0.00017117473558123572,0.23519917850691882,0.7637041842147734,0.9997570291482598,0.0020920170287091434,0.17048334400956708,0.00147939081468747,-0.012986805435370933,0.05274634891913345,0.9974076313500859,0.0015501411249493114,0.12585771350160505,0.0010961984505216738,-0.09135473867219061,0.05437959402642352,,,,,,,,,,,,,,,,,,,,,,,,,,,,,,,,,,,,,,,,,,,,,,,,,,,,,,,,,,,,,,,,,,,,,,,,,,,,,,,,,,,,,,,,,,,,,,,,,,,,,
val,paired FM [mid32],bench_paired_bkg_s1__midpoint32__sig,1,0.2,0.7076126633422509,0.0014870738391844968,0.1314189673939414,0.0010515873210995917,-4.973671877467756,0.025236911427294687,5.450836101840949,0.043613667559881455,0.9921239837398373,0.0009963082660910426,0.00022504782266231574,0.00015911493423849068,0.7449927482474535,0.0008698907228608008,0.09167344115447176,0.0006151333233882361,-6.21538489593873,0.02119317208518982,6.60448902910603,0.0443144527737229,0.9996399639963996,0.00017998559240180526,0.0,0.0,0.7738664155558493,0.001087773215045767,0.06637199607004636,0.0007692751375686945,-7.770655030085765,0.03780879543774408,8.105869895203128,0.09393730854603798,1.0,0.0,0.0,0.0,0.011184435025930854,6.494461109483413e-05,-2.3179337868706487,0.8419176641811567,0.9988891215278708,0.001439754559662574,0.10739449576525267,0.0010181517110752665,-0.03123520586817018,0.034583577937681895,0.9990890339768275,0.0017925720378250591,0.07764134222336916,0.001267877809280408,-0.028170587167074206,0.06059790367670187,,,,,,,,,,,,,,,,,,,,,,,,,,,,,,,,,,,,,,,,,,,,,,,,,,,,,,,,,,,,,,,,,,,,,,,,,,,,,,,,,,,,,,,,,,,,,,,,,,,,,
val,paired FM [mid32],bench_paired_bkg_s1__midpoint32__sig,1,0.4,0.7281638566569537,0.002943771701987844,0.17954594292363946,0.0020818407688557652,-4.700991175962534,0.050864242741439206,5.632370270322522,0.06529872924179417,0.9558067831449126,0.003294400885443348,0.0019949019173223985,0.00046973365271765874,0.749331675882232,0.0010405155948118522,0.1229746816062387,0.0007357819716222284,-6.37291441354725,0.026625992117413868,7.10750028625472,0.042524065149120716,0.998998712630525,0.0002674712974170859,0.0,0.0,0.7585803398327798,0.0008905365624754336,0.09201014109978244,0.0006297339386465668,-8.453400110830065,0.031717327300208584,9.066361145406608,0.062048898304051615,0.9998126814648309,0.00013244180031500607,0.0,0.0,0.029461272090606307,0.00013270574019399228,-0.9530655182560492,0.7871107955773256,1.0002529848850652,0.0018764757132373453,0.15698600751495292,0.001326963501597946,-5.015899486878516e-05,0.04688531026196988,0.9976293638145979,0.001561238758225419,0.1149924151694579,0.0011040642747581716,-0.06964249954401337,0.054109792589599075,13982.0,13968.0,0.2468019464600556,0.0009747757447164019,0.11513913115315934,0.2302850503047242,0.0009567993059778745,0.016516953273659617,-0.01659253421336589,0.0010828219017752884,0.12875934985227147,0.0007721084060314952,0.11506506296336094,0.0045103092783504994,0.25681209316520703,0.0006292934832735559,0.074331255467936,0.2528334052525988,0.0005512422438230595,0.010323327519276447,-0.004006119506459705,0.0005354155387982435,0.06326288446782913,0.00037935734331877324,0.07420018719227565,0.0045103092783504994,0.1438926693175284,0.00031543679697609167,0.03729898408401423,0.15217464986529863,0.0002823387401760986,0.008287456719420145,0.008362071650696287,0.00015615325223443787,0.02026123624157711,0.0001212226655276807,0.03721714251720524,0.0,4.257431070304588,0.007917988058547133,0.9362665148909336,3.4033882188258144,0.005321370379441334,0.8541024286293499,-0.8532127023295519,0.008065126657831122,1.2792725225440793,0.007653867872133467,0.9361178419365512,0.0,0.27740267927557066,0.000993361862433755,0.11746057737008929,0.25951026043564,0.0009665008824876925,0.017892418839930667,-0.017987547158382577,0.0003046090484616247,0.040244205706211136,0.00024078046519887346,0.11745606050505421,0.0,5.277875749137128,0.002813431504379299,2.050399078183814,5.046924555307899,0.001477456547678288,0.6914347606697583,0.37313176550987476,0.0007695188648364086,0.09099214856045275,0.33753990027402764,0.0007610550855288774,0.03559186523584712,-0.03568039583348717,0.0002766568699046643,0.04839615407646855,0.00028955344720768084,0.09098004476496772,0.0,0.0007714136295143184,0.00235826208327121,0.001268685575778252,0.028382738884839172,0.0025506128405569043,0.006663111531351521,0.002062756778244051,,,,,,,,,,,,,,
val,paired FM [mid32],bench_paired_bkg_s1__midpoint32__sig,1,0.5,0.7706475344789618,0.0038525240523475677,0.2041110726981358,0.002724631253307032,-3.991100353016243,0.06600164080997874,5.3062964480775205,0.07081989931828053,0.9403685092127303,0.004334257449217761,0.005019951087656069,0.0008018153539641766,0.7715926158463737,0.0011283754958556066,0.12988577362562795,0.0007979120753019992,-5.890541132618618,0.02916722068334334,6.7801625671329315,0.04165020756330107,0.9982671588939953,0.000361009155026936,0.00012556504269211453,8.87823186647783e-05,0.7665942419916879,0.0008580522746513889,0.09797965132099029,0.0006067578495039087,-8.253742787263034,0.03116559710737774,8.988268923510686,0.0556594508640405,0.9999233128834356,7.668417605110364e-05,0.0,0.0,0.03933371887201354,0.0001715390412413085,0.27661463850766704,0.7600060239471919,0.9989310061538783,0.00211100291772949,0.17208234918931048,0.0014928168087786017,-0.033800796797456685,0.05325759885242664,0.9971622050235075,0.0015728768936412079,0.12771334220344752,0.0011122762734833108,-0.09705268431388099,0.055122244070837725,,,,,,,,,,,,,,,,,,,,,,,,,,,,,,,,,,,,,,,,,,,,,,,,,,,,,,,,,,,,,,,,,,,,,,,,,,,,,,,,,,,,,,,,,,,,,,,,,,,,,
val,paired FM [mid32],bench_paired_bkg_s2__midpoint32__sig,2,0.2,0.7112588666549212,0.0014699666024802305,0.1298322569263476,0.0010394899802981888,-4.912066762004432,0.024959508753912493,5.38407318430124,0.04310432193867668,0.9909806910569106,0.0010655569968692673,0.00033523298692591353,0.00019351441087838862,0.7463308761925446,0.0008642690641513638,0.09108920329757372,0.0006111580264642915,-6.184399797627126,0.021060309086639115,6.570662494664905,0.044083516110171604,0.9998199819981998,0.00012728049187167047,0.0,0.0,0.7731022986754058,0.0010590042791312742,0.06461661942071804,0.0007489296953136237,-7.802136457110187,0.03722789049930834,8.126075186354539,0.09417146363286905,1.0,0.0,0.0,0.0,0.011265868663521791,6.541306044124735e-05,-2.1763862099167226,0.8370434072477583,0.9995667643190445,0.0014396532063842976,0.1073965853211435,0.0010180800206008671,-0.015472453287381664,0.0345214152261586,0.9987235380430318,0.001772599047469002,0.07677625577398986,0.001253751006717906,-0.043509730235938196,0.05989763102924898,,,,,,,,,,,,,,,,,,,,,,,,,,,,,,,,,,,,,,,,,,,,,,,,,,,,,,,,,,,,,,,,,,,,,,,,,,,,,,,,,,,,,,,,,,,,,,,,,,,,,
val,paired FM [mid32],bench_paired_bkg_s2__midpoint32__sig,2,0.4,0.7324644846721684,0.002947176932410388,0.17987439567437424,0.002084248577952434,-4.626863488083697,0.050955180919191025,5.574905309527906,0.06458911871517532,0.9570914696813977,0.00324834483682949,0.0020049008687903764,0.0004720857113221732,0.7523430490028985,0.0010343208897322024,0.1222425523727963,0.0007314014968462141,-6.297790395511697,0.026442688484260363,7.030562552234455,0.042063747867075625,0.998998712630525,0.0002674712974170859,0.0,0.0,0.7587228225869194,0.0008774597579166723,0.09065904707031175,0.000620486808335814,-8.452976957911195,0.03140132045117396,9.05421601724042,0.061965778758030075,0.9998126814648309,0.00013244180031500607,0.0,0.0,0.0294844505734107,0.00013281014565576837,-0.7340967610389848,0.7808811813737939,1.001167136325752,0.0018799798788123596,0.15730163615652598,0.00132944147073445,0.02522116829201174,0.046851532680643966,0.997832198117745,0.001550573801174058,0.11420689203114658,0.0010965223161626641,-0.06487243022142392,0.05373660186719267,13982.0,13968.0,0.2468019464600556,0.0009747757447164019,0.11513913115315934,0.23071191365723628,0.0009561916361683776,0.016090070693384778,-0.016249541381594464,0.001077862091157025,0.12811277279063293,0.0007683693504485907,0.11506383727209576,0.004868270332187841,0.25681209316520703,0.0006292934832735559,0.074331255467936,0.25241440143000826,0.0005526039266135045,0.010223902812952108,-0.004467000890737451,0.00053416762552928,0.06313565808662913,0.0003786625137951467,0.07416902715165834,0.004868270332187841,0.1438926693175284,0.00031543679697609167,0.03729898408401423,0.15220479404775605,0.00028195503639824875,0.008313524572398728,0.008391321993781274,0.00015628265039178393,0.020287248301679897,0.00012137829528412445,0.037225691409154486,0.0,4.257431070304588,0.007917988058547133,0.9362665148909336,3.4180401145127597,0.005308113992973924,0.8394417778633214,-0.8385302363141344,0.008047105602190949,1.267928818253647,0.007585998663431276,0.9362442107601027,0.0,0.27740267927557066,0.000993361862433755,0.11746057737008929,0.25925254364176825,0.0009666683582260796,0.018150135633802453,-0.01825265555281302,0.00030283645169899723,0.04017665426699066,0.0002403763059745842,0.11745527163345706,0.0,5.277875749137128,0.002813431504379299,2.050399078183814,5.046893433774558,0.0014787108798401739,0.6910532665479039,0.37313176550987476,0.0007695188648364086,0.09099214856045275,0.3373665314120515,0.0007614384477449854,0.03576523409782331,-0.035856486694938725,0.00027496828916110684,0.048391879864306875,0.0002895278746619047,0.0909817660877864,0.0,0.0007714136295143184,0.00235826208327121,0.001268685575778252,0.028382738884839172,0.0025506128405569043,0.006663111531351521,0.002062756778244051,,,,,,,,,,,,,,
val,paired FM [mid32],bench_paired_bkg_s2__midpoint32__sig,2,0.5,0.7749904119230926,0.003877769400955824,0.20552177825065868,0.0027424852431680406,-3.9171400621409305,0.0663942308125302,5.265605652716621,0.07025180120924793,0.9410385259631491,0.004311374019392545,0.004633801003990218,0.0007705087470053095,0.7747214608447622,0.0011235059628292505,0.12933988804595903,0.0007944686587485192,-5.811489159415314,0.02901096427906134,6.7028060392241535,0.04117034965929278,0.9984931816469524,0.0003366808812270269,0.0,0.0,0.7671242678807838,0.000844020289154493,0.09636996902434028,0.0005968353604166782,-8.23989511125541,0.030816529655265424,8.959719265072467,0.05548691400978541,0.9997699386503067,0.00013281070223428667,0.0,0.0,0.03919808624954724,0.00017094427997107616,0.4765830958280978,0.7545359523673444,1.0004323971083846,0.002111235284748998,0.17206243758564654,0.0014929811801863049,0.005093863770702853,0.05318751519598817,0.9978865548803919,0.001555057913395656,0.12625691312392864,0.001099675408709337,-0.07482391134921398,0.05455733925976975,,,,,,,,,,,,,,,,,,,,,,,,,,,,,,,,,,,,,,,,,,,,,,,,,,,,,,,,,,,,,,,,,,,,,,,,,,,,,,,,,,,,,,,,,,,,,,,,,,,,,
val,joint FM: M - B [mid32],bench_joint_s0__midpoint32__sig,0,0.2,1.0031112823015054,0.001908353135477808,0.16869237251050176,0.0013494957969094328,0.055549599590891466,0.0319278806330976,2.8228701339780353,0.0225807934196983,0.9926321138211383,0.0009638802288372395,0.007822518594511413,0.0009976457795636388,0.9927277176776823,0.0010270912450785132,0.10825950992737358,0.0007262958716107864,-0.1888229975628004,0.024463105154639345,2.585413228635556,0.017344346426471768,1.0,0.0,0.0006200177147918512,0.00023427200864027014,0.9853202405201552,0.0011977206205715232,0.0730805899814714,0.0008470301368105065,-0.5214741665675656,0.04075528651247088,2.540829324324646,0.029445163972240673,1.0,0.0,0.0,0.0,0.011350848686897527,6.59020369240256e-05,0.6592703949878199,0.9655968341011583,0.9994441179862232,0.0015135041470302544,0.11292607302449682,0.0010703051794758813,-0.014361188123000683,0.036062546478144074,0.9999872977349784,0.0017543527691593337,0.0759859580851658,0.0012408454995011073,-0.006366949499999376,0.05935985916887085,,,,,,,,,,,,,,,,,,,,,,,,,,,,,,,,,,,,,,,,,,,,,,,,,,,,,,,,,,,,,,,,,,,,,,,,,,,,,,,,,,,,,,,,,,,,,,,,,,,,,
val,joint FM: M - B [mid32],bench_joint_s0__midpoint32__sig,0,0.4,0.8812231234505387,0.004214043877316059,0.2435775686257175,0.0029802250431848875,-2.078317330156055,0.07271776329565943,4.688943052294662,0.05736166153153118,0.8584275436793423,0.0055879793154047985,0.030070754716981132,0.002394245280130123,0.8976185266520093,0.0012716689051066232,0.14996529955699447,0.0008992380372166605,-2.609995773463955,0.03163281962125834,4.552791752034775,0.027298957390657817,0.9946359605206694,0.0006177224884956188,0.0006016847172081829,0.00020050122590748384,0.8932461538779207,0.0010068142422550819,0.10402881057149665,0.0007119585227544736,-3.741812785479905,0.035185473144191036,5.217110116641593,0.0357034943350829,0.9999063407324155,9.365488145262552e-05,0.0,0.0,0.031062650680059867,0.0001400896577810495,-0.07134851615828038,0.8971952774415939,1.0036764666900275,0.002008411078023265,0.16760307773482638,0.001420263068129723,0.0902445338444595,0.049634280579396305,0.9972778172064607,0.001570633764410998,0.11568440058560253,0.001110708159709132,-0.08903008880242422,0.054412074652188835,13982.0,13907.0,0.2468019464600556,0.0009747757447164019,0.11513913115315934,0.2558140282032379,0.0010070246275938124,0.009024998223680348,0.008921749593921812,0.0011828087659970657,0.13912915801222422,0.0008380970441352771,0.11495134690290136,0.009203997986625412,0.25681209316520703,0.0006292934832735559,0.074331255467936,0.2054741331373535,0.0005749818671401171,0.05134958705224095,-0.0511759080223931,0.0005930770476974125,0.08640372862334954,0.0005204855013579063,0.07406439691526667,0.009203997986625412,0.1438926693175284,0.00031543679697609167,0.03729898408401423,0.11942203669144834,0.0002727025326830375,0.024471731857875698,-0.02411666448383367,0.0001893757159857177,0.032868868204569725,0.00019708475183269106,0.037019114289972,0.0,4.257431070304588,0.007917988058547133,0.9362665148909336,3.227965677763296,0.006756118802005532,1.0296815787993991,-1.0255053229521724,0.008329993784404615,1.4200884337282058,0.008514980643686639,0.9353741300113699,0.0,0.27740267927557066,0.000993361862433755,0.11746057737008929,0.33009819161392484,0.001057089634407125,0.05272244278990509,0.052197053408866746,0.00043142883607123213,0.07289069889022715,0.0004370593234997543,0.11744890935603315,0.0,5.277875749137128,0.002813431504379299,2.050399078183814,5.9693742172700155,0.0025357444911569948,0.6931330714430359,0.37313176550987476,0.0007695188648364086,0.09099214856045275,0.41691522187885693,0.000818050389320514,0.04381301628253867,0.043313483414230504,0.00037323097967691094,0.061752100508997355,0.0003702712648399345,0.09092725179696055,0.0,0.0007714136295143184,0.00235826208327121,0.001268685575778252,0.028382738884839172,0.0025506128405569043,0.006663111531351521,0.002062756778244051,,,,,,,,,,,,,,
val,joint FM: M - B [mid32],bench_joint_s0__midpoint32__sig,0,0.5,0.844090012716291,0.005316840986997319,0.2562584982828803,0.003760383784446754,-2.769504555956114,0.09248667652433842,5.247913758585033,0.0769922633342676,0.7782244556113903,0.007603912250115228,0.028160200250312892,0.0023892753081550047,0.8561285001486584,0.0014478685969785809,0.16563388936375784,0.001023836820497076,-3.703161285989729,0.03648067706660227,5.579435810427176,0.03448698566312027,0.9859865893166578,0.0010202882418530854,0.001045068582625735,0.00026113058892652147,0.8600325386765555,0.0010062210499578333,0.1148855940784866,0.0007115330194005267,-4.944446210486199,0.03548580842925473,6.392420109817399,0.03958932848898264,0.9996932515337423,0.00015335070766920802,0.0,0.0,0.04081742235682825,0.0001785743394198194,-0.5519812853424848,0.8766152784581519,1.0013643896755848,0.0023384106822621764,0.1893535179249237,0.001653632152136887,0.03562246206318892,0.05867734774508375,0.9983896162839822,0.0016032080127302392,0.13015640079671603,0.0011337252662746977,-0.060904759130470644,0.056137062810229066,,,,,,,,,,,,,,,,,,,,,,,,,,,,,,,,,,,,,,,,,,,,,,,,,,,,,,,,,,,,,,,,,,,,,,,,,,,,,,,,,,,,,,,,,,,,,,,,,,,,,
val,joint FM: M - B [mid32],bench_joint_s1__midpoint32__sig,1,0.2,1.0068392914933821,0.001842722233639359,0.16285953663895367,0.0013030848033623221,0.11568575535722513,0.030799792384460553,2.724538555156556,0.021798401188223196,0.9922510162601627,0.0009883041255442165,0.00887056471764118,0.0010480627400830257,0.9857281094426718,0.0009660662369185089,0.10181806511841146,0.0006831427379257642,-0.3677352318618935,0.023082414902393388,2.4603959084943043,0.016507148671473564,0.9998199819981998,0.00012728049187167047,0.0006960153123368715,0.00024599292144751855,0.9722618934785228,0.0011436822974203009,0.06978336651410195,0.0008088141393018815,-0.9751112611713707,0.03916877672684786,2.5812095560622237,0.029913122419259187,1.0,0.0,0.0,0.0,0.011345098964967111,6.587309567261856e-05,1.2268270657546867,0.9354653742538513,0.9987037911203946,0.0014645618103376796,0.10925474046423418,0.001035694646063125,-0.03147607801309942,0.03489785587304808,1.0012017973686498,0.0016900788980121993,0.07320207575271004,0.0011953848913780027,0.038078370251714656,0.05745938312523839,,,,,,,,,,,,,,,,,,,,,,,,,,,,,,,,,,,,,,,,,,,,,,,,,,,,,,,,,,,,,,,,,,,,,,,,,,,,,,,,,,,,,,,,,,,,,,,,,,,,,
val,joint FM: M - B [mid32],bench_joint_s1__midpoint32__sig,1,0.4,0.8651316051998973,0.004204194506364041,0.24158576174750424,0.002973264700759397,-2.3518396226036433,0.07241781019163479,4.779953740116611,0.05881934192510606,0.8484069886947585,0.005748510022527425,0.0226628895184136,0.002045252129055256,0.8809883737517403,0.0012399885464627193,0.14618197574357653,0.0008768358557619315,-3.0327196306170863,0.030848276424169273,4.73528771317718,0.028402411815309277,0.9939922757831497,0.000653524464655783,0.0006579813133307014,0.00020800349580035203,0.8782150325881535,0.0009799331983535167,0.10124659182800867,0.0006929498670939868,-4.264786351098119,0.0342063939520597,5.538860778978854,0.037907182791773256,0.9998126814648309,0.00013244180031500607,0.0,0.0,0.031128622559718138,0.00014041574723328555,-0.19075052938395248,0.8857148345236642,1.0036922755492663,0.0019820009072372986,0.16530410388066472,0.001401587032070424,0.08928022439387225,0.04897369297826059,0.9969641189918094,0.0015467955739246328,0.11391810740049015,0.001093850478378733,-0.09614503925563349,0.053541751761403564,13982.0,13898.0,0.2468019464600556,0.0009747757447164019,0.11513913115315934,0.2576765215381923,0.0010119238839303324,0.010909686917564287,0.010634876299049604,0.0012098997337652356,0.14221475641488124,0.0008579304893666528,0.11497626442185642,0.011440495035256903,0.25681209316520703,0.0006292934832735559,0.074331255467936,0.2001155583880653,0.0005778262659469675,0.056697034637671506,-0.05649436161957924,0.0006036942573787567,0.09054693192413915,0.0005462370823861779,0.07403981709008958,0.011440495035256903,0.1438926693175284,0.00031543679697609167,0.03729898408401423,0.11599803917638397,0.0002731602228770161,0.027894817661542202,-0.027509888757381216,0.00019364526773934455,0.03574839841925878,0.00021442007226215361,0.03700588018913693,0.0,4.257431070304588,0.007917988058547133,0.9362665148909336,3.082813000084059,0.006644888907071716,1.17464507287273,-1.1701652022611506,0.008253732505380841,1.5218657451104631,0.00912820091162696,0.9351376372523904,0.0,0.27740267927557066,0.000993361862433755,0.11746057737008929,0.33784193932914125,0.0011016408799065242,0.060442957490650734,0.05983703579653823,0.0004523133248426439,0.08014877265104198,0.0004807349806838052,0.11745716624197673,0.0,5.277875749137128,0.002813431504379299,2.050399078183814,6.045284505329598,0.002650586075443028,0.7700190659653685,0.37313176550987476,0.0007695188648364086,0.09099214856045275,0.4248340396104249,0.0008551106737064275,0.051707315574666256,0.05115846210882893,0.0003923548765088705,0.0689686813953572,0.0004136764247500116,0.0909245057521592,0.0,0.0007714136295143184,0.00235826208327121,0.001268685575778252,0.028382738884839172,0.0025506128405569043,0.006663111531351521,0.002062756778244051,,,,,,,,,,,,,,
val,joint FM: M - B [mid32],bench_joint_s1__midpoint32__sig,1,0.5,0.8280103371747651,0.0054252901375640645,0.25945141939586114,0.0038370984313027927,-3.045271819466259,0.09425681897470362,5.439869865618336,0.08043414141475948,0.7661641541038526,0.007747191484848434,0.022960725075528703,0.002125637404766565,0.842369104980175,0.00142471905691997,0.16294202354289744,0.0010074670189061188,-4.058598938294111,0.03591337501470523,5.774289873796338,0.03570094501583908,0.9854592028930912,0.0010390319085787098,0.0008370895041854475,0.00023206966355166002,0.8471436299844637,0.000984461523729718,0.11240119356063996,0.0006961461206684195,-5.395488141830462,0.03469523455037435,6.693541553618884,0.04145422402915924,0.9996932515337423,0.00015335070766920802,0.0,0.0,0.04101103935031013,0.00017944544882245327,-0.6735164769833712,0.8674234568196867,1.0008392391619307,0.002331042888655847,0.18875690859137684,0.0016484219379986464,0.018803104662584558,0.05859616649991952,0.9985878970787456,0.001572231247322135,0.12763186951705993,0.0011118197363561896,-0.05170408334519978,0.05503690507065243,,,,,,,,,,,,,,,,,,,,,,,,,,,,,,,,,,,,,,,,,,,,,,,,,,,,,,,,,,,,,,,,,,,,,,,,,,,,,,,,,,,,,,,,,,,,,,,,,,,,,
val,joint FM: M - B [mid32],bench_joint_s2__midpoint32__sig,2,0.2,0.9780824831093101,0.0018193773394236128,0.16081690267433094,0.0012865763924979556,-0.3671229057185266,0.03037765728368506,2.7100981049882655,0.021680091088091158,0.992505081300813,0.0009720918227198089,0.006620034973769673,0.0009063168354305401,0.9741046147579774,0.0009759126944234364,0.10285119764168313,0.0006901055510164336,-0.6402999536852927,0.023349704356245036,2.5427577528465024,0.017060494040437375,0.9997299729972997,0.00015587911264953146,0.00018231540565177758,0.00012890470738715078,0.974441803081482,0.0011794820438030004,0.07196773784569539,0.0008341317831292458,-0.8853850638899614,0.040257788553525346,2.611079061590594,0.03025927415784021,1.0,0.0,0.0,0.0,0.011528617711167774,6.694091816637936e-05,0.09506251695093912,0.9707433443750586,0.9998230220066685,0.0014259030653461858,0.1063708395452659,0.0010083563289442468,-0.009758576874524026,0.03405217517403762,1.0003375923586695,0.0017025783190114448,0.07374346087024979,0.00120422567332673,0.01092040953861555,0.057840022783515306,,,,,,,,,,,,,,,,,,,,,,,,,,,,,,,,,,,,,,,,,,,,,,,,,,,,,,,,,,,,,,,,,,,,,,,,,,,,,,,,,,,,,,,,,,,,,,,,,,,,,
val,joint FM: M - B [mid32],bench_joint_s2__midpoint32__sig,2,0.4,0.8364740887096854,0.0038946730762951308,0.22346057996445423,0.0027543681171940744,-2.8587395872431496,0.06732750698186697,4.805726337422683,0.05922623494842607,0.8458376156217883,0.005788236813690844,0.018515510800714632,0.0017180072507162485,0.8518743262179416,0.001245717875593304,0.14687325443553712,0.0008808872421591642,-3.755798791347922,0.031102651383084233,5.24914310783343,0.03148113586267956,0.994206837362323,0.0006418175441671475,0.0004150238638721727,0.00016939761995465606,0.8682154133905758,0.0010570228507932684,0.1092166015337883,0.0007474630331836659,-4.592555969085314,0.0367563084461334,5.959456867316948,0.04078377295961506,0.9999063407324155,9.365488145262552e-05,0.0,0.0,0.03149905789136024,0.00014207515288424037,-1.423455554834627,0.9102480012399327,0.9978170537421958,0.0019396867287725299,0.161833121581488,0.0013716641677679541,-0.05542005483306406,0.048302986579548374,0.998222999340733,0.001615407850337347,0.1189822179441262,0.0011423711378704116,-0.0447720517714237,0.05609411670236312,13982.0,13901.0,0.2468019464600556,0.0009747757447164019,0.11513913115315934,0.25128041786699107,0.001003123293164272,0.004942760898229176,0.00436678168070128,0.00120798679016564,0.1417574823796986,0.0008545812130317162,0.1149757097097704,0.010287029710092765,0.25681209316520703,0.0006292934832735559,0.074331255467936,0.1984481695918299,0.0005750577748236848,0.05837788781835489,-0.05814445029630586,0.0006046528023236332,0.0917102548601873,0.0005528728327436126,0.0740676194385869,0.010287029710092765,0.1438926693175284,0.00031543679697609167,0.03729898408401423,0.11429299301925305,0.0002705179381743963,0.029602204049860983,-0.029225994613055185,0.00019495462232659065,0.03718196208757006,0.00022299456807968926,0.03701689483375901,0.0,4.257431070304588,0.007917988058547133,0.9362665148909336,2.9302802467659994,0.006103214252926331,1.3271508235385894,-1.3227488226719506,0.008276746664177955,1.6437597128786217,0.009858261012070147,0.9355718832680524,0.0,0.27740267927557066,0.000993361862433755,0.11746057737008929,0.34179313793365207,0.001100720282320443,0.06440368895007853,0.06389434329241746,0.00046487885850636664,0.08418233143017788,0.0005048739115219882,0.11748637980361055,0.0,5.277875749137128,0.002813431504379299,2.050399078183814,6.182194011178828,0.0028511879675330843,0.907341451481988,0.37313176550987476,0.0007695188648364086,0.09099214856045275,0.4272726270942639,0.0008512881040268712,0.05415883785749294,0.053678514593324865,0.00039970151397242633,0.07142985905085332,0.00042839241591188137,0.09096685590253314,0.0,0.0007714136295143184,0.00235826208327121,0.001268685575778252,0.028382738884839172,0.0025506128405569043,0.006663111531351521,0.002062756778244051,,,,,,,,,,,,,,
val,joint FM: M - B [mid32],bench_joint_s2__midpoint32__sig,2,0.5,0.8000069379244091,0.004885972406576249,0.2342211031702325,0.0034556561866132623,-3.5367514049963913,0.08540616225473316,5.410241301747081,0.07980436117452402,0.7698492462311558,0.007704365494609642,0.01869631126831733,0.0017579080550120612,0.8101738741706812,0.0013974485577488566,0.15965811548806108,0.0009881832049922893,-4.877641336621216,0.03543118646781642,6.338589451375497,0.0392303747452676,0.9834249981164771,0.0011081865320854544,0.0005360852375527709,0.00018948394318157391,0.8318001206925839,0.0010604559226579948,0.12108716475222987,0.0007498843322566263,-5.913061070088481,0.03725344165111817,7.28413853729134,0.04510842991159534,0.9998466257668711,0.0001084436431176602,0.0,0.0,0.04140201870363207,0.00018124296445348162,-1.8627966466825565,0.8856992575556514,0.9964910182257462,0.0022386835645574455,0.18105677709662954,0.0015831093483760982,-0.09663663969746368,0.05666765835872674,0.9991324399468893,0.0016609581932570832,0.134855076780141,0.0011745638951996906,-0.022465248231413423,0.05834558656557341,,,,,,,,,,,,,,,,,,,,,,,,,,,,,,,,,,,,,,,,,,,,,,,,,,,,,,,,,,,,,,,,,,,,,,,,,,,,,,,,,,,,,,,,,,,,,,,,,,,,,
val,joint FM: direct S [mid32],bench_joint_s0__midpoint32__sigdirect,0,0.2,0.9971152242105016,0.0020384147925658074,0.18014328549175548,0.0014414692092085892,-0.03606347206340779,0.03420480006662405,3.0230371100526527,0.024188167296846808,0.9921239837398373,0.0009963082660910426,0.008078871696563057,0.0010475222964762556,1.0141559650125058,0.0011911351846655635,0.12555039483302008,0.0008422976744260136,0.3598597931934371,0.02863257420454262,3.039366234223166,0.020389708035611832,1.0,0.0,0.0005649717514124294,0.00023058358745461533,1.0313704416872715,0.0016317906065082615,0.0995659740690968,0.0011540051969859645,1.090175384231347,0.056179579432858825,3.5970558439035236,0.04168556231898746,1.0,0.0,0.0,0.0,0.011688300386724668,6.786125204489616e-05,-1.1780576986025064,1.0657009722250617,0.996347697063503,0.0015919063126140064,0.11877584138711532,0.0011257488623168364,-0.09102678264925776,0.03828118400787728,0.997850732802468,0.0021349026903295758,0.09246864666849537,0.0015100066769568087,-0.07361505554701953,0.07319831936636016,,,,,,,,,,,,,,,,,,,,,,,,,,,,,,,,,,,,,,,,,,,,,,,,,,,,,,,,,,,,,,,,,,,,,,,,,,,,,,,,,,,,,,,,,,,,,,,,,,,,,
val,joint FM: direct S [mid32],bench_joint_s0__midpoint32__sigdirect,0,0.4,0.8561693236277413,0.004220286504305528,0.24324378304228547,0.002984642463286496,-2.5107086121976727,0.07305591821038368,4.902420537428569,0.060144476773547964,0.8535457348406988,0.005667323381488609,0.023484848484848483,0.0020840897282861323,0.892658975674732,0.001372150310284838,0.16179159242132282,0.0009702916848844178,-2.714184141404907,0.03427371265623755,4.868107865183363,0.029193820495313216,0.9943498784151051,0.0006338899412814165,0.0005056342097659636,0.00019106344519668713,0.9126164258572628,0.0012093651341862444,0.12495147456756249,0.0008551903440056078,-3.027489932664587,0.04221712570204242,5.309575799159648,0.03633798869424314,0.9998126814648309,0.00013244180031500607,0.0,0.0,0.031266742371801354,0.0001410244346696966,-2.087710961479989,0.9755359090026979,0.9998128858923765,0.0019852693475684883,0.1656361983258843,0.0014038982620410065,-0.010295053857129824,0.04951776551743678,0.9954927668923346,0.0017261134614289838,0.12713619537081264,0.0012206590419962843,-0.1461878247979685,0.060356321369141645,13982.0,13903.0,0.2468019464600556,0.0009747757447164019,0.11513913115315934,0.2521367585624196,0.001000781948153319,0.005450177979340193,0.00489973559871859,0.0011894496639496118,0.13940415460291183,0.0008415879163116096,0.11501490030762546,0.013234553693447504,0.25681209316520703,0.0006292934832735559,0.074331255467936,0.2038763598028425,0.0005831408052720104,0.05294483890686911,-0.05288001183275857,0.0005974643694861112,0.08771248644663124,0.0005295234486619009,0.07403572515939606,0.013234553693447504,0.1438926693175284,0.00031543679697609167,0.03729898408401423,0.11721374038810904,0.0002819626583235266,0.026679643099976134,-0.026308077811898638,0.00019074638432676146,0.03461162024906083,0.00020756430559596285,0.037009661134183955,0.0,4.257431070304588,0.007917988058547133,0.9362665148909336,3.1473335852627176,0.006422431746423192,1.110211443827989,-1.1060442014688003,0.0083990326582019,1.4846223513748444,0.008903212424553478,0.9354719549173648,0.0,0.27740267927557066,0.000993361862433755,0.11746057737008929,0.3458720997373926,0.0011418245616044978,0.06848436011325966,0.06794022724765654,0.00047361608301311494,0.08794593175854247,0.0005274077354395776,0.11744915803090232,0.0,5.277875749137128,0.002813431504379299,2.050399078183814,6.162842026830603,0.0027694778321602845,0.8876247522107161,0.37313176550987476,0.0007695188648364086,0.09099214856045275,0.42837118669944707,0.0008852274998781581,0.05525737502231645,0.05474480783341481,0.00040404119091785596,0.07257168028639015,0.00043520905164748917,0.09092714305340925,0.0,0.0007714136295143184,0.00235826208327121,0.001268685575778252,0.028382738884839172,0.0025506128405569043,0.006663111531351521,0.002062756778244051,,,,,,,,,,,,,,
val,joint FM: direct S [mid32],bench_joint_s0__midpoint32__sigdirect,0,0.5,0.8189948165864903,0.005267712032924546,0.25279529962474967,0.0037256438551764477,-3.205355397254892,0.09199364718836207,5.455657916238778,0.08038687838755217,0.7715242881072026,0.007684624536084717,0.022487562189054726,0.002091530979445374,0.8481742757295337,0.0015426025367289977,0.17641061244700892,0.001090826419828398,-3.89102655196592,0.03899146325646992,5.91802487200661,0.03659241913092411,0.9853085210577864,0.0010443217680149435,0.0009158154279675943,0.00025388516291254324,0.8749571361421052,0.001184895668427807,0.1352858229253489,0.0008378798999150073,-4.383578398880867,0.04169404165345849,6.471279019890711,0.040077714928162506,0.9996932515337423,0.00015335070766920802,0.0,0.0,0.04101806094500272,0.00017948304475541647,-2.5341960757170816,0.9489832458217835,0.9981338275031422,0.0022945973393113358,0.1857348631076384,0.0016226491719836182,-0.054365911654500415,0.058011241579314206,0.996956306369708,0.0017324347467848143,0.140647669838351,0.0012251092989844221,-0.10533080635788436,0.06116204971436443,,,,,,,,,,,,,,,,,,,,,,,,,,,,,,,,,,,,,,,,,,,,,,,,,,,,,,,,,,,,,,,,,,,,,,,,,,,,,,,,,,,,,,,,,,,,,,,,,,,,,
val,joint FM: direct S [mid32],bench_joint_s1__midpoint32__sigdirect,1,0.2,1.0323631428560622,0.002037822490717089,0.18006788079131186,0.0014410503853735388,0.5623590848163867,0.034246394285562046,3.077919968523061,0.024630454340803132,0.991869918699187,0.0010121205927984922,0.00936277249860257,0.0011384773419584934,1.0381539847749846,0.0011476689914371701,0.12095799608654409,0.0008115610577010816,0.9403960440618686,0.027628168467217027,3.059943698158106,0.020529600694526362,0.9998199819981998,0.00012728049187167047,0.000819672131147541,0.0002731120436932211,1.048392871418147,0.00156147869537908,0.09527579499077933,0.0011042804893369137,1.6741676770370995,0.05389718151380266,3.690230765257297,0.0427653478878555,1.0,0.0,0.0,0.0,0.011760515389851135,6.828512980161674e-05,-0.5489073634105296,1.0637307272679792,0.9963705815777125,0.0015243526090716502,0.1137150699305085,0.0010779769244179957,-0.08764499089349138,0.036608664365742,0.9994893369456753,0.0020036115551450126,0.08678205793305616,0.001417145071764244,-0.019069305369327928,0.06901025563337232,,,,,,,,,,,,,,,,,,,,,,,,,,,,,,,,,,,,,,,,,,,,,,,,,,,,,,,,,,,,,,,,,,,,,,,,,,,,,,,,,,,,,,,,,,,,,,,,,,,,,
val,joint FM: direct S [mid32],bench_joint_s1__midpoint32__sigdirect,1,0.4,0.8636350942752978,0.004354013337819973,0.249245872868862,0.003079222215744061,-2.3737877171837143,0.07525520934238873,4.918704576963299,0.06075716774440857,0.841983556012333,0.005846777017694903,0.022539746427852687,0.00210566640377551,0.9018471469085282,0.0013807995292639279,0.16277629497010673,0.000976407841399986,-2.4773584461578353,0.03435079984783969,4.747151935212225,0.02847459824216137,0.9939207552567587,0.0006573793307582446,0.00065478355765733,0.00021818971726684537,0.924097919672233,0.0011985903425463713,0.1238382242633305,0.000847571058887642,-2.620797761005355,0.04177013087958583,5.049130749823572,0.034555539471134995,0.9998126814648309,0.00013244180031500607,0.0,0.0,0.03140866521844767,0.0001416818533707372,-2.233809185136448,0.9908621563472436,0.9997564238463965,0.0019648885175690208,0.1638886645537259,0.001389485861068177,-0.00987522367341546,0.048837510852038364,0.9961870780686224,0.001676534764057622,0.12347311469736429,0.0011855983974856923,-0.11862568620240385,0.05850010389071548,13982.0,13897.0,0.2468019464600556,0.0009747757447164019,0.11513913115315934,0.25506669394939085,0.0010106917653691482,0.008408152598673382,0.0076365159438933254,0.0012112301117217816,0.14186783139325956,0.0008577125358021568,0.1150331764579392,0.01568683888609057,0.25681209316520703,0.0006292934832735559,0.074331255467936,0.1983070597521173,0.000585468836218065,0.058505565812495844,-0.05850612207435238,0.0006094625146718755,0.09221689873614111,0.0005575301270344526,0.07390722868384043,0.01568683888609057,0.1438926693175284,0.00031543679697609167,0.03729898408401423,0.11357395383010849,0.000282612029901654,0.030318715487419913,-0.029925380140787033,0.00019411722044249978,0.03767211324534463,0.00022596670682427578,0.036996934033020304,0.0,4.257431070304588,0.007917988058547133,0.9362665148909336,3.0838979161735574,0.0065251676420937845,1.1735331898971886,-1.1688029037038847,0.008377885526037904,1.5302013876100642,0.00917852858649794,0.9349291295133666,0.0,0.27740267927557066,0.000993361862433755,0.11746057737008929,0.35500496837651274,0.0011789010161529676,0.07760423957625123,0.07699116383839773,0.0004946745749466799,0.09658300056561368,0.0005793288640561166,0.11745688025001721,0.0,5.277875749137128,0.002813431504379299,2.050399078183814,6.379148146733478,0.0029797093419952833,1.1047770633637437,0.37313176550987476,0.0007695188648364086,0.09099214856045275,0.43742826455546135,0.0009180228087068814,0.06429986894925838,0.06374571451423405,0.00042391046951729456,0.08099881614186913,0.0004858510490516477,0.09092413230612949,0.0,0.0007714136295143184,0.00235826208327121,0.001268685575778252,0.028382738884839172,0.0025506128405569043,0.006663111531351521,0.002062756778244051,,,,,,,,,,,,,,
val,joint FM: direct S [mid32],bench_joint_s1__midpoint32__sigdirect,1,0.5,0.8231365244825817,0.005541822906590229,0.26368829658104,0.003919526272751113,-3.1300851635457447,0.09675380843585729,5.566993360755945,0.08273085149728436,0.7584589614740368,0.007834104140423617,0.023630504833512353,0.0022263003694663664,0.8583418062677164,0.0015601804201549254,0.17833210270721214,0.0011032563776024321,-3.6274793066122846,0.03934362201476834,5.777732139048465,0.035742728216833906,0.9843290891283056,0.0010780346818488845,0.0008525149190110827,0.00024599493472178866,0.8867339810817007,0.0011805436912620596,0.13478893461027752,0.0008348024693114276,-3.9612192120871614,0.04140743376600138,6.167857390608412,0.038198573954015484,0.9996932515337423,0.00015335070766920802,0.0,0.0,0.04121821054281134,0.00018040375053047524,-2.7449477987284716,0.966860963661439,0.9983087346815125,0.0022792734476477492,0.18442406982169793,0.001611812811236505,-0.05058359362635754,0.05765469749576436,0.997553180702524,0.001678839597085957,0.13628620901683794,0.0011872089435925061,-0.08172250090614484,0.05918094548888942,,,,,,,,,,,,,,,,,,,,,,,,,,,,,,,,,,,,,,,,,,,,,,,,,,,,,,,,,,,,,,,,,,,,,,,,,,,,,,,,,,,,,,,,,,,,,,,,,,,,,
val,joint FM: direct S [mid32],bench_joint_s2__midpoint32__sigdirect,2,0.2,0.9839708052978754,0.002012703368505392,0.17784828260520755,0.0014232873461940698,-0.25255917796930094,0.03375894794467254,2.9937105217922855,0.023956584664535388,0.991869918699187,0.0010121205927984922,0.006779192030990592,0.0009651677474048438,1.0110816658212998,0.0011691184450950557,0.12321310394886198,0.0008267287979407433,0.29308925594180446,0.028175005068146037,2.983786392467172,0.020019551571375062,0.9997299729972997,0.00015587911264953146,0.0003829583532790809,0.00019144250885355898,1.0362621632532383,0.0015762853401399754,0.09617924302046756,0.0011147517746451195,1.2713694897599281,0.05442980863068132,3.5561433215022666,0.041211435261695566,1.0,0.0,0.0,0.0,0.011988828397535109,6.96131314938771e-05,-1.8678234468800157,1.0904729633113697,0.998930958272881,0.0015174359566195075,0.11319909507495363,0.001073085673080702,-0.029204471071442504,0.03650996770534215,0.9986074104237542,0.0020579399400314905,0.08913517325250063,0.0014555712840213452,-0.04926429258664444,0.07073660263582628,,,,,,,,,,,,,,,,,,,,,,,,,,,,,,,,,,,,,,,,,,,,,,,,,,,,,,,,,,,,,,,,,,,,,,,,,,,,,,,,,,,,,,,,,,,,,,,,,,,,,
val,joint FM: direct S [mid32],bench_joint_s2__midpoint32__sigdirect,2,0.4,0.819945264317841,0.0039892251683343715,0.22829384491927746,0.002821238924593896,-3.141855855831345,0.06921577973317103,5.055809268173963,0.06246978794200966,0.8414696813977389,0.00585448889814572,0.014835805967661276,0.0015608833602491188,0.8588024916587259,0.0013976195053943736,0.16477098220729172,0.0009883017834040931,-3.554781144640117,0.03495910777197542,5.442699877122356,0.032644318892491274,0.9940637963095409,0.0006496461618585482,0.00037965072133637056,0.0001697527315713719,0.901419214828756,0.0012896215554730399,0.13324980008500328,0.0009119428579897778,-3.3892850014468454,0.04484905342280391,5.741198530190598,0.03929011361009924,0.9999063407324155,9.365488145262552e-05,0.0,0.0,0.03174840861212115,0.00014320566557628816,-3.6226892954001007,1.0071642685486868,0.995433815216123,0.0019560451333973062,0.1631744996379386,0.0013832321661090363,-0.1181497933926065,0.049099112210822506,0.9978683688521938,0.0017726846219109265,0.13056637553566464,0.0012535928608956985,-0.05339304551342702,0.06198080591259549,13982.0,13899.0,0.2468019464600556,0.0009747757447164019,0.11513913115315934,0.24817462042192984,0.0009955771045504758,0.0022705981887299748,0.0008945724532082452,0.001205249060881649,0.14105817585994898,0.0008522569227291691,0.11502759616282754,0.014533419670479941,0.25681209316520703,0.0006292934832735559,0.074331255467936,0.19624329534571103,0.0005839324767776495,0.06058120042568577,-0.06050088197181914,0.0006117339162525691,0.09373380355580835,0.0005663286263781589,0.07400739117923637,0.014533419670479941,0.1438926693175284,0.00031543679697609167,0.03729898408401423,0.11231171866952608,0.0002804962805228677,0.03158305531100676,-0.031198287555982546,0.00019446340965243665,0.0387161203680048,0.00023221221234073436,0.03700713810243263,0.0,4.257431070304588,0.007917988058547133,0.9362665148909336,2.900618337707179,0.005879944801521338,1.3568275393803637,-1.3523453025042103,0.008429519652886679,1.6782301100693622,0.010065717405871467,0.9355118494568048,0.0,0.27740267927557066,0.000993361862433755,0.11746057737008929,0.35796015954087856,0.0011789668606939777,0.08056382380265117,0.08006322833295121,0.0005142448252973355,0.10042748465510148,0.0006023456939876765,0.11748416444743809,0.0,5.277875749137128,0.002813431504379299,2.050399078183814,6.511459037999361,0.003176715397245016,1.2373344502312842,0.37313176550987476,0.0007695188648364086,0.09099214856045275,0.43866228848885325,0.0009144771603412996,0.06554442660983889,0.0650665598031598,0.0004338294079309722,0.08276206603115187,0.0004963917424656492,0.09096193998289684,0.0,0.0007714136295143184,0.00235826208327121,0.001268685575778252,0.028382738884839172,0.0025506128405569043,0.006663111531351521,0.002062756778244051,,,,,,,,,,,,,,
val,joint FM: direct S [mid32],bench_joint_s2__midpoint32__sigdirect,2,0.5,0.7837955854420529,0.004926045986466958,0.2352154719796189,0.003484004641367391,-3.8156919006464722,0.08635729165036372,5.618077182894796,0.08319654286129237,0.7638190954773869,0.007774016871094254,0.015643598027546335,0.0016181505282794953,0.8138733594271548,0.0015403681344218355,0.17594618598184264,0.0010892464973516506,-4.764192463640063,0.0391193916364618,6.5317458321943676,0.04043513969087614,0.9829729526105628,0.0011229383378253241,0.0003701236212895107,0.0001654936803918702,0.860130524721967,0.0012710589921870832,0.14512911274666876,0.0008988089047868586,-4.875418433263171,0.04455088142307762,7.045941758215796,0.04363502392091009,0.9997699386503067,0.00013281070223428667,0.0,0.0,0.041526434050452164,0.0001818120005111754,-3.9956909600107764,0.975377838524082,0.9941167980383423,0.0022345375111903014,0.18068001073095047,0.0015801774772311007,-0.16323380945368732,0.056947514638664126,0.9987224326147928,0.0018056214955570824,0.14660045412806777,0.0012768640569567648,-0.032687897050129505,0.06377182482471634,,,,,,,,,,,,,,,,,,,,,,,,,,,,,,,,,,,,,,,,,,,,,,,,,,,,,,,,,,,,,,,,,,,,,,,,,,,,,,,,,,,,,,,,,,,,,,,,,,,,,
val,UVCGAN-S [thr0.5],uvcgan__sig@thr0.5,0,0.2,0.916182215681225,0.0017502729084831344,0.15503506030642844,0.001237708720170398,-1.4092999238187927,0.029323145931533984,2.95507782523648,0.023590099531292277,0.9966971544715447,0.0006466707205501692,0.004662004662004662,0.0007751874704986147,0.9437756985078688,0.0009647911682515349,0.10169283357992713,0.0006822410821095768,-1.3645627502482154,0.023008751239209334,2.7827494961863923,0.018668184546041897,1.0,0.0,0.00019760893192372295,0.00013971680909530897,0.9581966461177244,0.0010988025212808426,0.06704496453439578,0.0007770750824045472,-1.4359158363458362,0.037170424878603774,2.684343833633422,0.03110832497976557,1.0,0.0,0.0,0.0,0.011681646625951383,6.782262089049881e-05,-1.3975010938092898,0.9995828853352697,1.0029157212223403,0.001341255079915469,0.10007416854205943,0.0009484957552634757,0.06480626970022474,0.03206837143772864,0.9987757614948217,0.001526264552575988,0.06610681520711888,0.0010795197718526713,-0.04840926778225424,0.0514979339542975,,,,,,,,,,,,,,,,,,,,,,,,,,,,,,,,,,,,,,,,,,,,,,,,,,,,,,,,,,,,,,,,,,,,,,,,,,,,,,,,,,,,,,,,,,,,,,,,,,,,,
val,UVCGAN-S [thr0.5],uvcgan__sig@thr0.5,0,0.4,0.8200840240025191,0.0036749772460373657,0.22405308855225134,0.002598950958199754,-3.0941257291074256,0.06260176992585445,4.91329508850543,0.05698513348309395,0.9550359712230215,0.0033216667368768317,0.010128755364806867,0.001311956484123859,0.8697992957507189,0.0012302354356264857,0.1453865567556878,0.0008699389644313177,-3.286138241864141,0.03048124075559316,4.875920371720194,0.029174645515867268,0.9988556715777428,0.00028591837276761915,0.0005679801206957757,0.00020075426094903206,0.8908766252289558,0.0009586803938683695,0.09905539364338191,0.000677921158011664,-3.800300660566375,0.03298472954052002,5.10467352434296,0.034934030178406364,0.9999063407324155,9.365488145262552e-05,0.0,0.0,0.030978715471073594,0.0001395437633832144,-2.2331251532612213,0.9569795332749645,1.0019536200493977,0.0018212624601230505,0.15236686530747295,0.0012879190465217019,0.0488795201896795,0.04521443334281414,0.997291065719623,0.0014051682627872085,0.10349710536333123,0.0009936955963934385,-0.09120337860721732,0.04835068634941923,13982.0,13966.0,0.2468019464600556,0.0009747757447164019,0.11513913115315934,0.25157654172231997,0.0009790777963625099,0.00477485189524208,0.004603377304280068,0.0011182777920135914,0.13187594242296238,0.0007912240062104797,0.11508185688195016,0.005441787197479564,0.25681209316520703,0.0006292934832735559,0.074331255467936,0.24332744060652375,0.0006888186305476921,0.01447058981321234,-0.013509384231836239,0.0006302545405815263,0.07549768326778389,0.0004529679812498132,0.07423362521501141,0.005441787197479564,0.1438926693175284,0.00031543679697609167,0.03729898408401423,0.1282993614682816,0.00032117484644916025,0.015593855649328778,-0.015517620863610205,0.00020739997545852522,0.029009318386608463,0.0001735747338071582,0.037239923438356484,0.0,4.257431070304588,0.007917988058547133,0.9362665148909336,3.2881301314411266,0.008778167524034344,0.9695589741010643,-0.9684407017308646,0.009081493807127203,1.4455804057613963,0.008649504644780218,0.9362468920104585,0.0,0.27740267927557066,0.000993361862433755,0.11746057737008929,0.3177116084529652,0.0011048387991788244,0.04030892917739452,0.04017852473338024,0.00045590006930559823,0.06720919095452779,0.0004021403493131332,0.1174507277945879,0.0,5.277875749137128,0.002813431504379299,2.050399078183814,2.705175356059284,0.0020342435489549685,2.5727003930778443,0.37313176550987476,0.0007695188648364086,0.09099214856045275,0.4258548614148543,0.000837940063924583,0.052723095904979506,0.05260244367822465,0.00044126558593298565,0.07407031255998961,0.00044319327377054956,0.09096467514018228,0.0,0.0007714136295143184,0.00235826208327121,0.001268685575778252,0.028382738884839172,0.0025506128405569043,0.006663111531351521,0.002062756778244051,,,,,,,,,,,,,,
val,UVCGAN-S [thr0.5],uvcgan__sig@thr0.5,0,0.5,0.8120100267346517,0.004772397930899731,0.24985679596872362,0.003375210685280037,-3.284217575927593,0.08188846960707079,5.40059881800693,0.07294111561240207,0.9182579564489112,0.005014561104531714,0.012211410036252623,0.0015170777187249235,0.849278955506321,0.001372704967885338,0.1578909098991429,0.0009706856770752366,-3.854547152269095,0.034422449147125125,5.525742209785493,0.033970011990372355,0.9967603405409478,0.0004932425204253179,0.0005468963631391851,0.0001933041831225749,0.870851774202072,0.0009538761717612194,0.10892580940136302,0.0006745181733873828,-4.542861114553303,0.033213940961622904,5.918012344167322,0.036645619944391354,1.0,0.0,0.0,0.0,0.04090461166246356,0.00017845439147692364,-2.1639768909423687,0.9335435077842924,1.0015990408236448,0.0020781393424046867,0.1691993435721258,0.0014695772700125665,0.04287806545432884,0.05223595244314731,0.9979254829859422,0.001433937315880385,0.11644065455593573,0.0010140236926474266,-0.07751458368587173,0.049873906566192706,,,,,,,,,,,,,,,,,,,,,,,,,,,,,,,,,,,,,,,,,,,,,,,,,,,,,,,,,,,,,,,,,,,,,,,,,,,,,,,,,,,,,,,,,,,,,,,,,,,,,
val,unpaired FM [thr0.5],bb_uvcgan_otcfm1_s0__euler4__sig@thr0.5,0,0.2,0.7945914187136398,0.0015953755581952199,0.14112537446699122,0.0011281729657718251,-3.4853820969486504,0.02681027560873005,4.215735639692186,0.03369893674318439,0.9940294715447154,0.0008682873501409464,0.0009309903409752124,0.00032900153601732616,0.8313049647303142,0.0009023269689478474,0.09510029703085522,0.0006380702404397199,-4.102098854805492,0.021590537625070204,4.690972587955007,0.03147240720724831,0.9998199819981998,0.00012728049187167047,0.0,0.0,0.864469476101824,0.001087367426961485,0.06634723634553512,0.000768988163519286,-4.64594851675712,0.03667244610963302,5.156722051351861,0.05976022273817394,1.0,0.0,0.0,0.0,0.011454463747584177,6.650810086832424e-05,-2.4256433512896374,0.933578414333691,0.999028371466183,0.0013513927341294036,0.10081244874090872,0.000955664834073287,-0.02966171065001025,0.032418604480139765,1.0011713599362322,0.0016088774550631938,0.06968501262330604,0.001137951490976696,0.04749606509025268,0.05412069160504138,,,,,,,,,,,,,,,,,,,,,,,,,,,,,,,,,,,,,,,,,,,,,,,,,,,,,,,,,,,,,,,,,,,,,,,,,,,,,,,,,,,,,,,,,,,,,,,,,,,,,
val,unpaired FM [thr0.5],bb_uvcgan_otcfm1_s0__euler4__sig@thr0.5,0,0.4,0.7153493973313887,0.003153837561083547,0.19277146813601978,0.0022303984470431483,-4.910293676104202,0.05427690137298999,5.9259744196394895,0.06855534817317528,0.959917780061665,0.0031441733736032986,0.004404177677110859,0.0007428007643203753,0.7665546234221001,0.0011350749249468052,0.13415990213489515,0.0008026479046544521,-5.9031452743478825,0.02835576318329218,6.788202481569168,0.04061080397009417,0.9991417536833072,0.0002476480310272769,0.00038553473667977484,0.0001723831363256237,0.8056957260697067,0.0009646624256083716,0.09967348546270254,0.0006821512913390821,-6.758601259685414,0.032998088989748604,7.5699080904599025,0.05180495802891266,0.9999063407324155,9.365488145262552e-05,0.0,0.0,0.03142882729932317,0.0001415598052959443,-3.4314139283355023,0.9056433718985243,0.9971175481884924,0.0017689053424198608,0.1480183800252913,0.0012508942901626487,-0.07908177149897064,0.044168712091976495,0.9976597661714282,0.0014704996544771015,0.10830906284082933,0.0010398961247911774,-0.057304959303239714,0.050768848573325406,13982.0,13970.0,0.2468019464600556,0.0009747757447164019,0.11513913115315934,0.24025973053841077,0.0009721504199608111,0.006642769153725104,-0.006723675692699818,0.001119369912368729,0.1321097422666974,0.0007925411661862152,0.11507969235571204,0.005511811023622082,0.25681209316520703,0.0006292934832735559,0.074331255467936,0.2470023773027392,0.0006846957909268915,0.010588787201479105,-0.009878237371219059,0.0006299990447592386,0.07491124449582555,0.0004494009605539023,0.07418982548012759,0.005511811023622082,0.1438926693175284,0.00031543679697609167,0.03729898408401423,0.13308578979489688,0.00030871207554142446,0.010807135017676228,-0.010736326917651447,0.0001985957607645422,0.025811806874140746,0.00015442058953393906,0.03723165799157463,0.0,4.257431070304588,0.007917988058547133,0.9362665148909336,3.0424162965980828,0.007439995110947164,1.2150147737065058,-1.2141314586170688,0.008746416411736496,1.5946213987862747,0.00953991240073573,0.9360721734118176,0.0,0.27740267927557066,0.000993361862433755,0.11746057737008929,0.30621239913467463,0.0010756239760534828,0.02882264839700424,0.02870207329557943,0.0004186104711828044,0.05719998375735565,0.0003422021269650708,0.11744660737330306,0.0,5.277875749137128,0.002813431504379299,2.050399078183814,2.795415874208937,0.0018169641240185477,2.482459918230061,0.37313176550987476,0.0007695188648364086,0.09099214856045275,0.40863667458642006,0.0008110221789121264,0.03551699159723944,0.03540663947564997,0.000408739386785873,0.059896314500231425,0.00035833307761581716,0.09096601486566988,0.0,0.0007714136295143184,0.00235826208327121,0.001268685575778252,0.028382738884839172,0.0025506128405569043,0.006663111531351521,0.002062756778244051,,,,,,,,,,,,,,
val,unpaired FM [thr0.5],bb_uvcgan_otcfm1_s0__euler4__sig@thr0.5,0,0.5,0.728446813687855,0.004065456632714276,0.21600548126492639,0.002875221247965209,-4.717804464540454,0.0701625408088377,6.012877258550703,0.08002246067801377,0.9457286432160804,0.004146641054204326,0.00830945558739255,0.001086542354772896,0.7694384004064994,0.001285526111656224,0.14793607502229084,0.000909038553066157,-5.903776520495939,0.032499342581606645,6.988700169360312,0.0429425886944329,0.9977397724704287,0.0004121925853566897,0.0004977246871444823,0.000188075426709575,0.8046310551422403,0.0009662406475148869,0.11033774374794077,0.0006832615132958087,-6.857364855093636,0.03358661455769086,7.857058227465344,0.04865261390818544,1.0,0.0,0.0,0.0,0.04397355266662994,0.0001917957982885995,-3.0960084596201796,0.8940860936821995,0.9952371339040925,0.0020272385732920646,0.16520439668374506,0.0014335820805239624,-0.12581847829538537,0.05114607934109113,0.997834870212739,0.0015090191291735227,0.12253755669264586,0.0010671185781232456,-0.0614404116613808,0.052620022147262496,,,,,,,,,,,,,,,,,,,,,,,,,,,,,,,,,,,,,,,,,,,,,,,,,,,,,,,,,,,,,,,,,,,,,,,,,,,,,,,,,,,,,,,,,,,,,,,,,,,,,
val,paired FM [thr0.5],bench_paired_bkg_s0__euler4__sig@thr0.5,0,0.2,0.6899308184485078,0.00162600911126775,0.14321808502058628,0.0011498361777189518,-5.266845592166097,0.02738802181758504,5.793010210547369,0.046506580531238406,0.9855182926829268,0.0013464793122793684,0.0002444390124663896,0.00017282335704302355,0.7563578430034437,0.0009573595557595668,0.10088680254394597,0.0006769859157283939,-5.915002124759379,0.02266960927302045,6.379203229306591,0.042804769119555615,0.9995499549954996,0.000201220950068736,0.0,0.0,0.8085678444663683,0.0011665766854371902,0.07118029945054971,0.0008250050909153597,-6.553520287674601,0.038946745757191974,6.971072873443379,0.08078637232964819,1.0,0.0,0.0,0.0,0.011377275700753014,6.606660587023835e-05,-4.069449817955441,0.9266636589458194,0.9981300865724196,0.0014331023462865282,0.1068886856932316,0.0010134474795023556,-0.04933894441516977,0.034347663233631684,1.000214579164347,0.0017269461897136337,0.0747989019618887,0.001221460954180606,0.014673642849464694,0.058175069716430064,,,,,,,,,,,,,,,,,,,,,,,,,,,,,,,,,,,,,,,,,,,,,,,,,,,,,,,,,,,,,,,,,,,,,,,,,,,,,,,,,,,,,,,,,,,,,,,,,,,,,
val,paired FM [thr0.5],bench_paired_bkg_s0__euler4__sig@thr0.5,0,0.4,0.5328502381989402,0.0027359004274742083,0.150300319919299,0.0019348943305107296,-8.191655697178449,0.05023637550749278,8.644057485645265,0.11126101840815589,0.7754367934224049,0.006688921306910939,0.0003204443494979705,0.0001849789865825984,0.6027234082424303,0.001145512960441148,0.1348789828081297,0.0008100291961932959,-10.039507350739854,0.028527430935218014,10.586521124491583,0.06357611649017798,0.9915605778858533,0.000773626489405484,0.0,0.0,0.6822538510139815,0.0010309457436918864,0.10651720248255092,0.0007290228734700774,-11.049367087382432,0.034753496806623874,11.618168408759821,0.07951310768595604,0.9998126814648309,0.00013244180031500607,0.0,0.0,0.029983702476807365,0.0001353448800902457,-6.442954633271212,0.8670735555935042,0.9904523537426239,0.001829647233506003,0.1524876785434911,0.0012938491056167767,-0.2419442353925996,0.04609235849510796,0.9999444370243272,0.0016001437026841516,0.11785794326487133,0.0011315767606364757,0.027117624122767543,0.05540675391931835,13982.0,13864.0,0.2468019464600556,0.0009747757447164019,0.11513913115315934,0.258340523177493,0.0010019275587488114,0.01153892051446848,0.01149239479324804,0.0011767723609615996,0.13832144624580398,0.0008349907052557678,0.11486252420434413,0.010314483554529685,0.25681209316520703,0.0006292934832735559,0.074331255467936,0.20909819374061206,0.0006712675675298246,0.04772334687723831,-0.047325991811425716,0.0006359342455676049,0.08825356398914883,0.0005327511216567391,0.07398365971180978,0.010314483554529685,0.1438926693175284,0.00031543679697609167,0.03729898408401423,0.10857284151498908,0.0003103041110446045,0.03531982780253934,-0.034743734723319514,0.00020839621553825032,0.042535003444142516,0.00025543899663306967,0.03685212565620974,0.0,4.257431070304588,0.007917988058547133,0.9362665148909336,1.8996689504328943,0.005620731603142414,2.357762119871694,-2.350444226319356,0.008015698579006964,2.532858029844236,0.0152107831519765,0.9344882727716529,0.0,0.27740267927557066,0.000993361862433755,0.11746057737008929,0.3619453614128754,0.0012385681146844703,0.08454268213730479,0.0836115211355813,0.0005568957506474951,0.10625708764393527,0.0006381145328590944,0.1174195201420208,0.0,5.277875749137128,0.002813431504379299,2.050399078183814,2.46848878214037,0.0022318629060852522,2.8093869669967573,0.37313176550987476,0.0007695188648364086,0.09099214856045275,0.46784823310907725,0.000933614656348408,0.09471646759920252,0.09387571099935824,0.000518994609798539,0.11201335835762699,0.0006726831445058444,0.09085939160171515,0.0,0.0007714136295143184,0.00235826208327121,0.001268685575778252,0.028382738884839172,0.0025506128405569043,0.006663111531351521,0.002062756778244051,,,,,,,,,,,,,,
val,paired FM [thr0.5],bench_paired_bkg_s0__euler4__sig@thr0.5,0,0.5,0.508910164807824,0.003310553872220074,0.14790434345880166,0.0023415017145397895,-8.694594897672262,0.062240033415162224,9.128424215965836,0.14447760977435256,0.668676716917923,0.008615131504750873,0.0005213764337851929,0.00023310583784424713,0.5628518142056694,0.001238240810265108,0.14121917942265252,0.0008756021332084563,-11.20564648723502,0.031602176635038434,11.771005584264978,0.07298103157965913,0.9799593159044677,0.001216398138476971,0.0,0.0,0.6457531387689394,0.0010237699896799317,0.11688028260883172,0.0007239424739193035,-12.416684090879565,0.035100277607685366,13.047310686922186,0.08081037980077731,0.9995398773006134,0.00018780108474145284,0.0,0.0,0.039172410963312296,0.00017164710202871803,-6.930536166672643,0.8435714748731726,0.9881810042436463,0.0020504509651152244,0.16559216534531526,0.0014499989483244004,-0.3140952039928941,0.05256695099891696,0.9998332141428438,0.001645546206486694,0.13359362595515925,0.0011636651615403054,0.017336956050650432,0.05769520930579612,,,,,,,,,,,,,,,,,,,,,,,,,,,,,,,,,,,,,,,,,,,,,,,,,,,,,,,,,,,,,,,,,,,,,,,,,,,,,,,,,,,,,,,,,,,,,,,,,,,,,
val,joint FM: M - B [thr0.5],bench_joint_s0__euler4__sig@thr0.5,0,0.2,0.892500129658317,0.0019030475471582538,0.16810492708576866,0.0013457440607575857,-1.8064425259750383,0.03188017570370116,3.3457105880621034,0.026781973097317637,0.991234756097561,0.0010505765936316166,0.004009087264466123,0.0007304871323009774,0.9361127817662149,0.0010696931437142617,0.11274991980125894,0.0007564213188387588,-1.5353020771750499,0.025427332422423145,3.0887399468481957,0.020720933530493948,1.0,0.0,0.00031075201988812925,0.00017938488372848543,0.9643725147866652,0.001224720321885543,0.07472801432022125,0.0008661243732334751,-1.2148617168324023,0.0414391631983257,2.805180992562315,0.032508682699403706,1.0,0.0,0.0,0.0,0.011387681101689058,6.611588271005872e-05,-2.362315062082801,1.0336535758839138,1.0000785802604266,0.0014662466117373648,0.10940007813910857,0.0010368860541352008,0.0009460004404962977,0.035043430958784,0.9989432769212202,0.0016833440516852956,0.07291037059528531,0.0011906213661044772,-0.044455472734488265,0.05693167939347453,,,,,,,,,,,,,,,,,,,,,,,,,,,,,,,,,,,,,,,,,,,,,,,,,,,,,,,,,,,,,,,,,,,,,,,,,,,,,,,,,,,,,,,,,,,,,,,,,,,,,
val,joint FM: M - B [thr0.5],bench_joint_s0__euler4__sig@thr0.5,0,0.4,0.6867819119022669,0.0037046944613981993,0.20746288983829916,0.002620032343934494,-5.482531029757983,0.0653938680467026,6.5930876766209225,0.08325030366243061,0.8057553956834532,0.006341466132186369,0.003894297635605007,0.0007345186687626289,0.7532953517003297,0.0013489553265530769,0.15891357904468856,0.0009538898265199728,-6.215852622067954,0.03343914600953735,7.358999734329111,0.04417131695732357,0.9925618652553283,0.0007266514835189864,0.00016290624745458987,0.00011518272913326231,0.8164458813464941,0.0011367898188861711,0.11745850204069119,0.0008038694390374659,-6.36296756338705,0.03883711477140803,7.522645570104825,0.05148151514769445,0.9999063407324155,9.365488145262552e-05,0.0,0.0,0.0317919789719773,0.0001434635056339387,-5.27395408074389,0.96823579377267,0.9940555886126957,0.0019438899819163478,0.1620672734630136,0.0013746366721474467,-0.14620994556486724,0.04863363287587415,0.9995525661230499,0.0016193647010979584,0.11927365820144148,0.001145169311783482,-0.0016816445618789767,0.05603471388314613,13982.0,13878.0,0.2468019464600556,0.0009747757447164019,0.11513913115315934,0.26382568497022596,0.0009997690114545478,0.017023968310956025,0.017298645869602815,0.0012142706134650402,0.143479070475425,0.0008649283280084346,0.11488577803530226,0.00857472258250469,0.25681209316520703,0.0006292934832735559,0.074331255467936,0.1960477319031864,0.0006128547125557184,0.06076436126202062,-0.06027967645300172,0.0006337675433224215,0.09570839673608675,0.0005769545571421171,0.07405193072611518,0.00857472258250469,0.1438926693175284,0.00031543679697609167,0.03729898408401423,0.102946481262908,0.00028525117611201346,0.040946188054620414,-0.040449116073217876,0.00021868496294935206,0.0479564401681195,0.0002878515009219587,0.03691428169959972,0.0,4.257431070304588,0.007917988058547133,0.9362665148909336,2.2458648354643467,0.006379025261642068,2.0115662348402417,-2.0059536821999755,0.00856070619982565,2.2451968710627273,0.013476465036500518,0.9354584966401016,0.0,0.27740267927557066,0.000993361862433755,0.11746057737008929,0.3683312474911346,0.0011771017085045652,0.09092856821556393,0.09012933083301665,0.0005602547599540444,0.11171122505283622,0.0006705302497132901,0.11741341756897476,0.0,5.277875749137128,0.002813431504379299,2.050399078183814,2.548753454552535,0.0023658804270007224,2.7291222945845925,0.37313176550987476,0.0007695188648364086,0.09099214856045275,0.47243863890173055,0.0008779262471890959,0.09930687339185575,0.09857833305735458,0.0005096044307204617,0.11541992122357769,0.0006927911547235236,0.09086063842070469,0.0,0.0007714136295143184,0.00235826208327121,0.001268685575778252,0.028382738884839172,0.0025506128405569043,0.006663111531351521,0.002062756778244051,,,,,,,,,,,,,,
val,joint FM: M - B [thr0.5],bench_joint_s0__euler4__sig@thr0.5,0,0.5,0.6461159893950608,0.004535646224692637,0.2081461374581508,0.0032079479140378676,-6.248614245021275,0.08100418680884039,7.270768490465456,0.11203046412137226,0.7055276381909548,0.008342709430982139,0.0031895714880044376,0.0006640101360566198,0.7022251133341749,0.0015002927700791561,0.1709675608114882,0.001060908040420251,-7.617880306519609,0.03793244899963802,8.758839826556459,0.054349291546240956,0.9783771566337678,0.0012624814512204835,0.00024051952216788263,0.00013884731011194203,0.7734583852757798,0.0011513489196782263,0.13145057057576584,0.0008141578588991465,-7.922158421146686,0.0397319377854396,9.128964641895072,0.05653937578292598,0.9996165644171779,0.00017144472717665614,0.0,0.0,0.041765108524664266,0.0001830781962917428,-6.047864396631284,0.9460646944317421,0.9924418737763421,0.0022205318740871533,0.17917642173227685,0.0015702737368568156,-0.1992439096356838,0.05662935725467722,0.9997967851797128,0.001680718723141992,0.13644910580460187,0.0011885377735120176,0.0011834644134392112,0.058829725348094775,,,,,,,,,,,,,,,,,,,,,,,,,,,,,,,,,,,,,,,,,,,,,,,,,,,,,,,,,,,,,,,,,,,,,,,,,,,,,,,,,,,,,,,,,,,,,,,,,,,,,
val,joint FM: direct S [thr0.5],bench_joint_s0__euler4__sigdirect@thr0.5,0,0.2,0.7605659736889321,0.0021408170016049143,0.18747739656852466,0.001513884923917907,-4.045081555361509,0.03619194465776658,5.138869236940935,0.0414937991197685,0.9742123983739838,0.0017864454514952175,0.0012068185246643535,0.00042641724398722507,0.8862285212495887,0.001688134773783903,0.17786404600003627,0.001193745314777901,-2.6645658904762177,0.040974388090734136,5.073202697174713,0.034047573455429976,0.9991899189918992,0.00026991760866798526,0.00013962580284836637,0.0001396160548256751,1.0149999511157886,0.00310068323333499,0.18919250127767656,0.0021928086552309165,0.6619155006044583,0.10973852574671851,6.728485978660782,0.07797508121851111,1.0,0.0,0.0,0.0,0.012159777735355093,7.0620036174948e-05,-8.962113464858778,1.271618901603448,0.9879057935701688,0.0018255515722332455,0.13612299694919666,0.0012909759963161554,-0.29580171970197794,0.04495206019625388,1.0016362982270508,0.003324251411431398,0.1439826885755827,0.0023512274586948963,0.10436871046273935,0.11728044103426306,,,,,,,,,,,,,,,,,,,,,,,,,,,,,,,,,,,,,,,,,,,,,,,,,,,,,,,,,,,,,,,,,,,,,,,,,,,,,,,,,,,,,,,,,,,,,,,,,,,,,
val,joint FM: direct S [thr0.5],bench_joint_s0__euler4__sigdirect@thr0.5,0,0.4,0.5596073888784444,0.0036203286640566924,0.18231509305695112,0.0025604638215627083,-7.7712087324416546,0.06604419450382164,8.453005401330328,0.11869202080769695,0.6515930113052415,0.007637394462350216,0.0008301051466519093,0.00033874832106936266,0.6391127045218704,0.0016793813446721504,0.1957974281736632,0.00118754562006824,-9.096290397741036,0.04232877038496007,10.348788056469994,0.06276489930156164,0.9721785152338721,0.0013908442917041379,0.0,0.0,0.7796584171144688,0.0020002352301285256,0.2066544071056658,0.001414446153356028,-7.515748923099998,0.06974173155044057,10.41171685257828,0.07125966098167912,0.9997190221972464,0.00016219981797870118,0.0,0.0,0.03311698064796322,0.00015032378121254762,-11.459197506990852,1.1107732935937973,0.9836367169841231,0.002082577134602627,0.17174633700372027,0.001472712689977327,-0.4387900410065616,0.05367787044611546,0.9971855506291312,0.002428643871675201,0.17886430377419626,0.0017174688792928612,-0.03342873089449978,0.08651356040912164,13982.0,13593.0,0.2468019464600556,0.0009747757447164019,0.11513913115315934,0.26367050356204963,0.0010160798784658962,0.016868557101994086,0.01752142818834457,0.0012662099699380757,0.1471283778631701,0.0009017630192708109,0.11454057517057531,0.020819539468844295,0.25681209316520703,0.0006292934832735559,0.074331255467936,0.1775653178335126,0.0005894689994700864,0.0792467753316944,-0.07757707154399802,0.0006647778501073203,0.10908842684791799,0.000668612748883616,0.07370114679839794,0.020819539468844295,0.1438926693175284,0.00031543679697609167,0.03729898408401423,0.0893892116259402,0.00027947771093346914,0.054503457691588195,-0.05280522570237867,0.00023777691458095387,0.059639844127187994,0.0003617127716383666,0.03609571178623623,0.0,4.257431070304588,0.007917988058547133,0.9362665148909336,1.6189727310299025,0.004996548281733613,2.638458339274686,-2.6162045082408447,0.0089366589182147,2.8160461021564016,0.01707918348177007,0.9290532086587915,0.0,0.27740267927557066,0.000993361862433755,0.11746057737008929,0.4250440611055833,0.0013560543823621294,0.14764138183001266,0.1448614810296143,0.0007128341588960814,0.16700866527320737,0.0010128994816748249,0.11743454716296364,0.0,5.277875749137128,0.002813431504379299,2.050399078183814,2.3491925520132715,0.0027410023342662434,2.9286831971238563,0.37313176550987476,0.0007695188648364086,0.09099214856045275,0.5229190662662565,0.0010004848729524229,0.14978730075638177,0.14727576692668426,0.0006123045441696276,0.16366550134736976,0.0009926233540733299,0.09068881471485146,0.0,0.0007714136295143184,0.00235826208327121,0.001268685575778252,0.028382738884839172,0.0025506128405569043,0.006663111531351521,0.002062756778244051,,,,,,,,,,,,,,
val,joint FM: direct S [thr0.5],bench_joint_s0__euler4__sigdirect@thr0.5,0,0.5,0.5320225441448991,0.0045182830041366594,0.18056180505532143,0.0031959093060100786,-8.30600274267691,0.08332858054551523,8.948669976120351,0.15834014410135586,0.5350083752093803,0.009129157251118234,0.0006858710562414266,0.000306625654158541,0.591483369064953,0.0017682010472459563,0.1974376804850832,0.0012503570946632058,-10.493475175671154,0.04577127894773571,11.671915251987194,0.07391434469494511,0.9393505612898365,0.0020717755115803225,0.00012051096649795132,0.00012050370483264401,0.7253516135055046,0.001869861784662443,0.21330361740685938,0.0013222427534783005,-9.493009978870404,0.06549047353610067,12.08014996174799,0.07488047883112961,0.9979294478527607,0.00039806519807767266,0.0,0.0,0.04264788707813307,0.00018891841265069912,-11.804411866955983,1.0656894356341615,0.9866728524280056,0.0023138194449351156,0.18283566415214642,0.0016362484508620995,-0.3890253534023158,0.06063299230613017,0.9958802275347584,0.002369824302153902,0.19223350989840798,0.001675846183047247,-0.08676437488939788,0.08506246998677086,,,,,,,,,,,,,,,,,,,,,,,,,,,,,,,,,,,,,,,,,,,,,,,,,,,,,,,,,,,,,,,,,,,,,,,,,,,,,,,,,,,,,,,,,,,,,,,,,,,,,
jewel,UVCGAN-S,uvcgan__sig,0,0.2,1.011004598895041,0.0019126741556405552,0.14197660569742032,0.0013525876105707337,0.18902181210703128,0.03172074088652678,2.362185643132663,0.02250210922281925,0.9989122552574329,0.0004438283485342944,0.010058231868713605,0.0013255284073022224,0.9987490282502562,0.0011664684227806973,0.09358683090111805,0.0008248818077433859,-0.04152892288852301,0.027696907093506813,2.2225362724255193,0.019588090646812727,1.0,0.0,0.0011976047904191617,0.0004231636150327599,0.9852877905118348,0.0010350862188783195,0.05917217736666969,0.0007320284925141633,-0.529416903774217,0.03612846016198258,2.132109366063318,0.026372630874630792,1.0,0.0,0.0,0.0,0.009254218748433605,6.642430106106349e-05,-0.19339679646029603,0.9923713271120657,1.0140645695033805,0.0016145621203258733,0.0920158769430067,0.0011418436138794202,0.3305467741890741,0.03836006488064999,0.9991000700816287,0.0014350083250180314,0.05918430845058229,0.0010150025161912693,-0.03903511319807623,0.05013394556029308,,,,,,,,,,,,,,,,,,,,,,,,,,,,,,,,,,,,,,,,,,,,,,,,,,,,,,,,,,,,,,,,,,,,,,,,,,,,,,,,,,,,,,,,,,,,,,,,,,,,,
jewel,UVCGAN-S,uvcgan__sig,0,0.4,1.0603906789704642,0.0030765455662890217,0.23314857204152567,0.0021756356571016947,1.0205311247437576,0.05121094370038735,4.012835679506744,0.03744268379769385,0.9790317081486533,0.0018707203728227666,0.07959697732997481,0.0035074898516742757,1.0223461389939459,0.0015569521424079764,0.1423483462516025,0.0011009972768464245,0.5141584189889729,0.037351022520728944,3.4534027343606684,0.026708842560973476,0.9995217027382518,0.00023909143196610566,0.005920344456404736,0.0007959324728838403,0.9797316803164746,0.0011536527275943448,0.08703008146041515,0.0008158273469418303,-0.7747517764104908,0.040963491599525434,3.18587222235827,0.029862011795582878,1.0,0.0,0.0003365303718660609,0.00023792286377944934,0.02576167186431768,0.0001536812499699974,0.7738323419127715,0.9455246454450539,1.0462243537468707,0.002313219003691756,0.1506614294325212,0.0016358856753388642,1.117583469938124,0.05546152105038556,1.0157476069297264,0.0016876163969627071,0.09147441317378172,0.00119352813477227,0.5467416037020167,0.05975469044791266,8363.0,8359.0,0.2333133811488756,0.0012371561534114713,0.11249960965257819,0.22963083793653544,0.0012185331875761642,0.003683251665311198,-0.0035556490408962674,0.0014073019814697103,0.1277965308785112,0.0009954981587205042,0.11254886034738937,0.014236152649838463,0.22219185028709884,0.0008514313958434737,0.07742409833569552,0.2311842514613823,0.0008562954658075867,0.009032699976474668,0.009157942196667055,0.0008568674871862767,0.07831893949611517,0.000610081975820168,0.07736585621820141,0.014236152649838463,0.12200639606997325,0.00038409287091166423,0.035125077792603245,0.1245897800532428,0.0003790697667391818,0.00278419811759554,0.0026187426693941914,0.0002394248124590369,0.022046113992983455,0.0001705060871879107,0.03509519103103174,0.0,3.6128166501361014,0.009580606103743769,0.8761410590504918,3.7544396571994922,0.01164200667212582,0.16962316139136868,0.14216872180147663,0.011322793618736804,1.0449320640037276,0.008081572909727665,0.8759470487450245,0.0,0.3333239448394808,0.0015398480785307376,0.14081824382421843,0.3260565489209806,0.001503291265406721,0.0072735284785924665,-0.007357096272407981,0.000524069786671949,0.048475963504690564,0.00037491627152428606,0.1407921621373556,0.0,5.338290244842989,0.003932526371781602,2.1067883814436112,7.203964811541998,0.004451081668584286,1.865674603384604,0.4226923494815133,0.0012047090986737519,0.11016997193396078,0.41619223490380136,0.0011717824240777888,0.006507090036632996,-0.006577021392448166,0.0005068789650023533,0.04680709377930532,0.00036200912394297697,0.11013996141139493,0.0,0.002613971647171148,0.0020772412605365143,0.001055134700250489,0.01746392696473011,0.0021076343839108065,0.006687002077848813,0.002378850610997395,,,,,,,,,,,,,,
jewel,UVCGAN-S,uvcgan__sig,0,0.5,1.0889906789543868,0.0034876272154160904,0.2608269528243306,0.0024663453491401937,1.5006302786096168,0.05815633268439284,4.60090281304968,0.043501642205632254,0.9641441130839511,0.002441179863494025,0.11305704872550719,0.004169862070792917,1.0299273902717998,0.001674940780082681,0.15706086795055454,0.001184429336293151,0.6922451024606239,0.04027499645775948,3.8395457730858418,0.028953182976696214,0.9982970027247956,0.00043933743198396166,0.01032493167324628,0.0010170291839903482,0.9786984518645258,0.0011915445329634003,0.09478585100579767,0.0008426158003407136,-0.829342776985207,0.04241197151136126,3.4742567138935283,0.03088258691598617,1.0,0.0,0.0002932981375568265,0.00020736268574012115,0.03422813627262015,0.00019682397473005746,1.4049259032561683,0.9192652682893367,1.0580792887651138,0.002558529828247744,0.1699256787676585,0.0018093588992727481,1.4086180237132082,0.061669796044847486,1.0233126823473528,0.001801709195401933,0.10343756695575947,0.001274194098466002,0.824548670520195,0.06370230338696363,,,,,,,,,,,,,,,,,,,,,,,,,,,,,,,,,,,,,,,,,,,,,,,,,,,,,,,,,,,,,,,,,,,,,,,,,,,,,,,,,,,,,,,,,,,,,,,,,,,,,
jewel,Area,area,0,0.2,0.9355670873747534,0.002450916469196903,0.18179787525565674,0.0017332171705701357,-1.069313890299626,0.040936645236932204,3.2192752121764414,0.03068900548094476,0.9974619289340102,0.0006774666558901354,0.01825973542016024,0.0018275940867180998,0.9597669418304083,0.0015706815895130503,0.12601722382406325,0.001110725883053214,-0.9617637967696713,0.037558806750812815,3.16313666169395,0.027877973658400244,1.0,0.0,0.0006771626883358727,0.0003384666874277141,0.9764520810433173,0.0014912351214063215,0.08524857880426977,0.0010546238351914255,-0.8109182896986665,0.05184766821394461,3.0728753631785164,0.03800921705366562,1.0,0.0,0.0,0.0,0.01219771630843091,8.755193737621555e-05,-1.7713449235764889,1.0280929442745808,1.005205299709494,0.0021519031731299302,0.12263960307208514,0.001521859620631591,0.12278417275327247,0.05156255577224011,0.9999545030792478,0.002020124429604266,0.08331635800701935,0.0014288637517430557,0.0007529985323915948,0.0707153430605625,,,,,,,,,,,,,,,,,,,,,,,,,,,,,,,,,,,,,,,,,,,,,,,,,,,,,,,,,,,,,,,,,,,,,,,,,,,,,,,,,,,,,,,,,,,,,,,,,,,,,
jewel,Area,area,0,0.4,0.9091667642988422,0.005045882664652938,0.3668950078327694,0.003568315326462894,-1.60043771529985,0.08579581237029896,6.440387599327556,0.0626314335283745,0.9012956017729288,0.0038943129524452065,0.23113991359255567,0.005434192761571906,0.9038600963074461,0.003028597165326579,0.27573543505841375,0.0021416707845060704,-2.3338574806435064,0.07357596797758487,7.093571351309139,0.05509331105421731,0.9911515006576588,0.00102405618400822,0.034096144985409305,0.0022490325530657366,0.9382876290265351,0.0024174964274792893,0.18237282847890568,0.0017095783241326333,-2.173354606276613,0.08558182377902125,6.81217797824083,0.0638523220461292,1.0,0.0,0.0013166556945358788,0.0005371684538786913,0.04992848490579337,0.00029859312493031755,-3.4874560379366937,1.0301675907252144,1.0156200539492055,0.004143015186993789,0.26865784410803134,0.0029299025371762725,0.37627369921008724,0.10089105364944163,1.0037180739000733,0.003243126461529482,0.17578822441562716,0.0022936270845829014,0.15775318482968972,0.11531112190569914,,,,,,,,,,,,,,,,,,,,,,,,,,,,,,,,,,,,,,,,,,,,,,,,,,,,,,,,,,,,,,,,,,,,,,,,,,,,,,,,,0.002613971647171148,0.0020772412605365143,0.001055134700250489,0.01746392696473011,0.0021076343839108065,0.006687002077848813,0.002378850610997395,,,,,,,,,,,,,,
jewel,Area,area,0,0.5,1.0160765134401846,0.007478433677100401,0.5090281458107238,0.005288621952193966,0.18002150029812683,0.12689949652354593,8.639435216276391,0.08975098104630197,0.7986554042406482,0.005264998760616577,0.24931075226467114,0.006070916422186868,0.9184389372730479,0.004108252415117356,0.3771993246948585,0.002905145456598001,-2.040641245619203,0.10048465850157927,9.448985717115427,0.07277067567755363,0.9570844686648501,0.002159452861366634,0.056775300171526585,0.003030770312952304,0.9357286439158405,0.0032185429499362738,0.2559095862829979,0.0022760335615404697,-2.277006597443936,0.11445035924498409,9.380613429628106,0.08342361316865003,0.9990518331226296,0.00038690395146407486,0.008,0.0013468269588714273,0.09303745571177384,0.0005416482889697719,-2.6289167222245364,1.0012487985484286,1.0259893363825199,0.005813437225309857,0.3776945022962634,0.004111207907405962,0.5977088209858382,0.1418187168148991,1.0050751256933734,0.0044300322530981375,0.25417732301172796,0.0031329817309549966,0.21790311158604786,0.15820078005862154,,,,,,,,,,,,,,,,,,,,,,,,,,,,,,,,,,,,,,,,,,,,,,,,,,,,,,,,,,,,,,,,,,,,,,,,,,,,,,,,,,,,,,,,,,,,,,,,,,,,,
jewel,unpaired FM,bb_uvcgan_otcfm1_s0__euler4__sig,0,0.2,0.8879395031664956,0.00175221045260648,0.13004187793934122,0.001239112381178408,-1.8829499932461953,0.029074948801635518,2.8638615646092056,0.027286011465249466,0.9985496736765772,0.0005123958138813192,0.004173187271778821,0.0008500689652357704,0.8937236318730672,0.0010860225612112399,0.08713258567993301,0.0007679935744908309,-2.591163167282338,0.026247971306913913,3.339002293628963,0.029427946985153896,1.0,0.0,0.00017412502176562773,0.00017410986134404436,0.9011920797880442,0.001059804855083078,0.06058525339752938,0.0007495098826321611,-3.5023889355479145,0.03726007783605675,4.099236081050836,0.05070454722176353,1.0,0.0,0.0,0.0,0.009099293494847465,6.531228912727284e-05,-0.9846414546007818,0.9270658867879614,1.008184714023919,0.001640392098513098,0.09348795910348529,0.0011601109789243615,0.19146130175659062,0.03940360677070384,1.00292770477911,0.0015714211105450427,0.06481040568951804,0.001111489287826435,0.10652787349031353,0.054799644287447734,,,,,,,,,,,,,,,,,,,,,,,,,,,,,,,,,,,,,,,,,,,,,,,,,,,,,,,,,,,,,,,,,,,,,,,,,,,,,,,,,,,,,,,,,,,,,,,,,,,,,
jewel,unpaired FM,bb_uvcgan_otcfm1_s0__euler4__sig,0,0.4,1.0977630447927977,0.002718573201138146,0.2077886434341095,0.001922486092781378,1.6337185773410399,0.045384965500477534,3.834365570215845,0.03547298556749359,0.995908625980225,0.0008334380216734183,0.18765860825430747,0.004512317188698985,1.0321059165056747,0.001465819219943505,0.13404834619346495,0.0010365526848071696,0.7415380528081655,0.03530065164734721,3.3122974063364863,0.025611397598644284,1.0,0.0,0.00715322413435621,0.0008580614732623451,0.9856591038402978,0.0011877474285972394,0.08960214195546369,0.0008399380596360815,-0.5648437908400488,0.04225804135586827,3.2375463806952336,0.03034636716770229,1.0,0.0,0.0,0.0,0.027050230100147704,0.0001613451782982293,2.526964665347742,0.8907008513084312,1.0405829330993557,0.002307849539649498,0.15038256443838846,0.0016320882620314333,0.9890838785208788,0.05572361741885479,1.0295692579971487,0.0018555670782861849,0.10057789785421732,0.0013123074164707116,1.0717241611737625,0.06594649252924674,8363.0,8363.0,0.2333133811488756,0.0012371561534114713,0.11249960965257819,0.19960967166689386,0.0010734234902012242,0.03370376863702641,-0.033121482665958504,0.001396565735426774,0.13121377344653629,0.0010205704708790004,0.11250045095623203,0.01171828291283028,0.22219185028709884,0.0008514313958434737,0.07742409833569552,0.26743812584820786,0.0007074997426718362,0.04582376372026087,0.04542112965342711,0.0008333953535809766,0.08833751588668017,0.0006870822918714728,0.07740971771584187,0.01171828291283028,0.12200639606997325,0.00038409287091166423,0.035125077792603245,0.15193528195277695,0.0003194740975701157,0.02992939450749715,0.029928885882803697,0.00021429570142620407,0.03577414307122863,0.00027661338628447586,0.035125077792603245,0.0,3.6128166501361014,0.009580606103743769,0.8761410590504918,4.6538365124297085,0.009318534561455172,1.0410198622936062,1.0410198622936062,0.01109645621090768,1.4537777525448883,0.011240922982719692,0.8761410590504918,0.0,0.3333239448394808,0.0015398480785307376,0.14081824382421843,0.2757651615473989,0.0012623216256177718,0.05755878329208196,-0.057558783292081965,0.00050716176104049,0.07391945810667294,0.0005715611853647684,0.14081824382421843,0.0,5.338290244842989,0.003932526371781602,2.1067883814436112,4.831134996962646,0.0025297239668606213,0.6965909265366999,0.4226923494815133,0.0012047090986737519,0.11016997193396078,0.35129743169460503,0.0009675455774305685,0.07139491778690825,-0.07139491778690824,0.00046840974852623544,0.08325947884954245,0.0006437802392358371,0.11016997193396078,0.0,0.002613971647171148,0.0020772412605365143,0.001055134700250489,0.01746392696473011,0.0021076343839108065,0.006687002077848813,0.002378850610997395,,,,,,,,,,,,,,
jewel,unpaired FM,bb_uvcgan_otcfm1_s0__euler4__sig,0,0.5,1.2841662261714257,0.003212931487506713,0.24388668561350477,0.0022720828118109665,4.781522567152067,0.05301018105931282,6.249370765396887,0.05821496847859078,0.9932770212032408,0.0010729133083443728,0.6279929170836862,0.004240969203396375,1.1515232088850709,0.0016669366095029806,0.15639028347122969,0.0011787691425908418,3.648074379595712,0.03960695678158365,5.207325717246627,0.039247234806864074,0.9993188010899182,0.00027800355424422384,0.05115812511398869,0.0021039243043564147,1.062536486532161,0.001284418673092463,0.10216579716773365,0.0009082929355788901,2.170665094925428,0.04509948084550883,4.192931187958237,0.037273812823591865,0.9998419721871049,0.00015801532600691698,0.0007767421216156236,0.0002934668861752842,0.03933673686765437,0.00022614043405584774,5.628278300614707,0.8741809780024238,1.0528642838657767,0.0026329879741694142,0.17500954322387535,0.0018620143937092745,1.2906781563352738,0.06374921640717507,1.037486736287838,0.002020453623815976,0.11597826187497684,0.0014288933024387109,1.3600184911172506,0.07189629114513105,,,,,,,,,,,,,,,,,,,,,,,,,,,,,,,,,,,,,,,,,,,,,,,,,,,,,,,,,,,,,,,,,,,,,,,,,,,,,,,,,,,,,,,,,,,,,,,,,,,,,
jewel,unpaired FM,bb_uvcgan_otcfm1_s1__euler4__sig,1,0.2,0.8886417415204799,0.0017604910907632234,0.13065643296316112,0.0012449682081704316,-1.8715780480079867,0.029216767676165295,2.8643569382724503,0.027290731236491873,0.9985496736765772,0.0005123958138813192,0.005044355540093929,0.0009343477634876071,0.8941003031891954,0.0010954334279627256,0.08788762814666752,0.000774648579141443,-2.581438121867528,0.026453368305654944,3.341902318876035,0.02945350605391802,1.0,0.0,0.00017397355601948505,0.00017395842196212794,0.9008874203678063,0.0010810612169324118,0.061800403585580296,0.0007645427004178771,-3.5136653582606985,0.037899825601903914,4.127952147133121,0.05105974392180801,1.0,0.0,0.0,0.0,0.009143979543290465,6.563303360238151e-05,-0.9243574431410222,0.9253400371889825,1.0076496585067145,0.0016672463831930789,0.09501841774821483,0.001179102749560568,0.17950427315160475,0.04001839476799326,1.002492045657634,0.0016019476230233144,0.06606941617673029,0.001133081139550083,0.09072841095094768,0.05585533333843778,,,,,,,,,,,,,,,,,,,,,,,,,,,,,,,,,,,,,,,,,,,,,,,,,,,,,,,,,,,,,,,,,,,,,,,,,,,,,,,,,,,,,,,,,,,,,,,,,,,,,
jewel,unpaired FM,bb_uvcgan_otcfm1_s1__euler4__sig,1,0.4,1.098666461939618,0.0027293350294118604,0.20868260752257373,0.001930096392864942,1.649479684196064,0.04555000765303427,3.853580506406599,0.03563855058788463,0.9965905216501875,0.0007610817627383477,0.18740829665199413,0.0045069925810806485,1.0334108502931458,0.001477875696471498,0.13514282368530325,0.0010450784183345582,0.7728138469236444,0.03558016518375217,3.3441141891316692,0.02585895790197501,0.9998804256845629,0.00011956716621488198,0.007169576059850374,0.0008600158782154361,0.9867106647838325,0.001194188769393458,0.09008806843992506,0.0008444931756140804,-0.527990647228534,0.04243725963155846,3.2446595450404967,0.030413040713518552,1.0,0.0,0.0001657550140891762,0.000165741276157522,0.027081348806427968,0.00016153653761379527,2.5910382414545805,0.8897920912160745,1.040107989868749,0.002333991493364148,0.15208600912639691,0.0016505755919336803,0.9773736759170512,0.056356704742037224,1.029674138974696,0.0018655839725415365,0.10112084678827675,0.0013193916360471022,1.075588258992977,0.06622457328961039,8363.0,8362.0,0.2333133811488756,0.0012371561534114713,0.11249960965257819,0.20011494481776615,0.0010818369125196734,0.03319972322835856,-0.032717099224223445,0.0014010834094135588,0.13148018255491592,0.0010228901333735865,0.11249622738040341,0.012078450131547513,0.22219185028709884,0.0008514313958434737,0.07742409833569552,0.26765067558155475,0.0007062200701296614,0.04603339718471898,0.045579764482939704,0.0008348036987174967,0.08851317883048251,0.000688615238736959,0.07739683207992455,0.012078450131547513,0.12200639606997325,0.00038409287091166423,0.035125077792603245,0.1520068912401603,0.0003196065324390843,0.03000049517018706,0.030012401091231485,0.00021548516186394953,0.035902981974109786,0.000277626195433519,0.03511030007943792,0.0,3.6128166501361014,0.009580606103743769,0.8761410590504918,4.662074122848678,0.009399579038823208,1.0492574727125765,1.0494180646796178,0.01116429549153994,1.4640800681038528,0.011321259593724828,0.8760703592834953,0.0,0.3333239448394808,0.0015398480785307376,0.14081824382421843,0.27556802359425286,0.0012605128831742864,0.05775592124522801,-0.05777747015877455,0.0005092698497274373,0.07420895558476702,0.0005738339512007816,0.140812875131829,0.0,5.338290244842989,0.003932526371781602,2.1067883814436112,4.832351614926134,0.0025230850608500477,0.6974711349968281,0.4226923494815133,0.0012047090986737519,0.11016997193396078,0.3510391676757524,0.0009658521117842303,0.07165318180576094,-0.07167002283972032,0.00047006355397683104,0.08357187062447542,0.0006462343574543897,0.11016579458203524,0.0,0.002613971647171148,0.0020772412605365143,0.001055134700250489,0.01746392696473011,0.0021076343839108065,0.006687002077848813,0.002378850610997395,,,,,,,,,,,,,,
jewel,unpaired FM,bb_uvcgan_otcfm1_s1__euler4__sig,1,0.5,1.288030555505579,0.003204773977818108,0.24309853092145822,0.002266314354258478,4.844689617914047,0.05287463138815545,6.28948555972533,0.05862936598041405,0.9918979486295466,0.001177008392529174,0.625477806381153,0.004274818277852847,1.153014986867565,0.0016671758887257914,0.156421617217953,0.0011789383405554417,3.683680019143031,0.03960906394222438,5.232621813719187,0.039435649555114465,0.9994323342415985,0.000253795778586753,0.051403142312233224,0.002104370930091072,1.0632947275172662,0.0012887323109489115,0.10251701504446661,0.0009113433678508677,2.196687664208551,0.045210418383521474,4.2142323559267405,0.03746021314303408,1.0,0.0,0.0005535259603675413,0.00024747581434737614,0.03938878072324201,0.00022642465985378646,5.67206150497912,0.8739607295635073,1.0527855300467381,0.0026408266469218826,0.17557029069745717,0.001867557704110889,1.2893465884686677,0.06394693827577114,1.0370903433752003,0.002023019900006684,0.11614319163925531,0.001430708143271006,1.3444127407401063,0.07195038370600022,,,,,,,,,,,,,,,,,,,,,,,,,,,,,,,,,,,,,,,,,,,,,,,,,,,,,,,,,,,,,,,,,,,,,,,,,,,,,,,,,,,,,,,,,,,,,,,,,,,,,
jewel,unpaired FM,bb_uvcgan_otcfm1_s2__euler4__sig,2,0.2,0.8888396690535217,0.0017612001038938975,0.1307209178556015,0.0012454695811536542,-1.8681610639759156,0.029223151197572357,2.862633543887137,0.02727183570874935,0.998730964467005,0.0004793459031738825,0.004340277777777778,0.0008661697059337418,0.8942885477669223,0.0010972581022858907,0.08802718504958666,0.0007759389283273007,-2.5767170264396584,0.026471588455302647,3.3390815240716654,0.029430931438302076,0.99984464812801,0.0001553398044192682,0.00017470300489168413,0.00017468774365514994,0.9025406856000125,0.001059373343183821,0.060560585405459756,0.0007492047109475672,-3.45394525955228,0.03718933927763995,4.055802671221701,0.05016730776149828,1.0,0.0,0.0,0.0,0.009154241967499479,6.571007999163167e-05,-0.9629581041420254,0.927434173507232,1.0073804073236,0.0016594209970364994,0.09457243938631074,0.0011735685139331229,0.17252935326557206,0.03982443802106742,1.0032964837283354,0.0015719064598282788,0.06483042303797834,0.0011118325825203595,0.1208101836389374,0.05481099021430968,,,,,,,,,,,,,,,,,,,,,,,,,,,,,,,,,,,,,,,,,,,,,,,,,,,,,,,,,,,,,,,,,,,,,,,,,,,,,,,,,,,,,,,,,,,,,,,,,,,,,
jewel,unpaired FM,bb_uvcgan_otcfm1_s2__euler4__sig,2,0.4,1.0987851601930443,0.0027312573492979256,0.2088474465781787,0.001931455766306917,1.65193665778674,0.04556391158402161,3.8558625803335964,0.035656606057422144,0.9967609955676782,0.0007418741853959538,0.1908234982097865,0.004525046927245747,1.0339623296215488,0.0014724284570662744,0.13464470647810553,0.0010412264080772052,0.7870579168359247,0.03544512260306269,3.335433259194459,0.025791831066855002,0.9998804256845629,0.00011956716621488198,0.007799500831946755,0.0008970897564150481,0.987828639525719,0.0011888656702570563,0.08968650067140868,0.0008407288453766661,-0.48561655262266185,0.04223614883354629,3.2230349571508703,0.03021034780760011,1.0,0.0,0.0,0.0,0.026984227736021587,0.00016095722372677542,2.5744279336098868,0.891196557722023,1.0398417234002322,0.0023195625999781577,0.15114580312417944,0.001640371621906694,0.9713714531260927,0.05600451442476711,1.0298880780137816,0.0018600023094174141,0.10081830211062859,0.0013154441323433867,1.0851010663307548,0.06605872685294828,8363.0,8362.0,0.2333133811488756,0.0012371561534114713,0.11249960965257819,0.20005673843547594,0.0010848574245376356,0.03325674653454035,-0.032720545191896724,0.0014020080229703474,0.13156990610134492,0.0010235262176174922,0.11250346611734911,0.01195886151638359,0.22219185028709884,0.0008514313958434737,0.07742409833569552,0.26742915196723466,0.0007059184308824014,0.04580310366314086,0.04536730175745341,0.0008340396649249464,0.0883483014931007,0.0006872909279916166,0.07741474366308451,0.01195886151638359,0.12200639606997325,0.00038409287091166423,0.035125077792603245,0.15202584736585906,0.00031975078606073207,0.030019805284791565,0.03003135721693026,0.00021468532479668496,0.03587875735388004,0.00027743887424791226,0.03511030007943792,0.0,3.6128166501361014,0.009580606103743769,0.8761410590504918,4.665162411223951,0.009392977032436405,1.052345761087849,1.0525063530548906,0.011116388559126457,1.463248510077838,0.011314829423350369,0.8760703592834953,0.0,0.3333239448394808,0.0015398480785307376,0.14081824382421843,0.275634885802242,0.0012611871681217923,0.05768905903723891,-0.05771060795078544,0.0005087254340342414,0.07412565665985255,0.0005731898274445882,0.140812875131829,0.0,5.338290244842989,0.003932526371781602,2.1067883814436112,4.826410263409392,0.0025252304014422348,0.7009171577779094,0.4226923494815133,0.0012047090986737519,0.11016997193396078,0.35113341270853066,0.0009671696396318816,0.0715589367729827,-0.07157577780694208,0.0004693806188409416,0.08345892682793814,0.0006453609994544031,0.11016579458203524,0.0,0.002613971647171148,0.0020772412605365143,0.001055134700250489,0.01746392696473011,0.0021076343839108065,0.006687002077848813,0.002378850610997395,,,,,,,,,,,,,,
jewel,unpaired FM,bb_uvcgan_otcfm1_s2__euler4__sig,2,0.5,1.2879032255531648,0.0032182991954410878,0.24420932709073037,0.0022758788211110314,4.842908602546035,0.05311132703713942,6.300476595469261,0.05871141866507022,0.9925874849163937,0.001126200614204311,0.6300904103237771,0.004243901656556073,1.153545657166217,0.0016705020288832943,0.15674259203848262,0.0011812904027926367,3.697490046950038,0.03968880602976004,5.247809552983848,0.0395478657300513,0.9995458673932789,0.0002270147383994499,0.05216122560641984,0.00212332761646621,1.0644373091720218,0.0012835720151444698,0.10210652008121988,0.0009076941993481678,2.2395233248733826,0.04501822671456371,4.223748016084163,0.03754479762428424,1.0,0.0,0.000441306266548985,0.00022060444009652468,0.039374100322892305,0.0002263327912379135,5.598287824392968,0.8770204431361388,1.0531302744428142,0.0026362507129588982,0.17524624091131216,0.0018643217118224698,1.2972740300180372,0.06383484736908702,1.0369690575189783,0.002016434261959667,0.1157651048879787,0.001426050687364383,1.3402638247352192,0.07169872496747397,,,,,,,,,,,,,,,,,,,,,,,,,,,,,,,,,,,,,,,,,,,,,,,,,,,,,,,,,,,,,,,,,,,,,,,,,,,,,,,,,,,,,,,,,,,,,,,,,,,,,
jewel,paired FM,bench_paired_bkg_s0__euler4__sig,0,0.2,0.7879914034492884,0.0018672983726631036,0.1384573727274984,0.0013204994363418194,-3.5524948805977923,0.030960477554452043,4.229696704437711,0.04033591018404944,0.9967367657722987,0.0007678956971371357,0.0020900627018810565,0.0006295187156655638,0.8264851040310751,0.0011736177746212238,0.09416042995333838,0.0008299375556361137,-4.210027688995205,0.028109527552810615,4.776033917196198,0.042093074683633235,1.0,0.0,0.0,0.0,0.8545439262316599,0.0011565813529910694,0.06611761968228425,0.0008179516728737093,-5.139725919626589,0.04034148443065908,5.633404060174917,0.06968108119188639,1.0,0.0,0.0,0.0,0.00888982161261226,6.380875611733897e-05,-2.378628290110222,0.9191478627596118,1.006862541131969,0.0017681809349945647,0.10077080174195581,0.0012504852451260197,0.16356616782150443,0.0424583106207453,1.0038238880801411,0.0016863180458813302,0.0695491208191909,0.0011927575818396646,0.13947142975282104,0.05893935368327857,,,,,,,,,,,,,,,,,,,,,,,,,,,,,,,,,,,,,,,,,,,,,,,,,,,,,,,,,,,,,,,,,,,,,,,,,,,,,,,,,,,,,,,,,,,,,,,,,,,,,
jewel,paired FM,bench_paired_bkg_s0__euler4__sig,0,0.4,0.8542824987980726,0.0026582117440965888,0.20247827612556482,0.0018798015530585317,-2.4805738112985383,0.04481427763254306,4.219658286481759,0.03917179045013738,0.9890896692806,0.0013563312287737182,0.015122873345935728,0.001531756472260416,0.8632004366770327,0.0014877686651550415,0.13603934092792763,0.0010520742294233814,-3.3645879946187063,0.03599204084218294,4.706539870632561,0.036396333225085044,0.999760851369126,0.0001690833969440299,0.0005037148973680896,0.0002517940085196419,0.8700646527322421,0.0011982150302444362,0.09039180439222692,0.0008473404221290684,-4.6934518856731655,0.04299687715793825,5.705227537840145,0.05347658667407397,1.0,0.0,0.0,0.0,0.023584437329740613,0.0001406829449881853,-1.0773277883028876,0.8712149859562698,1.0396933265169754,0.0024083369436275533,0.15691197726912162,0.0017031520028687244,0.9759189375923691,0.05785421196300639,1.0354917828422547,0.0019032817333437349,0.10316419061543612,0.0013460525159818527,1.2837697250924378,0.06768179135389989,8363.0,8361.0,0.2333133811488756,0.0012371561534114713,0.11249960965257819,0.2160831691410063,0.0011957864958234011,0.01723108127837235,-0.017190611922514212,0.0013881645037559735,0.12718462886819956,0.0009906715066040754,0.1125080520963366,0.014352350197344821,0.22219185028709884,0.0008514313958434737,0.07742409833569552,0.23040757800072179,0.0007627931596207153,0.013932418476432652,0.008324693600610939,0.0007833493614000416,0.07159802112554708,0.0005576941183027744,0.07736136302451686,0.014352350197344821,0.12200639606997325,0.00038409287091166423,0.035125077792603245,0.1362614363695861,0.00034002793687475764,0.014270423487403545,0.014276998851810404,0.00019875810805256033,0.02311130043764665,0.00017872292918249264,0.03510036445616914,0.0,3.6128166501361014,0.009580606103743769,0.8761410590504918,3.524655094047326,0.007910595558822722,0.14652016675603607,-0.08788538105114767,0.010237459053523943,0.9402144400003338,0.007270810192178324,0.8760589922368004,0.0,0.3333239448394808,0.0015398480785307376,0.14081824382421843,0.3059472752793421,0.001413123827523986,0.027376669560138792,-0.027420710345688958,0.00045947386354345106,0.05017009234185698,0.00038797236377434484,0.14080627513281666,0.0,5.338290244842989,0.003932526371781602,2.1067883814436112,5.2437199248467055,0.002063692520206478,0.6718408881156237,0.4226923494815133,0.0012047090986737519,0.11016997193396078,0.3797399716510011,0.0011127508207887413,0.042952377830512256,-0.042988334690773636,0.00042520157545438114,0.057962362363292635,0.0004482310812346296,0.11015851423425742,0.0,0.002613971647171148,0.0020772412605365143,0.001055134700250489,0.01746392696473011,0.0021076343839108065,0.006687002077848813,0.002378850610997395,,,,,,,,,,,,,,
jewel,paired FM,bench_paired_bkg_s0__euler4__sig,0,0.5,0.9167752467380078,0.002921859760573954,0.221175327191898,0.002066247159044377,-1.4280731931386235,0.049046560016643294,3.977848762635707,0.03715831041664043,0.9877607309084641,0.0014436176630904908,0.0467741935483871,0.0025568712657353856,0.8930137227312162,0.0015762135323224215,0.14789553702458222,0.0011146145807012604,-2.649948850372534,0.038210582068659536,4.458306475080594,0.03359811442845786,0.9995458673932789,0.0002270147383994499,0.0016662963785825371,0.00042987727525393163,0.8849468689620944,0.0012042613015045174,0.09578988412729533,0.0008516086348340176,-4.191049433109737,0.043533559341131005,5.436509995593584,0.04832882938105585,0.9998419721871049,0.00015801532600691698,0.0,0.0,0.03151292243927173,0.00018115063765100376,0.1555555953705113,0.8442600486371473,1.0492471715388911,0.002631870026747563,0.1749748269969129,0.0018612237006923602,1.2148072465252027,0.06353991449082064,1.044303143699214,0.001977912195780979,0.11353629497060422,0.001398807404460722,1.612796733982475,0.07045229294158926,,,,,,,,,,,,,,,,,,,,,,,,,,,,,,,,,,,,,,,,,,,,,,,,,,,,,,,,,,,,,,,,,,,,,,,,,,,,,,,,,,,,,,,,,,,,,,,,,,,,,
jewel,paired FM,bench_paired_bkg_s1__euler4__sig,1,0.2,0.7848043265639211,0.001877631505569288,0.1392235590291519,0.001327806729261912,-3.6074326879997822,0.031177381475112304,4.284598776579175,0.040859476105098304,0.9967367657722987,0.0007678956971371357,0.0015154385300246258,0.0005353822993850801,0.8242601290082631,0.0011806428744159227,0.09472406015001587,0.0008349054372392991,-4.262577247666381,0.028221392977081452,4.826623485434616,0.04253894054451108,1.0,0.0,0.00020012007204322593,0.00020010004701970623,0.852632555213503,0.001154153463036362,0.06597882589640776,0.0008162346326976158,-5.209425146805536,0.040418198608910924,5.698843369075303,0.07049051750213876,1.0,0.0,0.0,0.0,0.00889217889236966,6.382567603943581e-05,-2.4330543379640766,0.9190100353107695,1.0068343172563037,0.0017793374737596385,0.10140662657965838,0.0012583753240406213,0.16314241640408064,0.04272404932716843,1.0035347200971283,0.0017015016586378314,0.07017534131220697,0.0012034971746936146,0.1270083687776928,0.05950674389484303,,,,,,,,,,,,,,,,,,,,,,,,,,,,,,,,,,,,,,,,,,,,,,,,,,,,,,,,,,,,,,,,,,,,,,,,,,,,,,,,,,,,,,,,,,,,,,,,,,,,,
jewel,paired FM,bench_paired_bkg_s1__euler4__sig,1,0.4,0.8517965836649857,0.002661143427705902,0.2025617907758334,0.0018818749690479805,-2.5229894888723745,0.04489511781061513,4.24778740405748,0.03946013161922736,0.9877258779406751,0.0014376143715599332,0.01393455456395804,0.0014667326418681367,0.8604045977225699,0.0014985885149381266,0.13703688607549241,0.0010597254685662096,-3.4314121326201232,0.0362216771832758,4.769236415896475,0.036878969056752295,0.9998804256845629,0.00011956716621488198,0.0003801799518438728,0.00021945526939215395,0.8680120144526486,0.0011987084935495538,0.09042903063077765,0.0008476893840388337,-4.769569851911266,0.04305497642652194,5.7704748214777535,0.0540881664919782,1.0,0.0,0.0,0.0,0.023795275374758933,0.00014193555952770733,-1.1076812054524618,0.8701145133733256,1.039618807994238,0.002426069854397012,0.15806734138830567,0.001715692541506231,0.9749049794136698,0.05823759303166413,1.0351233808422102,0.0019139815082994168,0.10374415395125346,0.00135361968732975,1.2685754375400906,0.06802299014090407,8363.0,8362.0,0.2333133811488756,0.0012371561534114713,0.11249960965257819,0.21578552731565068,0.0012003213373667381,0.017528038191357002,-0.017556093689573466,0.0013968569908063976,0.12801614556715493,0.0009971483891350157,0.11252354968694907,0.01447022243482421,0.22219185028709884,0.0008514313958434737,0.07742409833569552,0.230311515870784,0.0007654613993833629,0.013750413764909538,0.00821278430586706,0.0007844712564807101,0.07168626978509199,0.0005583815082278395,0.07736963992905502,0.01447022243482421,0.12200639606997325,0.00038409287091166423,0.035125077792603245,0.1363133153542242,0.00034005458300592376,0.014315100549438204,0.014316969289411185,0.00019854912700539433,0.02312185831465333,0.0001787938829114276,0.03511515271414297,0.0,3.6128166501361014,0.009580606103743769,0.8761410590504918,3.514591076165566,0.007924737743567088,0.1490763506891494,-0.09811002392733956,0.010264294347284148,0.9437214958315833,0.007297494359256445,0.8761297239201749,0.0,0.3333239448394808,0.0015398480785307376,0.14081824382421843,0.3060260621003755,0.0014141252831770628,0.027297882739105384,-0.027320369344332456,0.0004595730747999029,0.05012503319271094,0.0003876007366548622,0.1408116489501979,0.0,5.338290244842989,0.003932526371781602,2.1067883814436112,5.238934018920252,0.0020608312705015434,0.6752839412994491,0.4226923494815133,0.0012047090986737519,0.11016997193396078,0.3796917371785613,0.0011135576636118842,0.04300061230295199,-0.04301972382922287,0.0004245620622125206,0.0579480091260639,0.00044809328980576564,0.11016269615484332,0.0,0.002613971647171148,0.0020772412605365143,0.001055134700250489,0.01746392696473011,0.0021076343839108065,0.006687002077848813,0.002378850610997395,,,,,,,,,,,,,,
jewel,paired FM,bench_paired_bkg_s1__euler4__sig,1,0.5,0.9131117841620646,0.0029510573451200246,0.22326850345663518,0.002086894961777594,-1.4903618574102,0.04952735482254851,4.032606485963708,0.03768955709565696,0.9867264264781934,0.001502591324155589,0.038620283018867926,0.0023394420080360633,0.8901703091492045,0.0015802804020421213,0.1482518647371394,0.001117490476826391,-2.719622331033557,0.03833642600776778,4.508992462252196,0.03398587853864574,0.9992052679382379,0.0003002611001819552,0.0020161290322580645,0.0004747268899797227,0.8826690899958649,0.0012058734150022113,0.09591811557087923,0.0008527486613160223,-4.275997114104431,0.04362903673057126,5.507045537918578,0.04895586771871878,0.9998419721871049,0.00015801532600691698,0.0,0.0,0.031467193488289434,0.00018090570163952898,0.1359965570128711,0.8427342497094584,1.0488257320053047,0.002649520099785127,0.17612833082372595,0.0018737056470609144,1.2040967261385551,0.06394657397976791,1.0439263116598736,0.0019884474644845996,0.11414104141874294,0.0014062580950940282,1.5965344943500672,0.07078122176802934,,,,,,,,,,,,,,,,,,,,,,,,,,,,,,,,,,,,,,,,,,,,,,,,,,,,,,,,,,,,,,,,,,,,,,,,,,,,,,,,,,,,,,,,,,,,,,,,,,,,,
jewel,paired FM,bench_paired_bkg_s2__euler4__sig,2,0.2,0.7886875296068271,0.001876389143905986,0.13914409211427536,0.0013269281450544643,-3.5411653497208277,0.031103477925235587,4.226077315013923,0.040297729787767744,0.9969180565627266,0.0007463283418322856,0.0022552151851155796,0.0006502900325253956,0.826416991115043,0.0011739315762082285,0.0941856065423364,0.0008301594641038493,-4.212354011007224,0.02811922584627249,4.7784519872014375,0.04211438609035384,1.0,0.0,0.0,0.0,0.8531554713886264,0.0011417542542776127,0.06527000747481371,0.0008074657263683714,-5.192626425636575,0.04005230952892902,5.675020171034441,0.07019584199525099,1.0,0.0,0.0,0.0,0.008828887371293568,6.337138647001293e-05,-2.3236758818377523,0.9164568196854155,1.0071417431200957,0.001766581045245288,0.10067962206144769,0.0012493537780427005,0.17115069918953227,0.042385487536459925,1.0033999003750438,0.0016825467802133337,0.06939358182568646,0.0011900901101076144,0.12196494817881513,0.05887646239326557,,,,,,,,,,,,,,,,,,,,,,,,,,,,,,,,,,,,,,,,,,,,,,,,,,,,,,,,,,,,,,,,,,,,,,,,,,,,,,,,,,,,,,,,,,,,,,,,,,,,,
jewel,paired FM,bench_paired_bkg_s2__euler4__sig,2,0.4,0.8581948579356145,0.0026740140806739508,0.2035590474643871,0.0018909766523523908,-2.414677553956919,0.04509318775422421,4.1969268621615194,0.03898429484705896,0.9878963518581657,0.0014277192216408119,0.015561144294247093,0.0015517376799870097,0.8650259821456878,0.0014889217916550716,0.1361447810899264,0.0010528896617566202,-3.3212126788963428,0.03600709885857866,4.676599569759828,0.03616480067731618,0.999760851369126,0.0001690833969440299,0.00037448508301086004,0.0002161685761584464,0.8689752742738722,0.001185103234521288,0.0894026673472711,0.0008380681677819868,-4.738248815772641,0.04261010313634974,5.7257052247843045,0.05366852937811001,1.0,0.0,0.0,0.0,0.023709015902450645,0.0001414260655573231,-0.9186827432455282,0.8661615872258676,1.0401158802405672,0.002426779072392167,0.15809492493864338,0.0017161941410805614,0.9859280093817591,0.05826801492954689,1.0352720681208045,0.0018947556405793384,0.10270204807303605,0.0013400226316951746,1.2718228104944962,0.06733621981437332,8363.0,8361.0,0.2333133811488756,0.0012371561534114713,0.11249960965257819,0.2157053875414702,0.0011897375786984153,0.01760819361092666,-0.017656193613112287,0.0013907032077229678,0.12746145971285747,0.0009929483044161427,0.11252093997302173,0.014591556033967223,0.22219185028709884,0.0008514313958434737,0.07742409833569552,0.23064408382449028,0.0007648438287047983,0.014048658028610751,0.008480828073390472,0.0007818674184803344,0.07147420798594839,0.0005567972765180499,0.07738246000725063,0.014591556033967223,0.12200639606997325,0.00038409287091166423,0.035125077792603245,0.1366010139194692,0.0003409017492485348,0.014605706707574087,0.014613706997119712,0.00019766529481119285,0.023243016557818203,0.00017974150842173212,0.03510752345298353,0.0,3.6128166501361014,0.009580606103743769,0.8761410590504918,3.538789603520355,0.007898135870202772,0.13921575382172804,-0.07381044458905457,0.010201331390825253,0.9357101711686318,0.007235978049279265,0.8761333871844165,0.0,0.3333239448394808,0.0015398480785307376,0.14081824382421843,0.30508273360105453,0.0014167435331363869,0.02824121123842631,-0.02828267509105346,0.00045378437947894506,0.05021562535449656,0.0003883244769501224,0.14080937646575076,0.0,5.338290244842989,0.003932526371781602,2.1067883814436112,5.236781414374554,0.0020602182959472384,0.6749594949493032,0.4226923494815133,0.0012047090986737519,0.11016997193396078,0.3789141644090048,0.0011162902501026476,0.04377818507250856,-0.04381322150000306,0.0004203374195590738,0.05828249744707777,0.00045070673075779373,0.11015965903913386,0.0,0.002613971647171148,0.0020772412605365143,0.001055134700250489,0.01746392696473011,0.0021076343839108065,0.006687002077848813,0.002378850610997395,,,,,,,,,,,,,,
jewel,paired FM,bench_paired_bkg_s2__euler4__sig,2,0.5,0.9200499512969015,0.0029739034927607367,0.22517379216003602,0.002103050750576889,-1.3719335416464735,0.04988162043881852,4.018322408783166,0.03752656478808155,0.9882778831235994,0.0014131593263185893,0.04551480335837384,0.002529635979208528,0.8949678134065955,0.0015835372273430273,0.14859115476402637,0.0011197935020221329,-2.6029078706974564,0.03833357653620129,4.44001710484193,0.03345838430770456,0.9996594005449592,0.00019661169557986594,0.00153576129881527,0.00041013417469343174,0.8838326962361247,0.0011943457736386018,0.09500868613610597,0.0008445967331453077,-4.237097681185605,0.04323868040796036,5.457446384803169,0.048511113656059965,1.0,0.0,0.0,0.0,0.0315342966711962,0.00018126152739049371,0.393707494183319,0.8369866244154343,1.0491720369308366,0.0026605034243551533,0.17687846347660388,0.0018814728610676745,1.2124906482262452,0.06415309589449804,1.0441992479200335,0.001980770319368664,0.1137176093992074,0.0014008286452648817,1.606605127325424,0.07045384697229501,,,,,,,,,,,,,,,,,,,,,,,,,,,,,,,,,,,,,,,,,,,,,,,,,,,,,,,,,,,,,,,,,,,,,,,,,,,,,,,,,,,,,,,,,,,,,,,,,,,,,
jewel,joint FM: M - B,bench_joint_s0__euler4__sig,0,0.2,1.0116558081898996,0.0021316901635547165,0.15813348333777333,0.001507469544237224,0.20606735313503668,0.03532532114534535,2.6286000296907006,0.025055885412281504,0.997643219724438,0.0006528825277565622,0.014988119173825625,0.0016427101698561848,1.01088964124223,0.0012858438939964026,0.10316443439232366,0.0009092995704307712,0.26204656073685706,0.0306825120106635,2.4755942092993357,0.021818390267961358,1.0,0.0,0.0010657734470158344,0.00040260978219582944,1.0027404693105801,0.0012256599205484463,0.07006659434467524,0.0008668050715102618,0.0936142963637843,0.04278795581080493,2.447825152952542,0.03027780386502787,1.0,0.0,0.0,0.0,0.00900766149529268,6.465457920159332e-05,-0.9030388066005163,1.0277209931115288,1.019921678736927,0.0017544925088486406,0.09999068153479242,0.001240804575808924,0.47448215073784344,0.041868509867615006,1.0015956545993427,0.0016147835996889344,0.06659881268893031,0.0011421602148322513,0.041365521314011514,0.056467354559812416,,,,,,,,,,,,,,,,,,,,,,,,,,,,,,,,,,,,,,,,,,,,,,,,,,,,,,,,,,,,,,,,,,,,,,,,,,,,,,,,,,,,,,,,,,,,,,,,,,,,,
jewel,joint FM: M - B,bench_joint_s0__euler4__sig,0,0.4,1.019278771283245,0.0031682830127145256,0.23783235102940337,0.002240513215131532,0.33004200546749435,0.053047018750813656,3.9957151991940827,0.037638522565704796,0.9606205250596659,0.0025394511453523546,0.08794228787358296,0.0037117091659398583,0.9977577012141562,0.0016165657754781384,0.14776330868441817,0.0011431530354345343,-0.08016735282613723,0.03878264608810482,3.5458608470394015,0.027430483537181794,0.9990434054765036,0.000338045434905584,0.005017841213202498,0.0007461365315873048,0.9708496180715059,0.0012821544589446854,0.09672408718650999,0.0009066997767965126,-1.072869204362962,0.0455204935428271,3.5977015838253714,0.033722195880679234,1.0,0.0,0.00017959770114942528,0.0001795815727581082,0.022860186073999325,0.00013639185347869416,-0.7950639138120131,0.9596263976532894,1.0711673764085627,0.002378526753829062,0.15489670412479564,0.0016820707191823765,1.7245185425408882,0.05685808132427997,1.0374821374116183,0.0018478785055496862,0.10016115167867592,0.001306869849086459,1.3316669274416562,0.06534649866760651,8363.0,8355.0,0.2333133811488756,0.0012371561534114713,0.11249960965257819,0.23200792020407854,0.001251873172697673,0.002084072632733678,-0.0012813096530499637,0.0014267450539361042,0.1293689347026166,0.00100891058856877,0.11247589734364773,0.016038300418910856,0.22219185028709884,0.0008514313958434737,0.07742409833569552,0.20072374472204357,0.0007424438881471112,0.021475247383622012,-0.021245491288925097,0.0007796359270466723,0.07381300184618662,0.0005756460722804237,0.07731514528141464,0.016038300418910856,0.12200639606997325,0.00038409287091166423,0.035125077792603245,0.11899935213240538,0.0003271051031626079,0.005052653300359972,-0.0029232569644932534,0.0002062722708440664,0.01907972897302543,0.00014759919073684084,0.03503434340702165,0.0,3.6128166501361014,0.009580606103743769,0.8761410590504918,3.556782819636093,0.007819183058035181,0.16199950224121415,-0.05452840724099488,0.010097045882169517,0.9245368573985503,0.007152139957089219,0.8748403781840055,0.0,0.3333239448394808,0.0015398480785307376,0.14081824382421843,0.3364439933433607,0.0014180601626140803,0.010229017941464143,0.002979280299061079,0.0005110506988978226,0.04680785186089616,0.0003621016349113626,0.1408013998612818,0.0,5.338290244842989,0.003932526371781602,2.1067883814436112,5.636764283322789,0.0023949356100440413,0.6222614373919976,0.4226923494815133,0.0012047090986737519,0.11016997193396078,0.41615425674114925,0.0010933554118639811,0.007112084346648037,-0.0066632549205657915,0.0004648307538410891,0.04300748786452883,0.000332702336254538,0.11014314637254603,0.0,0.002613971647171148,0.0020772412605365143,0.001055134700250489,0.01746392696473011,0.0021076343839108065,0.006687002077848813,0.002378850610997395,,,,,,,,,,,,,,
jewel,joint FM: M - B,bench_joint_s0__euler4__sig,0,0.5,1.0196441778165168,0.0035025127965559646,0.25878331855766706,0.0024768774218541932,0.32958904311064846,0.05889781428783838,4.364131160616184,0.041766323648180406,0.9410446474745734,0.0030925398314113253,0.12066002062564456,0.004270446138050405,0.9880282155370009,0.0017144607597227356,0.1605471441158024,0.001212375959767752,-0.320150358276408,0.04128484420553207,3.8792674875769615,0.029292719554040867,0.9955722070844687,0.0007074428793202756,0.006528377382331262,0.0008263939707879868,0.9598355517249486,0.0012811537925855527,0.10191415355455863,0.0009059841226531605,-1.4819398909373194,0.04579998780173921,3.9331926840283096,0.0349620580529006,1.0,0.0,0.0003331667499583542,0.00023554522043635456,0.03008267000942459,0.00017312351229656944,-0.797043394174575,0.9355099248947707,1.0891268595475705,0.0025881537891660053,0.17175671841355328,0.0018303089076092452,2.1720696597006666,0.06215883089706,1.05111050545393,0.0019103467403318976,0.1096745353612494,0.0013510240990981049,1.8340263338990777,0.06748967470710097,,,,,,,,,,,,,,,,,,,,,,,,,,,,,,,,,,,,,,,,,,,,,,,,,,,,,,,,,,,,,,,,,,,,,,,,,,,,,,,,,,,,,,,,,,,,,,,,,,,,,
jewel,joint FM: M - B,bench_joint_s1__euler4__sig,1,0.2,1.023664386946123,0.002101318937333281,0.15582381550616287,0.0014859919909146375,0.39955629910984647,0.03475239934870307,2.6078628107326547,0.024867257041682116,0.9969180565627266,0.0007463283418322856,0.015836705965159247,0.0016560642435293753,1.007396649614047,0.001265723852883189,0.101550185049082,0.0008950714476961885,0.1698402574011332,0.030134970324355855,2.42371434258691,0.021361152496629725,1.0,0.0,0.001481700992739665,0.00046820773695772114,0.9917026028869799,0.0011783278135087552,0.06736078705847076,0.0008333310957854848,-0.30879745674091685,0.041349168915972755,2.3838689539875637,0.029486712538149974,1.0,0.0,0.0,0.0,0.009045486669558959,6.49260781613057e-05,-0.16398934413568644,0.9945862594713047,1.0200547661042194,0.0017675133335160451,0.1007327543142842,0.0012500131069064571,0.4781061999732131,0.04213998671203503,1.0023775736925968,0.001612972271321299,0.06652410774475231,0.0011408790356092836,0.07129852062186227,0.056509062659830515,,,,,,,,,,,,,,,,,,,,,,,,,,,,,,,,,,,,,,,,,,,,,,,,,,,,,,,,,,,,,,,,,,,,,,,,,,,,,,,,,,,,,,,,,,,,,,,,,,,,,
jewel,joint FM: M - B,bench_joint_s1__euler4__sig,1,0.4,0.9937483939736307,0.0031489057923203573,0.2354741561114031,0.002226811754886104,-0.10401134146271784,0.05269721302638002,3.9420529485604177,0.037275534029240234,0.9532901466075691,0.00275515333991387,0.06349206349206349,0.0032029581458912536,0.9743422261321188,0.001566620270314127,0.1431722942611149,0.0011078341401570138,-0.6561250993885777,0.03765017390525473,3.5028213537502637,0.02710239982743558,0.9986846825301925,0.0003963222366823578,0.00311873468478503,0.0005884656696610905,0.9494495943202617,0.00123928392504867,0.0934899891187129,0.0008763830678824725,-1.8474339444713033,0.04414657923986709,3.808453558726191,0.035697629143904105,1.0,0.0,0.00019409937888198756,0.00019408054068338138,0.023382435196215752,0.0001395226748214562,-0.8006515696831,0.937096704649841,1.0722566290269187,0.0023694723100946267,0.15427066306004392,0.0016756675988861191,1.7517783963025264,0.056785103263119814,1.0392801288700657,0.0018306775761982904,0.09922880418472267,0.0012947048848433588,1.3986418787912813,0.06475512100651984,8363.0,8352.0,0.2333133811488756,0.0012371561534114713,0.11249960965257819,0.24075457332644565,0.0012844054088694099,0.007504597798306273,0.0070516991299324336,0.001466499713403042,0.1328629470418664,0.001038435536109119,0.11258267727394983,0.019995210727969392,0.22219185028709884,0.0008514313958434737,0.07742409833569552,0.19152421280719337,0.0007330848045564494,0.030667645528148994,-0.030425966009960143,0.0007848174317504255,0.07724762275495665,0.0006037550598920656,0.07725555636127676,0.019995210727969392,0.12200639606997325,0.00038409287091166423,0.035125077792603245,0.11378376733055232,0.0003283552765508903,0.008571667957323819,-0.008107798967427351,0.00021001533537021456,0.020835388167380973,0.0001612097688246648,0.03499820607335906,0.0,3.6128166501361014,0.009580606103743769,0.8761410590504918,3.3271027850397443,0.007631668266504854,0.30323638103558825,-0.2835643485510972,0.009848907681499961,0.9436953670361349,0.00730165959657884,0.8741946368184349,0.0,0.3333239448394808,0.0015398480785307376,0.14081824382421843,0.3482983664165242,0.001487839686125398,0.01601548224650825,0.014774737501606077,0.0005156158269987532,0.049383731373645684,0.0003820970290780759,0.140787231222117,0.0,5.338290244842989,0.003932526371781602,2.1067883814436112,5.775061920280679,0.002519652547064435,0.646814181324449,0.4226923494815133,0.0012047090986737519,0.11016997193396078,0.42868159519891663,0.00115239852239703,0.008224423705214697,0.005813803284615795,0.0004678250023828144,0.04314766475063081,0.0003338466748924354,0.11012976457228076,0.0,0.002613971647171148,0.0020772412605365143,0.001055134700250489,0.01746392696473011,0.0021076343839108065,0.006687002077848813,0.002378850610997395,,,,,,,,,,,,,,
jewel,joint FM: M - B,bench_joint_s1__euler4__sig,1,0.5,0.994377230861733,0.003439679793807254,0.25283401362247865,0.0024324460191549016,-0.10158457887247131,0.057836879885113136,4.252519251555748,0.04090852367602008,0.931391139458714,0.003318980658947135,0.08535098414910294,0.0036875483966753737,0.9644841629835735,0.0016742670473697356,0.15675646557329315,0.001183953115616895,-0.9001728413912704,0.040353194672717314,3.8839017794065764,0.029332731536743394,0.9952316076294278,0.0007340225791980369,0.004430379746835443,0.0006821064020261428,0.9384912265048364,0.00124953742818885,0.09939911200793863,0.000883626210335997,-2.25592272415586,0.044776118071124624,4.216183022630882,0.037477552573880926,1.0,0.0,0.00018021265092809516,0.0001801964118966652,0.030010640146984603,0.0001727261483231638,-0.816410557972146,0.9142787257136862,1.0892172135627,0.002622011692428488,0.1740036182620362,0.001854252779180441,2.176769510450367,0.06299873829853549,1.0520926628452496,0.0019011529593840446,0.10914671303853656,0.00134452212782758,1.8724523264154602,0.06724834427140305,,,,,,,,,,,,,,,,,,,,,,,,,,,,,,,,,,,,,,,,,,,,,,,,,,,,,,,,,,,,,,,,,,,,,,,,,,,,,,,,,,,,,,,,,,,,,,,,,,,,,
jewel,joint FM: M - B,bench_joint_s2__euler4__sig,2,0.2,1.0081844649982339,0.002089797847877502,0.15505398744530527,0.001477844463111168,0.14620075829729878,0.03464771994931509,2.574865379294431,0.02453922645505823,0.9980058013052937,0.0006006737011583689,0.01468189233278956,0.0016193016467446356,1.0087457525515808,0.0012873093665501183,0.10328201059875698,0.0009103358965118713,0.2129120607093873,0.030749467504705603,2.476228292803355,0.021823978696509625,1.0,0.0,0.0012264295569523226,0.00043334235157397384,1.0055480735313587,0.0012082364279190666,0.06907055558248425,0.0008544829163011643,0.20169026347680608,0.04211671989688816,2.4160952995331315,0.02988532882352411,1.0,0.0,0.00029036004645760743,0.0002903178889188796,0.009118081002635482,6.544714082112432e-05,-1.2684866776394423,1.0389160462938176,1.021296000750548,0.0017244157674248986,0.09827657112500832,0.0012195338333031661,0.5041276454070684,0.04122886616982805,1.0024454819218518,0.0015801952916684563,0.0651722808319517,0.0011176953953189967,0.0726199780778224,0.05502682927199218,,,,,,,,,,,,,,,,,,,,,,,,,,,,,,,,,,,,,,,,,,,,,,,,,,,,,,,,,,,,,,,,,,,,,,,,,,,,,,,,,,,,,,,,,,,,,,,,,,,,,
jewel,joint FM: M - B,bench_joint_s2__euler4__sig,2,0.4,0.9898178002962708,0.0029697039425666404,0.2226881961196555,0.0021000845447869776,-0.17745975898731461,0.04974203090296731,3.7342081011255592,0.03521271220317341,0.9585748380497784,0.0026018010857498286,0.07264889030815903,0.003279785070366672,0.9706614823423939,0.0016058062064548523,0.1468149544634562,0.0011355443833459876,-0.7333984473416716,0.03870404038677362,3.6138176773493855,0.02794950221936874,0.9995217027382518,0.00023909143196610566,0.0034714186530895625,0.0006326904002086227,0.9618984514399643,0.0013206128674425005,0.0996253401756848,0.0009338963677826089,-1.3725269040342896,0.046900577004502494,3.795012335726036,0.03557164105280591,1.0,0.0,0.00019109497420217848,0.00019107671468522865,0.0231353608365956,0.0001380139918946641,-1.6684025029877738,0.9662913104650227,1.072621947415804,0.002353797754514035,0.1533404847412944,0.00166458247540581,1.7627571040308376,0.05660618987303065,1.0453109551930635,0.0019018503000101336,0.10308660217506292,0.001345040167464868,1.6255089529772029,0.0673797734614011,8363.0,8359.0,0.2333133811488756,0.0012371561534114713,0.11249960965257819,0.23665421044932056,0.0012783041448108424,0.004220703691915409,0.0031207096685527767,0.001466463199734468,0.13290338916039615,0.0010372320560333081,0.11255722953514381,0.017944730230888828,0.22219185028709884,0.0008514313958434737,0.07742409833569552,0.19307060578820814,0.0007341050146190589,0.02912124449889072,-0.029032609425408328,0.0007872714400476796,0.07701169004451251,0.0006010305238120495,0.07731318652047824,0.017944730230888828,0.12200639606997325,0.00038409287091166423,0.035125077792603245,0.11430429422792542,0.0003249963076499919,0.008389709039094015,-0.007657380181303348,0.00020944435114948667,0.020623268198189618,0.00015950170477297432,0.035069796327504045,0.0,3.6128166501361014,0.009580606103743769,0.8761410590504918,3.3184309311638334,0.0073935337583369894,0.3170642361559055,-0.2934654716020395,0.010026065107124898,0.9624890787178653,0.007443953470689257,0.8750359202429145,0.0,0.3333239448394808,0.0015398480785307376,0.14081824382421843,0.3464513509492348,0.0014505431124411008,0.01628779793519954,0.01304975542201159,0.000526001372549201,0.049830140179735145,0.00038538956247689897,0.1408028727004558,0.0,5.338290244842989,0.003932526371781602,2.1067883814436112,5.836883953666625,0.002667106143157454,0.5930363379948942,0.4226923494815133,0.0012047090986737519,0.11016997193396078,0.42671238622722163,0.0011180848144967863,0.00885328155331305,0.0039539484757392844,0.00047697704465188496,0.04378773306362629,0.00033865719073591965,0.11015328073041666,0.0,0.002613971647171148,0.0020772412605365143,0.001055134700250489,0.01746392696473011,0.0021076343839108065,0.006687002077848813,0.002378850610997395,,,,,,,,,,,,,,
jewel,joint FM: M - B,bench_joint_s2__euler4__sig,2,0.5,0.9866624804688287,0.0032796077598767222,0.24218076915969944,0.0023192455541534867,-0.23825850729776613,0.055070275684300965,4.073606818360279,0.03900734237404477,0.9400103430443028,0.003117834602274908,0.09580277734435949,0.0036764232025118275,0.9549143624229893,0.0016924082308234674,0.1585453233589851,0.001196781523402717,-1.1270133071432935,0.040992042544774406,4.0021105820260745,0.030208264781288928,0.9963669391462306,0.0006410727805903707,0.0048003491162993675,0.0007219408107456272,0.9460673647228668,0.0013335178882198926,0.10607965071353248,0.0009430140557621752,-1.9543156671531503,0.04764164995288295,4.264056868996342,0.03790310207788605,1.0,0.0,0.00018011527377521613,0.0001800990522888253,0.030092839201293613,0.00017314189968254098,-1.634919218725119,0.9360090690616638,1.0897750633665977,0.002566283031462896,0.17040196626419982,0.0018148419567260096,2.1883809274462807,0.06197666229989818,1.0596563970132458,0.0019897895912360285,0.11423541301593623,0.0014072072012578161,2.158948212026935,0.07067079112406063,,,,,,,,,,,,,,,,,,,,,,,,,,,,,,,,,,,,,,,,,,,,,,,,,,,,,,,,,,,,,,,,,,,,,,,,,,,,,,,,,,,,,,,,,,,,,,,,,,,,,
jewel,joint FM: direct S,bench_joint_s0__euler4__sigdirect,0,0.2,0.8989199742834886,0.0026600458339217743,0.19702304255686776,0.001881107901464499,-1.6613873012198834,0.0446178911803201,3.698850679772199,0.03531212880944191,0.9945612762871646,0.0009902666261125787,0.008191277396502104,0.0013411110262907147,0.9900470626381411,0.002270398878847776,0.18214203370050355,0.001605539179212768,-0.1658715329740539,0.055561089949720366,4.460456120197516,0.03931481675745706,0.99984464812801,0.0001553398044192682,0.0003966679888932963,0.00028043098927563165,1.081476940678158,0.0034459721828634902,0.19699390590473956,0.002437043191436637,3.0462591449945737,0.1268415176064071,7.864972794760525,0.09728395159119282,1.0,0.0,0.0002944640753828033,0.0002944207176448987,0.010016364510766346,7.189848330036888e-05,-7.403277576227042,1.2648095697287902,1.0263812568112944,0.002514131282071052,0.1432834275976457,0.0017780330113950009,0.6283188557834263,0.06163524869143246,1.023034119094547,0.0036756913950058527,0.15159720644020933,0.002599870641605273,0.8483883224210294,0.13403495438648855,,,,,,,,,,,,,,,,,,,,,,,,,,,,,,,,,,,,,,,,,,,,,,,,,,,,,,,,,,,,,,,,,,,,,,,,,,,,,,,,,,,,,,,,,,,,,,,,,,,,,
jewel,joint FM: direct S,bench_joint_s0__euler4__sigdirect,0,0.4,0.8247211613075064,0.003075576998316004,0.2275095589875416,0.002174960096039986,-2.978047651245141,0.05241063106278371,4.8887282293381045,0.04673129893447222,0.9328332765086942,0.0032681957982108323,0.017241379310344827,0.0017536125093641647,0.8829348715972498,0.0022146468449571943,0.20237074000405406,0.0015660855823902888,-2.8146364102849706,0.054060108613068786,5.685509145036712,0.04399579065214705,0.9984455338993184,0.00043079610569888644,0.0012447487163528862,0.00043981114611687855,0.9731678561354781,0.002615365551391275,0.19728248615761568,0.0018495052462411672,-0.8042098476793842,0.09612497409894406,7.295369356799454,0.06838740958809203,0.9998242839571253,0.0001757006041326051,0.0002305209774089442,0.00023049440591702157,0.023269944726608646,0.00013886627947333263,-7.818074462702571,1.1108402851579682,1.081879790079463,0.002782636496232606,0.18112804888225337,0.001967853372255982,1.9941785203228857,0.06831025716774594,1.075975711955028,0.0032109615296889945,0.17404477829233836,0.00227087917150636,2.7824810629150076,0.11778318068380882,8363.0,8350.0,0.2333133811488756,0.0012371561534114713,0.11249960965257819,0.23721457838400298,0.0012744723769326555,0.004383805425347954,0.0024412526895551687,0.0014762499807319924,0.1327536595957161,0.0010440429179639466,0.11273682337970992,0.031856287425149676,0.22219185028709884,0.0008514313958434737,0.07742409833569552,0.1832757503614025,0.0007347123808945701,0.03891651104209397,-0.039475291284152905,0.0007886337858936481,0.08115471545662367,0.0006382423368960093,0.07713376486383108,0.031856287425149676,0.12200639606997325,0.00038409287091166423,0.035125077792603245,0.10755854860008729,0.00035327447797528304,0.014467601647008584,-0.014329038025198004,0.000213543129133467,0.02420923188637984,0.00018733666075486946,0.03501034181556694,0.0,3.6128166501361014,0.009580606103743769,0.8761410590504918,2.8250234124003253,0.0062992129041401146,0.7877932377357766,-0.7857387236085678,0.010536822058886208,1.2427553706455226,0.009616729781620776,0.8745063877652598,0.0,0.3333239448394808,0.0015398480785307376,0.14081824382421843,0.38364342577565885,0.0016669385222820817,0.050440582855677735,0.05011730527983849,0.0006291487478013362,0.07626866535342963,0.0005901846516485525,0.14080761507603212,0.0,5.338290244842989,0.003932526371781602,2.1067883814436112,5.810222392465023,0.0024808580028136224,0.6745974759721047,0.4226923494815133,0.0012047090986737519,0.11016997193396078,0.4565551333493341,0.0013152939028367057,0.034270739917142065,0.03368668417883315,0.0005498825013942475,0.06049453348485352,0.0004681207545189394,0.11015009700180549,0.0,0.002613971647171148,0.0020772412605365143,0.001055134700250489,0.01746392696473011,0.0021076343839108065,0.006687002077848813,0.002378850610997395,,,,,,,,,,,,,,
jewel,joint FM: direct S,bench_joint_s0__euler4__sigdirect,0,0.5,0.8080576289291515,0.0032381742004827115,0.2348513604879774,0.002289952622276237,-3.278653235025607,0.05547031432894621,5.18983182723293,0.05059940560352115,0.9067402172039304,0.003818011273687171,0.02056008507621411,0.0018892299079621758,0.8545213677687533,0.0022246019006185403,0.20811623398787077,0.0015731209640195106,-3.524237609946247,0.05449962076184328,6.198025246120935,0.0468473132442099,0.9936421435059037,0.0008468991735372871,0.00149678191887442,0.0004729696383646743,0.9467666814014388,0.0025024983281541845,0.1990390956675448,0.001769673416291374,-1.762334722534782,0.09209000357719999,7.533518543332104,0.06697585554710658,0.9996839443742098,0.00022344975657960435,0.00022361359570661896,0.0002235885927887003,0.029945907758843284,0.0001724450034016865,-7.967118351791509,1.072338732932485,1.100019023274257,0.0029019797020593584,0.19236426467506096,0.002052243067366741,2.4464208003684895,0.07153163857059107,1.0914734320103592,0.0031749091370535058,0.1822464217867076,0.002245340525668219,3.3704535563382114,0.11686503488657413,,,,,,,,,,,,,,,,,,,,,,,,,,,,,,,,,,,,,,,,,,,,,,,,,,,,,,,,,,,,,,,,,,,,,,,,,,,,,,,,,,,,,,,,,,,,,,,,,,,,,
jewel,joint FM: direct S,bench_joint_s1__euler4__sigdirect,1,0.2,0.9335548295788871,0.002624144042689326,0.19418665915901015,0.0018557194962841978,-1.090971554418011,0.04394907178220357,3.4303392599773406,0.03277859665541109,0.9927483683828862,0.0011424187678101547,0.0074823053589484325,0.0012254728532065428,0.9909691763448009,0.0021369539616380136,0.17140981813941703,0.001511172078358718,-0.16780256894087495,0.05221469363984589,4.191616574808199,0.03695098525941914,0.9995339443840299,0.00026901462552865495,0.0009255831173639393,0.00041374174464054125,1.0465422764295154,0.0030406794954862763,0.1738247724108292,0.0021504141265754873,1.7318483173280725,0.11016820354710664,6.531701361523792,0.08079236071686331,1.0,0.0,0.0002961208172934557,0.0002960769702779946,0.010046975520965899,7.21256451968168e-05,-5.0692204734665305,1.1659878670171209,1.03103955570938,0.0025793601007950916,0.14697826684760468,0.0018241639399235615,0.7460554922181498,0.06316537362131658,1.0210138948794134,0.003417140207285799,0.14093373294147837,0.002416993579831573,0.7426853878194899,0.12294176294337449,,,,,,,,,,,,,,,,,,,,,,,,,,,,,,,,,,,,,,,,,,,,,,,,,,,,,,,,,,,,,,,,,,,,,,,,,,,,,,,,,,,,,,,,,,,,,,,,,,,,,
jewel,joint FM: direct S,bench_joint_s1__euler4__sigdirect,1,0.4,0.8420543535432441,0.003170043962779973,0.23376790607728487,0.0022417657126402686,-2.6846696693506225,0.05390693723763849,4.796879214417511,0.04599643616936363,0.927037163314013,0.00339569283419361,0.017176596886741814,0.001737957898571598,0.8853706739368729,0.002111787187218651,0.19289069254469876,0.0014933485402829222,-2.7696413201281644,0.05161838082784273,5.468133117394158,0.04233143188255391,0.9976085136912591,0.0005341127858523864,0.0011752607609813426,0.00041527318442929087,0.9477975059786912,0.0023632144249137632,0.1782778638573048,0.0016711917793081196,-1.7823664148783047,0.08601829357121844,6.729440886149504,0.06307680568906247,1.0,0.0,0.00023110700254217703,0.00023108029577574566,0.02378022189670176,0.00014194175441060612,-5.848329722431052,1.0348711448582797,1.085414366895329,0.002878210263651874,0.1872607040041804,0.002035442434828048,2.0909202000900073,0.07085955411170007,1.0754615422830303,0.00307171962755454,0.1664974047838361,0.0021724035178946875,2.7429893408200394,0.11154442127401995,8363.0,8343.0,0.2333133811488756,0.0012371561534114713,0.11249960965257819,0.24044054328850267,0.0012873055546580184,0.0073722935851800175,0.005619128674347567,0.0015022448021748634,0.1349847937328117,0.0010631690577480894,0.1127203522269067,0.033920652043629373,0.22219185028709884,0.0008514313958434737,0.07742409833569552,0.1769835844944236,0.0007154273154244865,0.045208265792675215,-0.04555838311174448,0.0007950580677315436,0.08467840315062934,0.0006669451839698878,0.07693487798397827,0.033920652043629373,0.12200639606997325,0.00038409287091166423,0.035125077792603245,0.10392357700930555,0.00034694591097013215,0.018090281678139798,-0.017894420488013558,0.000218078228606629,0.026776624656035475,0.0002072906489906094,0.034909600529781745,0.0,3.6128166501361014,0.009580606103743769,0.8761410590504918,2.7516380401824647,0.006247002724811165,0.8611963400196215,-0.8576373188721405,0.010255081226663711,1.2700186901959807,0.009831821669188197,0.8728240260916788,0.0,0.3333239448394808,0.0015398480785307376,0.14081824382421843,0.3938085573982755,0.001707849044271741,0.060520324153728475,0.0601887346647731,0.0006444372382693388,0.0841874473513573,0.0006517352662069782,0.1407919348903576,0.0,5.338290244842989,0.003932526371781602,2.1067883814436112,5.897368710577301,0.0025351996833709654,0.7258124496428162,0.4226923494815133,0.0012047090986737519,0.11016997193396078,0.4664750703089265,0.0013472114031185761,0.043904674750583655,0.043521632436327694,0.0005646281940393069,0.06748275768001355,0.0005224162796789628,0.11012511583942054,0.0,0.002613971647171148,0.0020772412605365143,0.001055134700250489,0.01746392696473011,0.0021076343839108065,0.006687002077848813,0.002378850610997395,,,,,,,,,,,,,,
jewel,joint FM: direct S,bench_joint_s1__euler4__sigdirect,1,0.5,0.8284981576444482,0.0033226086641301666,0.23982698894224633,0.0023496646241022907,-2.9340593714898597,0.05685569411173316,5.044838337367906,0.04942121228405299,0.8981210136183416,0.003971534173986106,0.021048999309868876,0.0018855237879122492,0.860824018046977,0.0021414575309228133,0.2002921152737029,0.0015143256968925976,-3.383457873746203,0.05248670267683559,5.962151424360725,0.04507478012003615,0.9931880108991825,0.0008764235795512066,0.0012613875262789068,0.00042019724200028583,0.9248710472544703,0.0022640709550133015,0.18008973149411256,0.001601066456887219,-2.6166224906015496,0.08257710978456041,7.070388516431848,0.06285348514862844,0.9998419721871049,0.00015801532600691698,0.0002232142857142857,0.00022318937201526125,0.030350513740216037,0.00017479233680230577,-5.9932287359651815,1.00171346415263,1.1031516862732427,0.0030235142214862657,0.2003520240599104,0.002138190897144432,2.53665563613214,0.07465738254732013,1.089652912321282,0.0030425890051912225,0.17467747000820297,0.0021517617628672506,3.2864815765576663,0.11094771859575508,,,,,,,,,,,,,,,,,,,,,,,,,,,,,,,,,,,,,,,,,,,,,,,,,,,,,,,,,,,,,,,,,,,,,,,,,,,,,,,,,,,,,,,,,,,,,,,,,,,,,
jewel,joint FM: direct S,bench_joint_s2__euler4__sigdirect,2,0.2,0.8892635433393858,0.0026919375451965317,0.19933065905201328,0.0019036608973081268,-1.8287815576473754,0.04533433098538454,3.822710055886945,0.036504570093796714,0.9940174039158811,0.0010383163831745796,0.0063518949820029645,0.001156003066428235,0.9688705402055339,0.002430619431936835,0.1949956770193687,0.0017188410213235129,-0.691550348970491,0.05983676714153018,4.8499428214061995,0.04274778367268988,0.99984464812801,0.0001553398044192682,0.0009986019572598363,0.0004463653340730121,1.0575943730842914,0.003722967386688346,0.2128287310927348,0.0026329383524303696,2.1963179217992415,0.13619476708743689,8.089622492279624,0.10006270377110923,1.0,0.0,0.0003184713375796178,0.00031842062154496554,0.009936804867410548,7.132739608773283e-05,-7.34568603198384,1.2371847605712432,1.03033409833671,0.0027625038672865303,0.15743848608036987,0.001953685992919041,0.7134049857667075,0.06808378494828961,1.018998861047551,0.004081063419672224,0.1683160383290697,0.0028865962430227737,0.6848163287442842,0.14672610767762168,,,,,,,,,,,,,,,,,,,,,,,,,,,,,,,,,,,,,,,,,,,,,,,,,,,,,,,,,,,,,,,,,,,,,,,,,,,,,,,,,,,,,,,,,,,,,,,,,,,,,
jewel,joint FM: direct S,bench_joint_s2__euler4__sigdirect,2,0.4,0.8086385515862339,0.0030197129979362912,0.22351996386473313,0.0021354544232641036,-3.258304598888968,0.0516444077205609,5.0229309656571495,0.04798346003678173,0.9340265939311285,0.0032411045816294697,0.014367318677514281,0.0015656483559118805,0.8565252634536328,0.0022512136134843516,0.20568751274583771,0.0015919437636617772,-3.471040166355989,0.05533798549429159,6.132873615460304,0.04746328542460104,0.9982063852684443,0.00046269382606328735,0.0014434643143544507,0.0004808073811737091,0.947790709950477,0.0028146922412488657,0.21233677100794127,0.001990462856551454,-1.7144060623022055,0.10335576231931136,7.983282781554915,0.07482939300490798,1.0,0.0,0.000507227998985544,0.00035857338385054916,0.02350337431290525,0.00014026429471937087,-7.685057223248614,1.075021030653082,1.0893446823137833,0.0029599813307408457,0.19267182181030684,0.002093269908376209,2.1704212377694,0.0729993085998307,1.08098422206837,0.0035733955215902185,0.1936899042718344,0.0025272023306736114,2.9625803756509703,0.13080150657460057,8363.0,8348.0,0.2333133811488756,0.0012371561534114713,0.11249960965257819,0.2382416962304805,0.0012928416021673241,0.005159800977920893,0.0031188269137876,0.0015087311631695327,0.13542720243131878,0.0010671170520751654,0.11286674653472442,0.035337805462386185,0.22219185028709884,0.0008514313958434737,0.07742409833569552,0.17760645078493084,0.0007210646215486761,0.04458539950216797,-0.04513412974158704,0.000792694196194787,0.08424550832939223,0.0006638239355540632,0.07716256616021723,0.035337805462386185,0.12200639606997325,0.00038409287091166423,0.035125077792603245,0.10425481554848175,0.00034979636566779865,0.017771375177398005,-0.017616687799377986,0.00021718338266208949,0.026535096438685058,0.0002053593364232561,0.03499422154086551,0.0,3.6128166501361014,0.009580606103743769,0.8761410590504918,2.651972007355379,0.005876317872715694,0.9608446427807225,-0.9586731224466647,0.010486287675682784,1.3553666829336732,0.010489398569197053,0.8746437435576131,0.0,0.3333239448394808,0.0015398480785307376,0.14081824382421843,0.39085211033690037,0.001717962363173951,0.05761935864734112,0.05726251769495063,0.0006675745060794527,0.08366199790268299,0.0006474735229562335,0.1407766000609354,0.0,5.338290244842989,0.003932526371781602,2.1067883814436112,5.932950714497877,0.0026348444950803937,0.6776926242049641,0.4226923494815133,0.0012047090986737519,0.11016997193396078,0.46374695461391713,0.0013559869786062692,0.04137738175862692,0.04083039175418033,0.000585178240829023,0.06727374200020146,0.0005206422010861672,0.1101261998337626,0.0,0.002613971647171148,0.0020772412605365143,0.001055134700250489,0.01746392696473011,0.0021076343839108065,0.006687002077848813,0.002378850610997395,,,,,,,,,,,,,,
jewel,joint FM: direct S,bench_joint_s2__euler4__sigdirect,2,0.5,0.7941378996976848,0.0031309516025142836,0.22698859292567813,0.002214127748315148,-3.5235834271871753,0.05373248174783987,5.252680850624948,0.05123164938435757,0.9060506809170833,0.0038306425747142493,0.01742449385994026,0.0016855765825998597,0.8279171784436918,0.0022364635055076394,0.20915418182358897,0.0015815089264756912,-4.192069866404612,0.05512764692006702,6.644775862717575,0.05024126917572342,0.992960944595822,0.0008908090536795759,0.0013880320789636028,0.0004623561426422435,0.9196802901547289,0.002668491082142945,0.2122750691434461,0.0018870572493751689,-2.742995965375856,0.09799457851136684,8.26386198122708,0.07345727645178844,1.0,0.0,0.0004937052579609973,0.00034901614834318166,0.030271774022978194,0.00017434464776984796,-7.642214689555767,1.0304391736951848,1.1068667399802476,0.0030792579955853812,0.20409232794554766,0.002177612074032443,2.607263328611665,0.07625739254909307,1.0972340734741248,0.00350996792973439,0.2015100681458618,0.002482298715734074,3.579292991690117,0.1292712239920469,,,,,,,,,,,,,,,,,,,,,,,,,,,,,,,,,,,,,,,,,,,,,,,,,,,,,,,,,,,,,,,,,,,,,,,,,,,,,,,,,,,,,,,,,,,,,,,,,,,,,
jewel,unpaired FM [mid32],bb_uvcgan_otcfm1_s0__midpoint32__sig,0,0.2,0.7110350248437772,0.0017169730214803025,0.12719514143403318,0.0012141938942643947,-4.8546746156143445,0.028698466008464558,5.299791800805942,0.05058674780573858,0.9949238578680203,0.0009568628219035363,0.0009487666034155598,0.0004240999947758112,0.7507574568368452,0.001085348532372471,0.08707850772829336,0.0007675169271027522,-6.060551638200882,0.02638655375621521,6.419661114096044,0.05657901082869555,1.0,0.0,0.0,0.0,0.7711257621354622,0.0010734667629798394,0.06136625581306758,0.0007591717887228162,-8.127296147218166,0.04042489017836527,8.449462463985265,0.10451366060230241,1.0,0.0,0.0,0.0,0.008884717063511165,6.377211703245355e-05,-2.1341250927715394,0.8318824208284196,1.0098940151710356,0.0018051109121326554,0.10287548646672859,0.0012766027032435996,0.23902629083025662,0.043315820300396116,1.0005752066423343,0.0017522326263099814,0.07226764780713084,0.0012393799350500071,0.006988887390854015,0.061353023218557706,,,,,,,,,,,,,,,,,,,,,,,,,,,,,,,,,,,,,,,,,,,,,,,,,,,,,,,,,,,,,,,,,,,,,,,,,,,,,,,,,,,,,,,,,,,,,,,,,,,,,
jewel,unpaired FM [mid32],bb_uvcgan_otcfm1_s0__midpoint32__sig,0,0.4,0.7620338737836732,0.0023535487951749684,0.17877678105230912,0.0016643545440016027,-4.054991601045279,0.04000967872840038,5.067487062252669,0.047172592435985095,0.9836345039209001,0.001656572452592865,0.004240496743904286,0.0007996776318602741,0.7751929701097174,0.0013520003012997147,0.12362488485668287,0.0009560657570522545,-5.5304348320692105,0.03312262312940851,6.305444534874619,0.048760887346470896,0.999760851369126,0.0001690833969440299,0.0002718499388337638,0.00019220080499821726,0.7795882315027572,0.0010857125179227112,0.08190475922025564,0.000767782142625744,-7.988395488644607,0.0411253110673354,8.569690820636362,0.08032594859718231,1.0,0.0,0.0,0.0,0.023287703413630102,0.00013891290482938694,-0.8907200373477845,0.7762659874755666,1.0440658495993171,0.0024564526454887315,0.1600280392318775,0.0017371789982818602,1.0906153380888601,0.05910557950795217,1.0388368314530831,0.0019410513875272395,0.10521143130261529,0.0013727642408677707,1.3871838531359664,0.06894590620067471,8363.0,8361.0,0.2333133811488756,0.0012371561534114713,0.11249960965257819,0.213476650167901,0.0011868240770246568,0.01983682077788601,-0.0197437478331951,0.001391644449855011,0.12785176936076784,0.0009959888886363684,0.11253261366509941,0.014591556033967223,0.22219185028709884,0.0008514313958434737,0.07742409833569552,0.22653400084533276,0.0007520234649022057,0.012861968251716382,0.004595598523451306,0.0007866049870009761,0.0715470432674864,0.000557364676808834,0.07739120242322348,0.014591556033967223,0.12200639606997325,0.00038409287091166423,0.035125077792603245,0.13568708093114795,0.00032841677895948805,0.013715221554497233,0.013702410618334656,0.0001952269051296475,0.022503853052423712,0.00017402545331763627,0.03510038205779994,0.0,3.6128166501361014,0.009580606103743769,0.8761410590504918,3.1463113450281726,0.00638010369724705,0.4725217811980073,-0.466220740509154,0.009926179659225438,1.0203740021615102,0.007890695334084704,0.8760363716668822,0.0,0.3333239448394808,0.0015398480785307376,0.14081824382421843,0.3021071327558576,0.001368627376501725,0.031216812083623303,-0.03125885113727709,0.00046814517268919806,0.053004827336754386,0.00040989376725014903,0.14080859836250262,0.0,5.338290244842989,0.003932526371781602,2.1067883814436112,5.143695964602648,0.00193177302872535,0.7470910615404711,0.4226923494815133,0.0012047090986737519,0.11016997193396078,0.37436874951561766,0.0010740088505916644,0.04832359996589569,-0.048358870736512044,0.00042748367023996107,0.06218109561248888,0.0004808551374088006,0.11015931691401319,0.0,0.002613971647171148,0.0020772412605365143,0.001055134700250489,0.01746392696473011,0.0021076343839108065,0.006687002077848813,0.002378850610997395,,,,,,,,,,,,,,
jewel,unpaired FM [mid32],bb_uvcgan_otcfm1_s0__midpoint32__sig,0,0.5,0.8146747500837719,0.0025664068599519593,0.1938953927430324,0.00181488267802837,-3.168302414475705,0.043410849827907064,4.560140012816174,0.042679684194354625,0.983968281330805,0.0016490322845708933,0.01346338782799835,0.0013508213686983408,0.798939744435997,0.0014177417335949631,0.13301107573131887,0.0010025517456379316,-4.967072637897137,0.03479944282643307,5.943992205383019,0.04479943649428304,0.9993188010899182,0.00027800355424422384,0.00023738872403560832,0.0001678392514223621,0.790290024568285,0.001091122744074178,0.08679056704134239,0.0007716012707179668,-7.648545734016839,0.041660115225718386,8.335536747544861,0.07410024695956291,0.9998419721871049,0.00015801532600691698,0.0,0.0,0.031073737919911047,0.00017863781138197288,0.24143590746715596,0.7478639133205709,1.0538832865791248,0.002693481136523953,0.1790709233712213,0.0019047942632871573,1.3389983920278088,0.06500692547068476,1.0491370014489005,0.002026000816587409,0.11629668233676459,0.0014328163554130555,1.7710922230388042,0.07206661863756969,,,,,,,,,,,,,,,,,,,,,,,,,,,,,,,,,,,,,,,,,,,,,,,,,,,,,,,,,,,,,,,,,,,,,,,,,,,,,,,,,,,,,,,,,,,,,,,,,,,,,
jewel,unpaired FM [mid32],bb_uvcgan_otcfm1_s1__midpoint32__sig,1,0.2,0.7093829740012967,0.0017403789157520789,0.12897605160263648,0.0012307457872243678,-4.881296652850365,0.029074902192537454,5.335702284602191,0.05091096478727095,0.9956490210297317,0.0008862056180357339,0.0005773672055427252,0.0003332468669568331,0.7500690697557303,0.0010973722699820227,0.0880431832192784,0.0007760196539845957,-6.07703145021973,0.026655221491822437,6.442344690215855,0.05677893015093177,1.0,0.0,0.0,0.0,0.7700601827643143,0.0010679203717061702,0.06104918845944543,0.0007552492976598421,-8.165623176569637,0.04030496723079865,8.484470309626287,0.10494668200613003,1.0,0.0,0.0,0.0,0.008880074054299074,6.37387907571496e-05,-2.0542769624957153,0.8284359465091898,1.0093609198456945,0.0018331649171036291,0.10447431864337262,0.001296442934855984,0.2273830180106726,0.04392229849938065,1.0006689466952396,0.0017462499283689423,0.07202090231155703,0.0012351482847118875,0.009812034091222412,0.06123188768913585,,,,,,,,,,,,,,,,,,,,,,,,,,,,,,,,,,,,,,,,,,,,,,,,,,,,,,,,,,,,,,,,,,,,,,,,,,,,,,,,,,,,,,,,,,,,,,,,,,,,,
jewel,unpaired FM [mid32],bb_uvcgan_otcfm1_s1__midpoint32__sig,1,0.4,0.7599644035955885,0.0023555650820345155,0.17879033803785166,0.0016657806232200111,-4.093961440717927,0.04018569445651657,5.1052817544667,0.047561525938149114,0.9821002386634845,0.00173113325478581,0.005663554262972601,0.0009284422232419796,0.7735973336677245,0.0013663716798789454,0.1249389822133042,0.0009662284640635089,-5.568902989016515,0.03345629338454144,6.353844886762338,0.0491351740589895,0.999760851369126,0.0001690833969440299,0.0001362769146906514,0.00013626762867553446,0.7783327129698673,0.0010934346992312685,0.08248731066945757,0.0007732430291983447,-8.034367194968466,0.04140899790287266,8.620292511820246,0.08080025145478124,1.0,0.0,0.0,0.0,0.023324235240155332,0.0001391308199260887,-0.9030705901541237,0.7755571071036385,1.0439921084399608,0.0024784551864501137,0.16146141654311344,0.0017527389774807855,1.0904535580239711,0.05967592933896088,1.0383170625826372,0.0019508928562142417,0.10574487158829389,0.0013797243947194146,1.3670091314250403,0.06926507998248378,8363.0,8361.0,0.2333133811488756,0.0012371561534114713,0.11249960965257819,0.21327294432363683,0.0011890912782001753,0.020040733993903007,-0.019945951526554526,0.0013856543932235883,0.12737627337797666,0.0009920438997815771,0.11251202580070599,0.014113144360722418,0.22219185028709884,0.0008514313958434737,0.07742409833569552,0.2258111674299664,0.0007519083877733715,0.012338982210019105,0.0037489246806173063,0.0007805303826510054,0.07096420356774381,0.0005526900998534815,0.07733916904465533,0.014113144360722418,0.12200639606997325,0.00038409287091166423,0.035125077792603245,0.13548256150385743,0.00032858330575296946,0.013490466990628367,0.013497891191044126,0.00019576416022886757,0.02241911550368229,0.00017337016596313752,0.03510038205779994,0.0,3.6128166501361014,0.009580606103743769,0.8761410590504918,3.135944616558022,0.006399145739908847,0.4822714476890313,-0.47658746897930465,0.009972558093359646,1.0289086821869298,0.007956695212278214,0.8760363716668822,0.0,0.3333239448394808,0.0015398480785307376,0.14081824382421843,0.3025112847003472,0.001368866926507511,0.030812660139133585,-0.030854699192787365,0.0004707810776568575,0.05296320626668292,0.000409571905675161,0.14080859836250262,0.0,5.338290244842989,0.003932526371781602,2.1067883814436112,5.145721073095918,0.0019313443698173222,0.7479205213423592,0.4226923494815133,0.0012047090986737519,0.11016997193396078,0.3747359313578294,0.0010735650219384522,0.04795641812368391,-0.047991688894300256,0.000429461890716967,0.06201035615666602,0.0004795347852393494,0.11015931691401319,0.0,0.002613971647171148,0.0020772412605365143,0.001055134700250489,0.01746392696473011,0.0021076343839108065,0.006687002077848813,0.002378850610997395,,,,,,,,,,,,,,
jewel,unpaired FM [mid32],bb_uvcgan_otcfm1_s1__midpoint32__sig,1,0.5,0.8127068675821347,0.0025597131488651476,0.19328800601254537,0.001810149261743356,-3.2031440645611524,0.04337805275205585,4.581411500230825,0.04290132419333755,0.9829339769005344,0.0017005010545169895,0.014378542789990323,0.0013997590348427016,0.79760659166443,0.0014341207822690652,0.13456302645700882,0.001014134126896215,-4.99940661505422,0.03520144195211985,5.9919503006270345,0.045155763287103384,0.9995458673932789,0.0002270147383994499,0.0003568454859046033,0.0002059880745495778,0.7890621849146296,0.0010984304635984511,0.08737874530290014,0.0007767690074509867,-7.694264871071296,0.041940386043573544,8.386455656416029,0.07454700877186504,1.0,0.0,0.0,0.0,0.031043516495132813,0.00017844638177290798,0.23615045075747185,0.7470829498098884,1.0540879154655194,0.002719171233627725,0.1807788801664212,0.001922961960444193,1.3449327957175303,0.06571614446254767,1.048418803656057,0.0020381705523289805,0.11701300271532153,0.0014414228978086683,1.7427985739038163,0.0724223454268246,,,,,,,,,,,,,,,,,,,,,,,,,,,,,,,,,,,,,,,,,,,,,,,,,,,,,,,,,,,,,,,,,,,,,,,,,,,,,,,,,,,,,,,,,,,,,,,,,,,,,
jewel,unpaired FM [mid32],bb_uvcgan_otcfm1_s2__midpoint32__sig,2,0.2,0.7124528187430911,0.0017367876321608242,0.12869819017466552,0.0012282061553870486,-4.830681068666977,0.02901481787373643,5.287544889608488,0.05045606154617587,0.9954677302393038,0.000904397472444486,0.0011363636363636363,0.00046365484690106065,0.7518905441133386,0.0010866009474489163,0.0871789901380082,0.0007684025870933076,-6.034279983093381,0.026459048784748706,6.396792790272104,0.056377463251919606,1.0,0.0,0.0,0.0,0.7712438503620835,0.0010651419659983188,0.06089035694150705,0.0007532843674880203,-8.12401636301567,0.04019587187102924,8.44273510113337,0.10443044805229128,1.0,0.0,0.0,0.0,0.008838449619853797,6.344002172647831e-05,-2.0560108437735582,0.8299628087479234,1.0096339563902894,0.0018132196227684423,0.10333761183845379,0.0012823373103793105,0.23117201201156473,0.043504703924338486,1.0003540960712902,0.001742167174662983,0.07185251656044425,0.0012322604929044874,-0.0007650122784910944,0.06107288004290422,,,,,,,,,,,,,,,,,,,,,,,,,,,,,,,,,,,,,,,,,,,,,,,,,,,,,,,,,,,,,,,,,,,,,,,,,,,,,,,,,,,,,,,,,,,,,,,,,,,,,
jewel,unpaired FM [mid32],bb_uvcgan_otcfm1_s2__midpoint32__sig,2,0.4,0.7652141014364134,0.0023559222761048147,0.17894156367141065,0.0016660330189442033,-4.001828256018487,0.04008425239842067,5.0283152753821145,0.04681200393023184,0.9834640300034094,0.001665033779236231,0.0047090991948959444,0.0008437854041423952,0.7776313572689759,0.0013606809056624831,0.12441862633277724,0.0009622042383630819,-5.4705470342564455,0.033292159173301875,6.260507052284945,0.04841337948813198,0.999760851369126,0.0001690833969440299,0.0002698327037236913,0.00019077479074011244,0.7802131961706207,0.0010837926414964886,0.08175992620615052,0.0007664244656976726,-7.968339041552896,0.04112202662782563,8.550908022727997,0.08014989253041437,1.0,0.0,0.0,0.0,0.02340784767874625,0.00013962957441974715,-0.7684038454329404,0.773781462956464,1.0442085988415475,0.0024827440462434538,0.16174081855989123,0.0017557720166778768,1.0960307517893673,0.05966623029768965,1.0381967084807668,0.001949417819961335,0.10566491972489203,0.0013786812090340766,1.3629561512616386,0.06923285059986896,8363.0,8361.0,0.2333133811488756,0.0012371561534114713,0.11249960965257819,0.21291570149544525,0.0011921320822103761,0.02039784210973526,-0.020327457531561965,0.0013832106701240903,0.12719498738222887,0.0009908123081827566,0.11253536585402785,0.014471953115655967,0.22219185028709884,0.0008514313958434737,0.07742409833569552,0.2261878147535372,0.0007532041726459802,0.012509840547676728,0.004083078460190025,0.0007776486778324849,0.070708615109202,0.0005507997412997338,0.07738616022127881,0.014471953115655967,0.12200639606997325,0.00038409287091166423,0.035125077792603245,0.13588600753253527,0.00032854592049776245,0.01389835741495832,0.01390133721972195,0.00019540423240510638,0.022638323363274003,0.00017506533109985298,0.03510038205779994,0.0,3.6128166501361014,0.009580606103743769,0.8761410590504918,3.161979289975343,0.006435079921978371,0.45704519953079825,-0.45055279556198335,0.009943604724269198,1.0147383875325717,0.007847114335389064,0.8760363716668822,0.0,0.3333239448394808,0.0015398480785307376,0.14081824382421843,0.3017156796605326,0.0013677957826271822,0.031608265178948255,-0.031650304232602046,0.00046834395711618066,0.05325123645321848,0.0004117992835230454,0.14080859836250262,0.0,5.338290244842989,0.003932526371781602,2.1067883814436112,5.144748943483066,0.0019376734447599181,0.744852206457008,0.4226923494815133,0.0012047090986737519,0.11016997193396078,0.3739337407854456,0.0010735118431646434,0.0487586086960677,-0.04879387946668406,0.0004269305824961899,0.0624883974935607,0.0004832315459746718,0.11015931691401319,0.0,0.002613971647171148,0.0020772412605365143,0.001055134700250489,0.01746392696473011,0.0021076343839108065,0.006687002077848813,0.002378850610997395,,,,,,,,,,,,,,
jewel,unpaired FM [mid32],bb_uvcgan_otcfm1_s2__midpoint32__sig,2,0.5,0.8204386153650272,0.0025703093882858854,0.1942582633707723,0.001817642312514021,-3.0704136820949746,0.04346662306364353,4.496597833275381,0.04207023613436624,0.9846578176176521,0.0016137446092450234,0.013963777132586756,0.0013797126827967204,0.8034364691779231,0.0014245594498025567,0.13363552188318611,0.0010073728858806998,-4.8582503661946665,0.034967795564918885,5.861976442747468,0.04418630997839912,0.9990917347865577,0.00032097438146778517,0.0002333177788147457,0.00016496133599687066,0.7915056604158179,0.001091271049091891,0.08680922299136735,0.0007717061368510831,-7.608921978374784,0.04174650749648218,8.302044799519715,0.07379668263323268,1.0,0.0,0.0,0.0,0.03101083237071329,0.00017828206988136674,0.43677303815779644,0.7443969603582863,1.0540393395757364,0.002723696402158039,0.1810797273103442,0.001926162099825185,1.3439638088689425,0.06572996546131867,1.0479410925247654,0.0020313652409072653,0.11662230433978184,0.001436610085799992,1.7249319258333153,0.07223005293651925,,,,,,,,,,,,,,,,,,,,,,,,,,,,,,,,,,,,,,,,,,,,,,,,,,,,,,,,,,,,,,,,,,,,,,,,,,,,,,,,,,,,,,,,,,,,,,,,,,,,,
jewel,paired FM [mid32],bench_paired_bkg_s0__midpoint32__sig,0,0.2,0.7158727722972589,0.0017413093108493902,0.12898624571158981,0.0012314038379874523,-4.772123972853014,0.029084796084360594,5.2359105875229135,0.04998155271191506,0.9947425670775925,0.0009737110370810685,0.001139168407062844,0.0004647985863970411,0.7551424327544282,0.0011101729671549175,0.08907019488829582,0.0007850718169220045,-5.952922907235642,0.02693046952394108,6.332908226452298,0.055814423340013554,1.0,0.0,0.0,0.0,0.7800761202422102,0.0010907893192543087,0.06235652440482585,0.0007714225602284335,-7.7981112131029375,0.04005191193841879,8.127294700936446,0.10052868139352963,1.0,0.0,0.0,0.0,0.008873962677506807,6.369492493303388e-05,-2.2800894919433476,0.842776304446378,1.0088817638299001,0.00182284638327509,0.10388625273556631,0.0012891455061547965,0.21297122837620874,0.043738787421344495,1.0028384764775875,0.0017475597661550568,0.07207492418878388,0.001236074752263002,0.09696520145464879,0.061224983539895673,,,,,,,,,,,,,,,,,,,,,,,,,,,,,,,,,,,,,,,,,,,,,,,,,,,,,,,,,,,,,,,,,,,,,,,,,,,,,,,,,,,,,,,,,,,,,,,,,,,,,
jewel,paired FM [mid32],bench_paired_bkg_s0__midpoint32__sig,0,0.4,0.7743163129337653,0.0024072196216282315,0.18274269464416787,0.0017023090176227283,-3.8466543039272514,0.040868625116531096,4.941899280280042,0.04603144224179443,0.9824411864984657,0.0017148645956191375,0.006881786205841872,0.0010223400934252294,0.7860437253043828,0.0013803977178862004,0.1261988554230216,0.0009761469847656039,-5.263212117609777,0.03371702822585225,6.099433886459531,0.04717624247932664,0.9994021284228147,0.00026729635738555256,0.00013399437223636607,0.0001339853946897253,0.7925381560397174,0.0011080931709483584,0.08359312696677933,0.0007836090447289561,-7.510875038476791,0.04132766973017978,8.132240581992681,0.07622561334372119,1.0,0.0,0.0,0.0,0.02331817309985493,0.0001391095090304672,-0.9612906977337503,0.7898059013649981,1.0438983895378127,0.002459452894658165,0.16018573604132788,0.0017393008414339163,1.0840318647280165,0.05913586023925936,1.0394849350030482,0.0019419269883353758,0.10525889177422655,0.001373383489531875,1.4187457333732403,0.06910130096694653,8363.0,8358.0,0.2333133811488756,0.0012371561534114713,0.11249960965257819,0.21375112947067013,0.0011851938391037313,0.019562907526758384,-0.01949250645683527,0.0013893946875275646,0.1275357370296202,0.000994130429304108,0.11251320261132933,0.01543431442928933,0.22219185028709884,0.0008514313958434737,0.07742409833569552,0.22901500204616818,0.0007589216504891286,0.013814033605538949,0.006901133580699472,0.0007865168815226196,0.07168094237930947,0.0005587469652048646,0.07729360653002933,0.01543431442928933,0.12200639606997325,0.00038409287091166423,0.035125077792603245,0.13665374846496386,0.0003358942527895626,0.014665576589343844,0.014707395079914972,0.00019537929657164387,0.023137804242379423,0.0001789599959105855,0.03504586636989459,0.0,3.6128166501361014,0.009580606103743769,0.8761410590504918,3.2194451090260334,0.006814670466787382,0.4000850436850494,-0.39247225102981037,0.009957162307837978,0.9913067419844669,0.007667289801282903,0.8754599795863863,0.0,0.3333239448394808,0.0015398480785307376,0.14081824382421843,0.3046992566021718,0.0014104527614607748,0.028624688237309,-0.02873036857168155,0.0004533330359334355,0.0504290956815551,0.00039004525504696477,0.14079365307133648,0.0,5.338290244842989,0.003932526371781602,2.1067883814436112,5.167347180817521,0.0019558736509786515,0.7309551781680812,0.4226923494815133,0.0012047090986737519,0.11016997193396078,0.3769041752606195,0.0011134323243806785,0.04578817422089389,-0.04587933488485017,0.0004172837893952495,0.05966788482099947,0.0004615029287870421,0.11013937978987638,0.0,0.002613971647171148,0.0020772412605365143,0.001055134700250489,0.01746392696473011,0.0021076343839108065,0.006687002077848813,0.002378850610997395,,,,,,,,,,,,,,
jewel,paired FM [mid32],bench_paired_bkg_s0__midpoint32__sig,0,0.5,0.8320400924404676,0.0026366158728280487,0.19923467072637413,0.001864532239232508,-2.874458911813324,0.044534012294979136,4.425723991554743,0.041414390471527285,0.9843130494742286,0.0016314901348636638,0.016097696364140993,0.0014825546985086481,0.8146086919249267,0.001447694925665068,0.13582125349813187,0.0010237330541130415,-4.581490169582286,0.03543231904064212,5.660434287164316,0.04266228110935748,0.9993188010899182,0.00027800355424422384,0.00023441162681669012,0.0001657346224340572,0.8073794710837776,0.0011112328750234651,0.08839017595596108,0.0007858224045721059,-7.019447310974187,0.04174324396591821,7.765141855409002,0.0690296193980937,0.9998419721871049,0.00015801532600691698,0.0,0.0,0.031243306569811266,0.0001796126336764533,0.23519917850691882,0.7637041842147734,1.0533330045063307,0.0026771356048189508,0.17796408696947327,0.001893234967760354,1.323013866409775,0.06461525942078229,1.0495338043468916,0.002013053563632039,0.11555348295019147,0.0014236598754944682,1.7938629102327361,0.0717967359452716,,,,,,,,,,,,,,,,,,,,,,,,,,,,,,,,,,,,,,,,,,,,,,,,,,,,,,,,,,,,,,,,,,,,,,,,,,,,,,,,,,,,,,,,,,,,,,,,,,,,,
jewel,paired FM [mid32],bench_paired_bkg_s1__midpoint32__sig,1,0.2,0.7123867406634568,0.0017547486788028763,0.1299699122517276,0.0012409077928984106,-4.83154368138344,0.0293628951859749,5.298465032996672,0.05058330166197065,0.9945612762871646,0.0009902666261125787,0.0009551098376313276,0.0004269340739520748,0.7527114841262293,0.001120950749516584,0.08993490624753332,0.0007926934519567212,-6.010967728574912,0.027166828334224666,6.393940442473433,0.05635232438335318,1.0,0.0,0.0,0.0,0.7777833667683018,0.0011036524932821967,0.06309186606158304,0.0007805195897520089,-7.882436097528841,0.040753763425618136,8.219520636035753,0.10166944864597716,1.0,0.0,0.0,0.0,0.008860431516921336,6.359780189014201e-05,-2.3179337868706487,0.8419176641811567,1.0088090510364147,0.0018440952112895757,0.10509724952481923,0.001304173010061469,0.21084613655434686,0.044276890839584235,1.0025006482039254,0.0017759048765806633,0.07324396671574888,0.0012561236661975943,0.08117591673015417,0.06226872754078894,,,,,,,,,,,,,,,,,,,,,,,,,,,,,,,,,,,,,,,,,,,,,,,,,,,,,,,,,,,,,,,,,,,,,,,,,,,,,,,,,,,,,,,,,,,,,,,,,,,,,
jewel,paired FM [mid32],bench_paired_bkg_s1__midpoint32__sig,1,0.4,0.7704102772518092,0.002422378032863746,0.1839093906948669,0.0017130285372822594,-3.914114666166406,0.04119520265629389,5.0101955447757645,0.04666354110472749,0.9826116604159564,0.0017066677580710938,0.005797101449275362,0.0009376842357745828,0.7823503906642779,0.001392606257974575,0.12733021756955248,0.0009847802286370973,-5.35249927333965,0.03399241264711945,6.189434198212611,0.0478666257145506,0.9996412770536889,0.0002070716389476165,0.0001350621285791464,0.00013505300738186576,0.7897402515375977,0.00111615521957786,0.08420131757057259,0.0007893102749059414,-7.613804011236514,0.04169039190191713,8.23780764227114,0.0772151209508175,1.0,0.0,0.0,0.0,0.023527787888305292,0.0001403500208439718,-0.9530655182560492,0.7871107955773256,1.0426633709249664,0.0024901929798715715,0.16220697318462615,0.0017610398777237527,1.0547882545511895,0.059837581251308676,1.0389015921023128,0.0019707680576317365,0.10682217350930398,0.001393780676774234,1.3963643419635439,0.07005267294397746,8363.0,8360.0,0.2333133811488756,0.0012371561534114713,0.11249960965257819,0.21371356654659965,0.0011903668803867687,0.019600032017625852,-0.01969761263426043,0.0013946625183221143,0.128039401725613,0.0009980564535865127,0.11255371884954028,0.015669856459330167,0.22219185028709884,0.0008514313958434737,0.07742409833569552,0.2287139582202984,0.0007609288507482312,0.013623011000543087,0.006538000995616622,0.0007784888467716258,0.07092170903159807,0.0005528288046054788,0.07734737335185336,0.015669856459330167,0.12200639606997325,0.00038409287091166423,0.035125077792603245,0.1365568028025399,0.0003372145144153864,0.014559642404317332,0.014582187497969091,0.00019511866023932422,0.02304161864498952,0.000178194726725688,0.03509043843628971,0.0,3.6128166501361014,0.009580606103743769,0.8761410590504918,3.2021363811038284,0.006846999842199244,0.4156529564215711,-0.4102800927079235,0.009976044564147591,1.0001645880012955,0.00773487566935132,0.8760249823909104,0.0,0.3333239448394808,0.0015398480785307376,0.14081824382421843,0.3051618068938476,0.0014163112070615606,0.028162137945633263,-0.028226674012679684,0.00045280494317452493,0.0501080362046563,0.0003875156496521241,0.1408019935876017,0.0,5.338290244842989,0.003932526371781602,2.1067883814436112,5.166144956168105,0.0019543224876627137,0.7326478245830814,0.4226923494815133,0.0012047090986737519,0.11016997193396078,0.3772923142256027,0.0011189709577826591,0.045400035255910624,-0.04545442634392502,0.00041674034995101107,0.05931279065609255,0.00045870156455343763,0.11015203129280145,0.0,0.002613971647171148,0.0020772412605365143,0.001055134700250489,0.01746392696473011,0.0021076343839108065,0.006687002077848813,0.002378850610997395,,,,,,,,,,,,,,
jewel,paired FM [mid32],bench_paired_bkg_s1__midpoint32__sig,1,0.5,0.8277323609030761,0.0026639218514858494,0.2010864016696156,0.0018838425203366374,-2.9480624910957545,0.04499569204746954,4.4974785550278185,0.042130137926056896,0.9822444406136873,0.0017339059487754013,0.01592356687898089,0.0014730105310163662,0.8107074882904736,0.001460447025833572,0.13700985891481376,0.0010327506695453797,-4.677175754609961,0.03575077156556604,5.755404992828194,0.04338053271645365,0.9992052679382379,0.0003002611001819552,0.00011788282447247436,0.00011787587608754171,0.8044020035783492,0.0011196522162138225,0.08905987091007521,0.0007917762483503328,-7.129323468832678,0.04210894523420157,7.876931961401427,0.07002339756890126,0.9998419721871049,0.00015801532600691698,0.0,0.0,0.03130098501015051,0.0001799501648399936,0.27661463850766704,0.7600060239471919,1.0510909876307688,0.0027191714951649406,0.18075844629587687,0.001922962194636988,1.2681771008826188,0.0656128920268409,1.0489871311190255,0.0020446046576590607,0.11736458170661669,0.00144597325423695,1.7724946286401422,0.07285480031230872,,,,,,,,,,,,,,,,,,,,,,,,,,,,,,,,,,,,,,,,,,,,,,,,,,,,,,,,,,,,,,,,,,,,,,,,,,,,,,,,,,,,,,,,,,,,,,,,,,,,,
jewel,paired FM [mid32],bench_paired_bkg_s2__midpoint32__sig,2,0.2,0.7162088536628922,0.0017439875475203266,0.12919640552930228,0.0012332977894123592,-4.768178986273065,0.02918770286675958,5.23553996963663,0.049973461227400796,0.9949238578680203,0.0009568628219035363,0.0009514747859181732,0.0004253099796744066,0.7541703816176465,0.0011082415707272832,0.08891523718232969,0.0007837060073162047,-5.977939960640322,0.026949678645721984,6.356953977412183,0.0560263480475275,1.0,0.0,0.0,0.0,0.776528082029713,0.0010824747605853854,0.06188121082098134,0.000765542379681804,-7.931123107013495,0.040331461935981174,8.25945096193151,0.10216335752434622,1.0,0.0,0.0,0.0,0.008867267326472436,6.364686749837558e-05,-2.1763862099167226,0.8370434072477583,1.0091961357706636,0.0018386258930779163,0.10478554636692239,0.0013003050225782761,0.22102949253276602,0.044105664014833644,1.0020555755791234,0.001750744317521185,0.07220626521799169,0.0012383272323310322,0.06234030785297037,0.06143670360199163,,,,,,,,,,,,,,,,,,,,,,,,,,,,,,,,,,,,,,,,,,,,,,,,,,,,,,,,,,,,,,,,,,,,,,,,,,,,,,,,,,,,,,,,,,,,,,,,,,,,,
jewel,paired FM [mid32],bench_paired_bkg_s2__midpoint32__sig,2,0.4,0.7761450292545754,0.002419846671531716,0.18374907763177353,0.0017112383877317602,-3.816666405207858,0.04111426602171751,4.930891408251812,0.045916959385467686,0.9829526082509376,0.0016901460355491524,0.006994070244792459,0.0010276068602521327,0.7857136149972983,0.0013782162843248963,0.12600696161877886,0.0009746043790403757,-5.272855233585406,0.03368047412944837,6.106163885961245,0.04722547076798838,0.9995217027382518,0.00023909143196610566,0.00013336889837289943,0.0001333600044448196,0.7893167373649234,0.0010967933754984002,0.0827406848973651,0.0007756181806479184,-7.634143829512018,0.04119427928659327,8.24242686189762,0.07725841810190985,1.0,0.0,0.0,0.0,0.023464601457707904,0.00013997807677471107,-0.7340967610389848,0.7808811813737939,1.0428922428215157,0.002489883168829528,0.16216767921115496,0.0017608208313415385,1.0605445420855,0.05985821189308917,1.0393554294437375,0.0019455637143070954,0.10545601439921148,0.001375955480876304,1.4093519679533588,0.06915657096725655,8363.0,8359.0,0.2333133811488756,0.0012371561534114713,0.11249960965257819,0.21383581935767637,0.001182346506409632,0.01947780437257728,-0.01946108446819296,0.0013729802704258904,0.12608199614314178,0.0009826195426821044,0.11252751687966228,0.01519320492881926,0.22219185028709884,0.0008514313958434737,0.07742409833569552,0.22864996412604968,0.0007595724154789766,0.013706421342637866,0.00653021652625737,0.0007741981685372563,0.07054617616694725,0.0005498013474059955,0.07731446341893496,0.01519320492881926,0.12200639606997325,0.00038409287091166423,0.035125077792603245,0.1366788944602046,0.00033705883692066244,0.01469369041677484,0.014720623698141908,0.0001945107221429942,0.02308581138795588,0.0001785471748250622,0.03506070239151585,0.0,3.6128166501361014,0.009580606103743769,0.8761410590504918,3.2182089939659924,0.006778766514271526,0.4017608606209484,-0.39386912327593565,0.009914075634817564,0.988296395504388,0.007643548946222467,0.8755309711087313,0.0,0.3333239448394808,0.0015398480785307376,0.14081824382421843,0.30464541201845063,0.00141805472563826,0.02867853282103019,-0.02876264386536679,0.0004478212338267457,0.05003634465750996,0.00038698436139144687,0.14079904024858708,0.0,5.338290244842989,0.003932526371781602,2.1067883814436112,5.165418055983125,0.0019560697922758386,0.7322367715779319,0.4226923494815133,0.0012047090986737519,0.11016997193396078,0.376871044221689,0.0011210284794426354,0.04582130525982432,-0.04589560793997485,0.000413026955277827,0.05943382217967863,0.00045966506703650026,0.11014357467332275,0.0,0.002613971647171148,0.0020772412605365143,0.001055134700250489,0.01746392696473011,0.0021076343839108065,0.006687002077848813,0.002378850610997395,,,,,,,,,,,,,,
jewel,paired FM [mid32],bench_paired_bkg_s2__midpoint32__sig,2,0.5,0.833680772878983,0.002663763456750163,0.20140940793036455,0.0018837299590659603,-2.8459832696436327,0.04493303088892927,4.431942440322004,0.041447182886696333,0.985519737976211,0.0015684455303728282,0.01684152401987852,0.0015118657811896493,0.8142658811522092,0.0014488595969245148,0.13592279997194714,0.0010245566544579048,-4.591763300429312,0.035461719288649975,5.6702595044571,0.042738760912637355,0.9992052679382379,0.0003002611001819552,0.00011649580615097856,0.00011648902031691711,0.8042400684483678,0.0011036979049661756,0.0877908260409645,0.0007804939550437629,-7.139811789005656,0.041679564680212056,7.871981257130748,0.06997938739652824,0.9998419721871049,0.00015801532600691698,0.0,0.0,0.03125145183926894,0.00017966539737142046,0.4765830958280978,0.7545359523673444,1.0521763608241466,0.0027144224677194276,0.18046316758000597,0.0019196036959525055,1.2939870526801347,0.06549165499905615,1.0494009060884761,0.0020286946582686906,0.11645131448089237,0.0014347214782482651,1.7852782212175782,0.07219956526354974,,,,,,,,,,,,,,,,,,,,,,,,,,,,,,,,,,,,,,,,,,,,,,,,,,,,,,,,,,,,,,,,,,,,,,,,,,,,,,,,,,,,,,,,,,,,,,,,,,,,,
jewel,joint FM: M - B [mid32],bench_joint_s0__midpoint32__sig,0,0.2,1.0389737594504878,0.0020924993170393894,0.15512746191886678,0.0014797550839266223,0.6479564847986752,0.03472330060491586,2.654508730955595,0.025318956245689358,0.9963741841914431,0.0008092858995440057,0.021247892074198988,0.0018726944974310762,1.0082717693623238,0.0012584883637166801,0.10096183190158452,0.0008899547975269989,0.17903428543285962,0.030087624827467487,2.4204007715776665,0.02133360585777266,0.99984464812801,0.0001553398044192682,0.0012884753042233356,0.00042921498412011946,0.9856314571713191,0.0012011212955471517,0.06866380891054563,0.0008494509880141702,-0.5275042809789944,0.042135678209296853,2.4658301284292876,0.03050051222122806,1.0,0.0,0.0,0.0,0.00921396789621623,6.613879878314776e-05,0.6592703949878199,0.9655968341011583,1.015670058337223,0.0018333197527490548,0.10448314291684994,0.0012965524370489962,0.3695108206931311,0.043977233362171186,1.0016652322841555,0.0017195267425665426,0.07091875311580824,0.0012162465819432003,0.05334077264203121,0.06030284832615415,,,,,,,,,,,,,,,,,,,,,,,,,,,,,,,,,,,,,,,,,,,,,,,,,,,,,,,,,,,,,,,,,,,,,,,,,,,,,,,,,,,,,,,,,,,,,,,,,,,,,
jewel,joint FM: M - B [mid32],bench_joint_s0__midpoint32__sig,0,0.4,0.9953715689258937,0.003081512604842625,0.230145879369496,0.0021791538026416086,-0.0886134574308887,0.05155804989550269,3.8516844730833375,0.03646669880760581,0.9509035117627003,0.0028211255283160067,0.08314642742710669,0.0034947000434455565,0.9593300949191927,0.0015508297514474404,0.1417376946469825,0.0010966678808294638,-1.0389344330360868,0.03730921279278285,3.5646278399980105,0.027578964519198466,0.9988042568456296,0.00037790104731786256,0.004410499139414802,0.0006872835785751688,0.9266692378652697,0.0012373836402769817,0.09334663407388682,0.0008750392455634693,-2.671706332304487,0.04430027642208601,4.278631170686911,0.04010472660872235,1.0,0.0,0.00021119324181626187,0.00021117093934597253,0.022959704525798853,0.0001369953690005562,-0.07134851615828038,0.8971952774415939,1.0699031843707578,0.0024369601276661448,0.15868334687250163,0.0017233942741951694,1.688662937612034,0.05816527150930097,1.0370561957021969,0.0019217168672054292,0.10416343609255616,0.0013590903431633286,1.3286035803277438,0.06827803670031087,8363.0,8353.0,0.2333133811488756,0.0012371561534114713,0.11249960965257819,0.24742986283889853,0.0013022652940237226,0.014119509629539196,0.013778844090059835,0.00148567102610377,0.13513904241809324,0.0010560316205911052,0.11251444046309526,0.01975338201843646,0.22219185028709884,0.0008514313958434737,0.07742409833569552,0.18187025306710122,0.0007073140696908359,0.04032165123941406,-0.04027510429218283,0.0007824208675439362,0.08145326040937756,0.0006365090136307476,0.07732936362752126,0.01975338201843646,0.12200639606997325,0.00038409287091166423,0.035125077792603245,0.10604430794631654,0.0003234861835525669,0.015991745134552322,-0.015870518648850817,0.00021957454193493445,0.025585081193197086,0.0001979477460537334,0.03504037094755567,0.0,3.6128166501361014,0.009580606103743769,0.8761410590504918,3.04574645702608,0.00791716641618803,0.5677496937557298,-0.5655891434856806,0.009715620161848128,1.0527858786970838,0.008145238633078807,0.8750611276228106,0.0,0.3333239448394808,0.0015398480785307376,0.14081824382421843,0.3706408340602072,0.0014965567494385013,0.03762589365741776,0.037167947895854356,0.0005690116231464922,0.06392137726319537,0.0004945496345450045,0.14081573937005257,0.0,5.338290244842989,0.003932526371781602,2.1067883814436112,6.141949774182238,0.0033994694598821944,0.803659529339248,0.4226923494815133,0.0012047090986737519,0.11016997193396078,0.452724229299643,0.0011532049948812407,0.03036273648116051,0.029900658394464822,0.0005065917101276622,0.05511554109627221,0.0004264202661760518,0.11015938170986175,0.0,0.002613971647171148,0.0020772412605365143,0.001055134700250489,0.01746392696473011,0.0021076343839108065,0.006687002077848813,0.002378850610997395,,,,,,,,,,,,,,
jewel,joint FM: M - B [mid32],bench_joint_s0__midpoint32__sig,0,0.5,0.9733168715654501,0.0033408928156111926,0.24436524243210875,0.0023625887781444856,-0.4749204368668005,0.05638025368118446,4.1511168375428165,0.040130361171444806,0.92225478365799,0.003515692348188799,0.09370028635062043,0.0036755234008062944,0.9329397860764134,0.0016407266423956216,0.15359865569608844,0.0011602351300408038,-1.6839988528780223,0.039645072663712456,4.075599282740791,0.030784017331105976,0.9950045413260672,0.0007512103514445037,0.004454573707655651,0.0006778014012494828,0.906112392666997,0.001234855890576291,0.09821568988672759,0.0008732439969762216,-3.4255281559635327,0.04459342561502387,4.930918757395002,0.04383774998498033,0.9996839443742098,0.00022344975657960435,0.0002054653790836244,0.00020544426998827064,0.029835647500127863,0.00017174173647498985,-0.5519812853424848,0.8766152784581519,1.0885552006068626,0.0026399104577275894,0.1751118493683559,0.0018669107473883156,2.155055889670247,0.06335024922146829,1.0520160341436688,0.0019698683805542574,0.11307456316055815,0.001393118704869682,1.8807089919351752,0.07009454216994809,,,,,,,,,,,,,,,,,,,,,,,,,,,,,,,,,,,,,,,,,,,,,,,,,,,,,,,,,,,,,,,,,,,,,,,,,,,,,,,,,,,,,,,,,,,,,,,,,,,,,
jewel,joint FM: M - B [mid32],bench_joint_s1__midpoint32__sig,1,0.2,1.0416027626333915,0.0020352701502952732,0.15088477695717833,0.0014392842700301051,0.6868873344246349,0.033593829711745245,2.5834666050626103,0.02464134970550001,0.9963741841914431,0.0008092858995440057,0.020537897310513448,0.00181077514210154,1.000893113575163,0.0012165491445335962,0.09759727127526197,0.0008602969870993416,-0.006744651832420528,0.02905819083969384,2.331193948583152,0.020547329789802074,0.99984464812801,0.0001553398044192682,0.0012649332396345748,0.00042137765280951745,0.9726128702845659,0.0011315294903425951,0.0646854942873511,0.0008002346200188201,-0.9973977907333363,0.039984840147649046,2.493920550502068,0.030847970163221838,1.0,0.0,0.0,0.0,0.00934127418311694,6.705261625983046e-05,1.2268270657546867,0.9354653742538513,1.0150822576819258,0.0018126300512568494,0.10330401143437092,0.0012819203561742275,0.3573090826240039,0.043372478478086555,1.0024955534750781,0.0016614728404768697,0.06852442550938691,0.0011751842022563095,0.0858266233877485,0.05843498125106771,,,,,,,,,,,,,,,,,,,,,,,,,,,,,,,,,,,,,,,,,,,,,,,,,,,,,,,,,,,,,,,,,,,,,,,,,,,,,,,,,,,,,,,,,,,,,,,,,,,,,
jewel,joint FM: M - B [mid32],bench_joint_s1__midpoint32__sig,1,0.4,0.9771804677108142,0.0030068178680802125,0.22380099073196177,0.002126333220303608,-0.3996258947894778,0.050295270374841106,3.7648059240949534,0.035766192775817454,0.9444255028980566,0.0029912354176607307,0.0620203602192639,0.0030184459053042034,0.9405090194781104,0.0015046786092052632,0.1375032581238206,0.0010640321568535069,-1.4989850340600377,0.03627972240620359,3.6385017251360874,0.028153885854301876,0.9985651082147555,0.0004139202938522032,0.0032690421706440013,0.0005958663621811585,0.9118590738762817,0.0011906898471679942,0.08982411423687754,0.0008420188465824071,-3.2074801479848953,0.042781389026525035,4.550150105503714,0.04264974444632465,1.0,0.0,0.0,0.0,0.02348437859910838,0.0001401359593483683,-0.19075052938395248,0.8857148345236642,1.068197272574575,0.002397217446147502,0.15605867162601034,0.0016952887344185263,1.6473244418007886,0.05738055505960487,1.03697649920678,0.0018683369371276695,0.10127006661125189,0.0013213386073454936,1.3267179664896052,0.0663446875376627,8363.0,8351.0,0.2333133811488756,0.0012371561534114713,0.11249960965257819,0.25110888329161435,0.001307481069646444,0.0178307366415048,0.01701245518832974,0.0015104420069405287,0.13740756131149565,0.001076325117287336,0.11266114239377434,0.024188719913782797,0.22219185028709884,0.0008514313958434737,0.07742409833569552,0.17656375464742613,0.0006984539230842876,0.0456280956396727,-0.04555616461275559,0.0007949414928940274,0.0849998695046806,0.0006658112089380315,0.07718617197332489,0.024188719913782797,0.12200639606997325,0.00038409287091166423,0.035125077792603245,0.10260692495836601,0.00032262497104957764,0.01940767923043806,-0.019272727884270764,0.00022240034451341827,0.028008828564682512,0.00021672584538716622,0.0349833631814181,0.0,3.6128166501361014,0.009580606103743769,0.8761410590504918,2.894852293296664,0.007756163101038529,0.718347021205102,-0.7155602348872483,0.009586887437901865,1.131173544554546,0.008752759586393656,0.8739372778781068,0.0,0.3333239448394808,0.0015398480785307376,0.14081824382421843,0.37946904770961953,0.0015608870589351636,0.04619450024385505,0.04592046822299022,0.0005738882281756435,0.06970704434617231,0.000539377006806144,0.14077719484905474,0.0,5.338290244842989,0.003932526371781602,2.1067883814436112,6.225658281031733,0.0035575900465940617,0.8873785856907916,0.4226923494815133,0.0012047090986737519,0.11016997193396078,0.46175576682260483,0.0012060312337223245,0.03911384323096298,0.03886746156626719,0.0005114523302386162,0.06078785455237523,0.0004703623765167973,0.11012040181249215,0.0,0.002613971647171148,0.0020772412605365143,0.001055134700250489,0.01746392696473011,0.0021076343839108065,0.006687002077848813,0.002378850610997395,,,,,,,,,,,,,,
jewel,joint FM: M - B [mid32],bench_joint_s1__midpoint32__sig,1,0.5,0.9576370138706845,0.0032725703476257197,0.23869581634047662,0.002314274201912181,-0.7439915722687348,0.05521192393209393,4.095214313707428,0.03970139989576773,0.9170832615066368,0.003620545887076309,0.07296070142476906,0.0032542065482555125,0.9173203519679822,0.0015920011619938144,0.14896061463238675,0.0011257791126345694,-2.0697018976427213,0.038596705753908916,4.16245592232544,0.03145622297340008,0.9939827429609446,0.0008240433349592173,0.0029276453366792136,0.000552462476272772,0.8927797797950794,0.0012076616695476249,0.09606794870726841,0.0008540132375043434,-3.909123099017717,0.04364693049789824,5.2284250539090085,0.046475348386133375,1.0,0.0,0.00021934634788330776,0.00021932229015382673,0.030160683935548688,0.00017365301266586652,-0.6735164769833712,0.8674234568196867,1.087958785697817,0.0025982261886404743,0.1722292784758726,0.0018374324531988254,2.1383922218115288,0.06253395707992178,1.0509848117928473,0.0019412111024974367,0.11144648309631802,0.0013728518103761583,1.8433338273735702,0.06894092718488666,,,,,,,,,,,,,,,,,,,,,,,,,,,,,,,,,,,,,,,,,,,,,,,,,,,,,,,,,,,,,,,,,,,,,,,,,,,,,,,,,,,,,,,,,,,,,,,,,,,,,
jewel,joint FM: M - B [mid32],bench_joint_s2__midpoint32__sig,2,0.2,1.0155256628668015,0.001980748222551796,0.1468427931912117,0.0014007279373675738,0.2543493584462905,0.032811330702217235,2.4457301743914197,0.02332760655561559,0.9963741841914431,0.0008092858995440057,0.017532142260811488,0.0016958971562454454,0.9909876514108369,0.0012070803173007938,0.09683763759810979,0.0008536009949346625,-0.23656572094374395,0.028910550383269364,2.331373064899113,0.02054890853532731,0.99984464812801,0.0001553398044192682,0.001026694045174538,0.00038785461626817975,0.9762665948794698,0.0012032085214911865,0.06878312815324464,0.000850927105494513,-0.8475161060326197,0.04226143652022812,2.560278574049,0.03166877030060153,1.0,0.0,0.0,0.0,0.009243702167474,6.635223440673928e-05,0.09506251695093912,0.9707433443750586,1.0156663665099626,0.0017267106407111447,0.0984073587703077,0.0012211568036265585,0.36753664516202617,0.04140240123670303,1.0030807180849775,0.0016925181115672963,0.06980483125206764,0.0011971429795841185,0.10753967123957603,0.05933588850668625,,,,,,,,,,,,,,,,,,,,,,,,,,,,,,,,,,,,,,,,,,,,,,,,,,,,,,,,,,,,,,,,,,,,,,,,,,,,,,,,,,,,,,,,,,,,,,,,,,,,,
jewel,joint FM: M - B [mid32],bench_joint_s2__midpoint32__sig,2,0.4,0.9443477767071844,0.0028367980516367584,0.21146992846105683,0.0020060996493282586,-0.9634383549178258,0.04775336036063203,3.6878590212373377,0.03498155528349664,0.9473235594953971,0.0029166636568533203,0.0546374869733512,0.0027730447133739672,0.9195102125121072,0.0015268058058314456,0.13955038474576836,0.001079679361295172,-1.9976538025917618,0.03691835431471064,3.9213300507429802,0.03033689750424625,0.9989238311610666,0.00035852987112345214,0.0024438496450599327,0.0005326396726002319,0.9108822251501221,0.0012856824374273595,0.09699023335631794,0.0009091946535100535,-3.2156297796217506,0.045985338647199954,4.730196172368798,0.04433736321984017,1.0,0.0,0.00023391812865497077,0.00023389076820939442,0.023361130230363136,0.00013938562310143686,-1.423455554834627,0.9102480012399327,1.0713109081458498,0.002366630060349163,0.15412195622378813,0.0016736574945989612,1.72868845619172,0.05679938913077082,1.045684651631316,0.0019653849492153805,0.10653039115620333,0.0013899735963506178,1.6494531102824528,0.07007778151889284,8363.0,8354.0,0.2333133811488756,0.0012371561534114713,0.11249960965257819,0.24699404806994116,0.0013009962399359934,0.013694527399951834,0.013044333103759539,0.0015038454591825433,0.13655411983906288,0.0010682644627448745,0.11264753765028582,0.02202537706487906,0.22219185028709884,0.0008514313958434737,0.07742409833569552,0.17476420274330953,0.0006891340316624241,0.047427647543789295,-0.047320193681266574,0.0007929580348477971,0.08588569907688397,0.0006718848196595359,0.07733089714793893,0.02202537706487906,0.12200639606997325,0.00038409287091166423,0.035125077792603245,0.1014563894579817,0.00031458576778861295,0.020578866788704353,-0.02046508137721437,0.0002237955670751986,0.028934842316562445,0.00022385092157513374,0.035038269049881034,0.0,3.6128166501361014,0.009580606103743769,0.8761410590504918,2.7916205470823914,0.007114882995405859,0.8211976647006973,-0.8197185008268291,0.00969792718167261,1.2073236433532735,0.009340313911072531,0.8748397435335481,0.0,0.3333239448394808,0.0015398480785307376,0.14081824382421843,0.3831299875375171,0.0015294001919884063,0.050066343899159815,0.04963004104371626,0.0005960991131019502,0.07369940627415734,0.0005701665774956362,0.1407834444548161,0.0,5.338290244842989,0.003932526371781602,2.1067883814436112,6.354194020889708,0.003785853960406965,1.0159360451130506,0.4226923494815133,0.0012047090986737519,0.11016997193396078,0.4639909259412669,0.0011751610800814951,0.041573300649714366,0.04115702199729749,0.0005270418390576266,0.06335942659198784,0.000490172570422824,0.11014087581477455,0.0,0.002613971647171148,0.0020772412605365143,0.001055134700250489,0.01746392696473011,0.0021076343839108065,0.006687002077848813,0.002378850610997395,,,,,,,,,,,,,,
jewel,joint FM: M - B [mid32],bench_joint_s2__midpoint32__sig,2,0.5,0.9203344755476629,0.00308716859236805,0.22582801790219176,0.002183161851549061,-1.3803836402525007,0.05211806284835376,4.054668917229779,0.03919430108521309,0.9224271677297018,0.0035121207114390414,0.06173200702165009,0.0029108352275375813,0.8905846302492074,0.0016164239158314242,0.1513235258642476,0.0011430495267922413,-2.713012312111204,0.03933909701537253,4.574198460581981,0.03455006121008528,0.9950045413260672,0.0007512103514445037,0.0026996625421822273,0.0005503219595890327,0.8884170677016963,0.0013015718049973494,0.10353838045398123,0.0009204229786033822,-4.038689333306982,0.04681890977349689,5.4938195081109935,0.048834433500983265,1.0,0.0,0.00022904260192395785,0.00022901637016507623,0.030264682679446653,0.00017419983072885207,-1.8627966466825565,0.8856992575556514,1.0896232040109022,0.002585534930305257,0.1715439589009113,0.0018284569788097418,2.182325068922512,0.062426631785288206,1.0615243017219116,0.0020552820737656592,0.11799538885668022,0.001453524406579359,2.237785253712262,0.07339753410655558,,,,,,,,,,,,,,,,,,,,,,,,,,,,,,,,,,,,,,,,,,,,,,,,,,,,,,,,,,,,,,,,,,,,,,,,,,,,,,,,,,,,,,,,,,,,,,,,,,,,,
jewel,joint FM: direct S [mid32],bench_joint_s0__midpoint32__sigdirect,0,0.2,1.0466927389422356,0.0023168307180626486,0.17174264655580454,0.0016383957989870254,0.7893057569291201,0.0386191344876393,2.9695880029623,0.028326789403988396,0.9961928934010152,0.0008291958302235814,0.0210373594486761,0.001932614760029142,1.0411158935128388,0.0015173307053614217,0.1217273770902345,0.001072998193390864,1.0014295327980298,0.03663580575559462,3.1050195097866493,0.027367890136353518,0.99984464812801,0.0001553398044192682,0.0010512088902237572,0.00039711072635004505,1.0385349573245568,0.0017425274666726292,0.09961406348930193,0.001232341549262613,1.3866816612299495,0.061825189878956355,3.7966220828593102,0.04696143375918504,1.0,0.0,0.0,0.0,0.009612026267763921,6.899610226372008e-05,-1.1780576986025064,1.0657009722250617,1.0226559090473142,0.002011531010254136,0.11463962121768874,0.0014225862289618937,0.5364149231182709,0.048669840582651974,1.0058642681699437,0.002251731899081148,0.09286858685057423,0.0015926831249057681,0.20595418504263158,0.07999251879518249,,,,,,,,,,,,,,,,,,,,,,,,,,,,,,,,,,,,,,,,,,,,,,,,,,,,,,,,,,,,,,,,,,,,,,,,,,,,,,,,,,,,,,,,,,,,,,,,,,,,,
jewel,joint FM: direct S [mid32],bench_joint_s0__midpoint32__sigdirect,0,0.4,0.9813181850513292,0.003163470945933672,0.23592792192556009,0.002237112873871132,-0.3195097849005073,0.05315703704326276,3.977243556630419,0.03770958012714452,0.9481759290828503,0.002894271020065947,0.06988073240383,0.003304304815115185,0.9689314580595256,0.00172903504095984,0.158015262768459,0.0012226856017374349,-0.7794409992776623,0.0417595328132323,3.8951553419632345,0.03013800785325054,0.9986846825301925,0.0003963222366823578,0.0037252619324796275,0.0006573117329856593,0.962236803177511,0.0015720569440396306,0.11859395867374796,0.0011117098024565188,-1.343850946471561,0.05629758769245844,4.454558941899397,0.04175374352228489,1.0,0.0,0.00019409937888198756,0.00019408054068338138,0.023137554305692736,0.00013806147385706899,-2.087710961479989,0.9755359090026979,1.0787616752530576,0.002503229127467481,0.1629792488565529,0.0017702591094291855,1.9062075576911106,0.06014922590758916,1.0475276207987576,0.0022379094698093765,0.12130212520765486,0.001582710336364318,1.714307965768687,0.08021178618691971,8363.0,8352.0,0.2333133811488756,0.0012371561534114713,0.11249960965257819,0.24408810276141532,0.001287232632605591,0.010867387750717163,0.009849443911818358,0.001496089238313308,0.13529761203939183,0.0010607092472323485,0.1126041267239964,0.025981800766283536,0.22219185028709884,0.0008514313958434737,0.07742409833569552,0.17892187808029822,0.0007118052093976993,0.04327001559655058,-0.04347821904703851,0.0007950103628998836,0.08385709837490717,0.0006574247568127042,0.07725567832239791,0.025981800766283536,0.12200639606997325,0.00038409287091166423,0.035125077792603245,0.10331658109121508,0.00033460126301146966,0.018710514517531068,-0.018586655839848622,0.0002199402701088952,0.027376652551468945,0.00021182153140419482,0.03502645612345447,0.0,3.6128166501361014,0.009580606103743769,0.8761410590504918,2.9989949957463207,0.0075117542454052645,0.6140351921918481,-0.6120054906133514,0.00981119226449353,1.0855920096946423,0.008399557306773,0.8745773866033089,0.0,0.3333239448394808,0.0015398480785307376,0.14081824382421843,0.39008510556339043,0.001600708797154102,0.05691828965906898,0.05658882699824342,0.0006121284908006183,0.07957261154977766,0.0006156776254736311,0.14080793950061643,0.0,5.338290244842989,0.003932526371781602,2.1067883814436112,6.369448361484315,0.003719477815672168,1.0313847425029914,0.4226923494815133,0.0012047090986737519,0.11016997193396078,0.46728497453744205,0.0012387291594519749,0.04476369423049888,0.044442915314878886,0.0005315262150531613,0.0658390517951242,0.0005094168745146677,0.11015301689038486,0.0,0.002613971647171148,0.0020772412605365143,0.001055134700250489,0.01746392696473011,0.0021076343839108065,0.006687002077848813,0.002378850610997395,,,,,,,,,,,,,,
jewel,joint FM: direct S [mid32],bench_joint_s0__midpoint32__sigdirect,0,0.5,0.9568942926093192,0.003401619391153261,0.24843468205632552,0.0024055336396620617,-0.7474887330167462,0.057631111081715466,4.274902741197683,0.04138898107780309,0.9194966385106016,0.0035721579000857814,0.08122415219189413,0.0035135749809606237,0.9388129312786421,0.001811777461633007,0.16961178988413064,0.0012811932252977348,-1.5155272786869654,0.04390675509907875,4.3808777294730135,0.033089861537825435,0.9950045413260672,0.0007512103514445037,0.0039347948285553686,0.0006637919090394127,0.9385485905798092,0.0015490120331580033,0.12320246163174178,0.001095403495680688,-2.2053536478642837,0.05577427262894492,4.954019831281602,0.04404312734998083,0.9996839443742098,0.00022344975657960435,0.00018925056775170325,0.0001892326590156564,0.029946640430884686,0.00017238064061355575,-2.5341960757170816,0.9489832458217835,1.0972416001296421,0.002701194143748258,0.17917694921436603,0.0019102497825198488,2.369967166918709,0.06528693467832172,1.0636469477438004,0.0022628822507188575,0.12989417186940208,0.0016003422469815188,2.311347186995677,0.08131185898887136,,,,,,,,,,,,,,,,,,,,,,,,,,,,,,,,,,,,,,,,,,,,,,,,,,,,,,,,,,,,,,,,,,,,,,,,,,,,,,,,,,,,,,,,,,,,,,,,,,,,,
jewel,joint FM: direct S [mid32],bench_joint_s1__midpoint32__sigdirect,1,0.2,1.0805061572165406,0.0022745111949093555,0.168544195557551,0.0016084687605754096,1.3575440650775485,0.03771572418287448,3.107046955629118,0.029648798391892047,0.9954677302393038,0.000904397472444486,0.02487028090892825,0.0020830729858341275,1.0650075148558216,0.0014765387481310282,0.11845485519208306,0.001044151682700458,1.5821125188591183,0.03552699826323243,3.259814524163116,0.028732265765478465,0.99984464812801,0.0001553398044192682,0.0017536168347216134,0.0005057815181829083,1.0582544394342486,0.001621776577280564,0.09271116698273534,0.0011469447099276195,2.077259304730041,0.05789910435817516,3.907728644626241,0.04833574053156175,1.0,0.0,0.0002433682161109759,0.00024333860026467082,0.009710960127281325,6.970625957066585e-05,-0.5489073634105296,1.0637307272679792,1.022018768784761,0.0019477130872499167,0.1110025594558723,0.0013774531944901643,0.5281315979335374,0.04690153666213713,1.010149631095067,0.002071659918450659,0.08544184551455569,0.0014653155617711116,0.35810900768287884,0.07372525083389446,,,,,,,,,,,,,,,,,,,,,,,,,,,,,,,,,,,,,,,,,,,,,,,,,,,,,,,,,,,,,,,,,,,,,,,,,,,,,,,,,,,,,,,,,,,,,,,,,,,,,
jewel,joint FM: direct S [mid32],bench_joint_s1__midpoint32__sigdirect,1,0.4,0.9902996746302355,0.0032067033811447386,0.23844163145560957,0.002267686787389968,-0.16600459085823163,0.053825796276250976,4.005779161964999,0.038093309934293405,0.9425502898056597,0.0030382615491771087,0.0662557781201849,0.003254484743294586,0.977790682681569,0.0017182081947778502,0.15700700301268314,0.0012150294244491367,-0.5554056251735051,0.04148547752129144,3.831344394026768,0.029647833039373375,0.9984455338993184,0.00043079610569888644,0.0036164255716285582,0.0006483536562471099,0.9761680609494439,0.0015162293036695212,0.1143823931194542,0.0010722302306237167,-0.8405817689487983,0.05433850410384667,4.184523857504499,0.03922263420194542,1.0,0.0,0.00018705574261129816,0.00018703824686766812,0.023565304170415045,0.00014062386568089303,-2.233809185136448,0.9908621563472436,1.0769156884604816,0.0024514695691794726,0.15957165104420407,0.0017336553535555602,1.8632509061484368,0.059099503307075404,1.0496789516742793,0.0021183589777704673,0.11482209152015466,0.001498160982594642,1.791472938579362,0.07588110106548487,8363.0,8350.0,0.2333133811488756,0.0012371561534114713,0.11249960965257819,0.2474303945650884,0.0013072325296189192,0.014125286688604648,0.012669962006621616,0.0015184574979680192,0.13712959073526487,0.0010783241048240542,0.11279515806983205,0.031616766467065904,0.22219185028709884,0.0008514313958434737,0.07742409833569552,0.17368096000781647,0.0006988842410245886,0.048510890279282355,-0.04863434920183522,0.0007973157548780866,0.08663527280280567,0.0006812599854660589,0.07715023760923331,0.031616766467065904,0.12200639606997325,0.00038409287091166423,0.035125077792603245,0.09959981595078783,0.0003332894078443167,0.02240866155961631,-0.022279268094442882,0.00022344546490631365,0.030220250654936158,0.00023385132049794565,0.0349854193176175,0.0,3.6128166501361014,0.009580606103743769,0.8761410590504918,2.921048961808316,0.0076370609533031285,0.6921826273173726,-0.689433263537949,0.009774818182765311,1.1283334009053723,0.008731305996648314,0.8739663998601747,0.0,0.3333239448394808,0.0015398480785307376,0.14081824382421843,0.40033508420365616,0.0016580212369606516,0.06702845306003131,0.06676950917123307,0.0006252588976671669,0.0878782618686342,0.000680022406686679,0.14077705727303602,0.0,5.338290244842989,0.003932526371781602,2.1067883814436112,6.610523607126124,0.004002757174216728,1.2728615726163506,0.4226923494815133,0.0012047090986737519,0.11016997193396078,0.4775984197308893,0.0012867787255864834,0.054924232279158755,0.054699462132618094,0.0005439223685643293,0.07390799376152339,0.0005719172264265485,0.11012269322543294,0.0,0.002613971647171148,0.0020772412605365143,0.001055134700250489,0.01746392696473011,0.0021076343839108065,0.006687002077848813,0.002378850610997395,,,,,,,,,,,,,,
jewel,joint FM: direct S [mid32],bench_joint_s1__midpoint32__sigdirect,1,0.5,0.9663970722605442,0.003465733999340557,0.2525233775842717,0.0024508748462380614,-0.5846750128248382,0.05855809015179834,4.306584598927589,0.04179377712910051,0.9151870367178073,0.0036579234767293413,0.0764244285226885,0.0034699994948087344,0.9486739326007155,0.0018045505878574854,0.16883882942763348,0.001276082845450377,-1.2700898516715489,0.04376282767892354,4.287033762188898,0.03239952437456003,0.9938692098092643,0.0008317334962637333,0.003374578177727784,0.0006150704276985421,0.9524005562990587,0.0015162315736873986,0.12061429183548136,0.001072222351427389,-1.701747819170887,0.05448992468448638,4.656687536585909,0.04139318692660403,1.0,0.0,0.0003635041802980734,0.0002569895497527318,0.030313748452501926,0.00017454008229514096,-2.7449477987284716,0.966860963661439,1.0960976389138803,0.0026501178257316636,0.17566903258743585,0.001874129557730305,2.3419387888465484,0.06416001465165828,1.064326141324582,0.0021674080988722676,0.12443263370121277,0.0015328215094858129,2.3364851384647563,0.07775862606912956,,,,,,,,,,,,,,,,,,,,,,,,,,,,,,,,,,,,,,,,,,,,,,,,,,,,,,,,,,,,,,,,,,,,,,,,,,,,,,,,,,,,,,,,,,,,,,,,,,,,,
jewel,joint FM: direct S [mid32],bench_joint_s2__midpoint32__sigdirect,2,0.2,1.0348225795223072,0.0022408691852047516,0.16608151738126894,0.0015846780484014037,0.593487688516579,0.03731110098495372,2.828273894184502,0.026983710421658685,0.9958303118201596,0.000867625547099005,0.018283852280955828,0.0018026025630995656,1.0387065643695947,0.0014794234756663987,0.11868628154842045,0.0010461916515898638,0.9506190624672649,0.03558009078393886,3.0085353330367286,0.02651747089072057,0.99984464812801,0.0001553398044192682,0.0013906056860321385,0.00046321281918993134,1.044719839567337,0.0016426056741169514,0.0939018919580189,0.0011616753594904116,1.6084797713554824,0.05817888421005038,3.694411537287558,0.045697164189920175,1.0,0.0,0.0,0.0,0.00972908682361662,6.983637484076742e-05,-1.8678234468800157,1.0904729633113697,1.0229890712796352,0.0019074394497697082,0.10870731542420992,0.001348971047420351,0.5429080524140066,0.045866293312628925,1.0070879772868928,0.002064332654457359,0.08513964583757969,0.0014601328800679207,0.24086989059456548,0.07305259485004426,,,,,,,,,,,,,,,,,,,,,,,,,,,,,,,,,,,,,,,,,,,,,,,,,,,,,,,,,,,,,,,,,,,,,,,,,,,,,,,,,,,,,,,,,,,,,,,,,,,,,
jewel,joint FM: direct S [mid32],bench_joint_s2__midpoint32__sigdirect,2,0.4,0.9408149690338348,0.0030072116849978146,0.2239312866628022,0.002126611542953448,-1.012842266058976,0.050784414011533066,3.914935362611894,0.03717567159406422,0.9452778724855098,0.002969547000606857,0.04872539528880284,0.002734669525873171,0.9415967196099339,0.0017551014988911842,0.16040705957060747,0.0012411184655396026,-1.4283442882146364,0.04249413611016236,4.138068456634184,0.032015584309522824,0.9988042568456296,0.00037790104731786256,0.0025287646984448096,0.0005647335802237023,0.961540662611216,0.001600105685597924,0.12070991974616763,0.0011315450005739594,-1.3428993458714722,0.05717962336611384,4.517760091067698,0.042346144387803965,1.0,0.0,0.0002008838891120932,0.000200863710930222,0.023469898535182554,0.00014003958137266475,-3.6226892954001007,1.0071642685486868,1.0799113850517976,0.00245926031757139,0.1601354300354074,0.0017391647495344483,1.9385431482951174,0.059426694074335956,1.0569493872662976,0.0022037560113621984,0.11945089433852282,0.0015585560832829626,2.058708197407626,0.07900265031473587,8363.0,8353.0,0.2333133811488756,0.0012371561534114713,0.11249960965257819,0.2436418209787429,0.001293184767806434,0.010396147046850624,0.009031374553020709,0.0015057322680861816,0.13588327283071103,0.0010670729989556654,0.11274183259233522,0.029330779360708714,0.22219185028709884,0.0008514313958434737,0.07742409833569552,0.171855592586886,0.0006959638760320432,0.05033625770021282,-0.05051359308583831,0.0008008503060071084,0.08804419230397487,0.0006913991572713885,0.07725571068357118,0.029330779360708714,0.12200639606997325,0.00038409287091166423,0.035125077792603245,0.09882454910820788,0.00032494248028502447,0.023201189910319345,-0.023088286091922854,0.00022282890647406703,0.030786655191117108,0.00023819150533848995,0.035031475560971956,0.0,3.6128166501361014,0.009580606103743769,0.8761410590504918,2.792064318706828,0.006924006700892139,0.8207523730947004,-0.8191964383193767,0.009903608184517158,1.2208018671247207,0.009445151889523117,0.8748628443654551,0.0,0.3333239448394808,0.0015398480785307376,0.14081824382421843,0.40343275535138895,0.0016189580892839513,0.07023763937662046,0.06993601009011291,0.0006518777341075271,0.09187277935245655,0.000710805232908399,0.14079156728752446,0.0,5.338290244842989,0.003932526371781602,2.1067883814436112,6.73705399403145,0.00422443297118329,1.3995740727892048,0.4226923494815133,0.0012047090986737519,0.11016997193396078,0.47891872285815534,0.0012488255821221607,0.05636778212663966,0.056082943026432824,0.0005588065566425955,0.07585277914153672,0.0005868610128535063,0.11014733506529174,0.0,0.002613971647171148,0.0020772412605365143,0.001055134700250489,0.01746392696473011,0.0021076343839108065,0.006687002077848813,0.002378850610997395,,,,,,,,,,,,,,
jewel,joint FM: direct S [mid32],bench_joint_s2__midpoint32__sigdirect,2,0.5,0.9148970662652708,0.0032253783454193386,0.23560720989347833,0.002280900637523655,-1.464018976294343,0.05462962311063064,4.2506572587452975,0.041146526587751184,0.9198414066540251,0.0035651687301245364,0.05476003147128246,0.0028539417556043153,0.9086162807147801,0.0018346786711891442,0.1717459157527855,0.0012973877582693513,-2.2428971150334,0.0446337106447912,4.742146850961908,0.03582066095151699,0.9948910081743869,0.0007596555301838662,0.0028144884973078806,0.0005860349806179498,0.935485616129403,0.0015980327395195711,0.12712147046134897,0.0011300690813729802,-2.287321331976518,0.05728198208497352,5.098571727444216,0.04532108519514864,1.0,0.0,0.00019708316909735908,0.00019706374725261152,0.03034110371925253,0.00017464548705908213,-3.9956909600107764,0.975377838524082,1.097451308215166,0.002671505532321138,0.17724789940700908,0.0018892542805154487,2.3749487466257273,0.06488648547915234,1.0736009335583396,0.0022718441658366633,0.1304283918939304,0.0016066801657732093,2.6813289587409277,0.08170794492304308,,,,,,,,,,,,,,,,,,,,,,,,,,,,,,,,,,,,,,,,,,,,,,,,,,,,,,,,,,,,,,,,,,,,,,,,,,,,,,,,,,,,,,,,,,,,,,,,,,,,,
jewel,UVCGAN-S [thr0.5],uvcgan__sig@thr0.5,0,0.2,0.9467223100292705,0.0019688561967445006,0.14610717211037222,0.0013923179871110666,-0.8833094255548434,0.032658949988447865,2.579542666692708,0.02457933787735559,0.9983683828861494,0.0005434284944159833,0.0075589970501474925,0.0011760467795149776,0.9566167190076716,0.0011923294199273722,0.09566168240985468,0.0008431697147795169,-1.0567105776086223,0.02840519992188543,2.512044056667961,0.022139637179958854,1.0,0.0,0.0003201024327784891,0.0002263103709436266,0.9576306185432003,0.0010682411516440792,0.061067526301294195,0.0007554761580412226,-1.4990822091521887,0.03723444543728943,2.6034622146876036,0.032202920298960845,1.0,0.0,0.0,0.0,0.009480481416787149,6.804835383203774e-05,-1.3975010938092898,0.9995828853352697,1.0142775540331812,0.0016504768502464354,0.09406270148274305,0.0011672430732670347,0.3349120801682684,0.039275549429815475,0.9986452195179789,0.001469491589133437,0.0606065079627443,0.0010393930366038842,-0.057700523607508505,0.051393720729682096,,,,,,,,,,,,,,,,,,,,,,,,,,,,,,,,,,,,,,,,,,,,,,,,,,,,,,,,,,,,,,,,,,,,,,,,,,,,,,,,,,,,,,,,,,,,,,,,,,,,,
jewel,UVCGAN-S [thr0.5],uvcgan__sig@thr0.5,0,0.4,0.9104208016416451,0.0028428379239587727,0.2142338214571173,0.002010366981724524,-1.5270007328469726,0.047848395904768894,3.915817365004466,0.03674273629160765,0.9681213774292533,0.0022937371555435907,0.028082419408441344,0.0021296384922747545,0.9154905896327477,0.001557049349734176,0.14236574863345364,0.0011010660090387588,-2.0787043510796117,0.037535979878078586,4.012459592968405,0.031030768787693185,0.9996412770536889,0.0002070716389476165,0.0013426095447333088,0.0004045401655663056,0.9134587273675904,0.001179875856941667,0.08900832069017314,0.0008343715288539635,-3.12619445031813,0.04201710384740022,4.451987623262298,0.04172964188163139,1.0,0.0,0.00022836263987211693,0.0002283365636356777,0.025830696079299605,0.00015408753047055517,-2.2331251532612213,0.9569795332749645,1.0507598510902996,0.002297602483361847,0.14966195287677117,0.001624841780963503,1.2309532781525039,0.0552466156675627,1.022497681164148,0.0017070222018559576,0.09252627224434407,0.0012072524468610128,0.7937545058126055,0.06051924848601042,8363.0,8360.0,0.2333133811488756,0.0012371561534114713,0.11249960965257819,0.23969945132772433,0.0012582783134487173,0.006406724510192336,0.006291787154518489,0.0014350912025847228,0.13031087702562144,0.0010159476200524156,0.11256913582894583,0.01602870813397128,0.22219185028709884,0.0008514313958434737,0.07742409833569552,0.21708151437890522,0.0009064176676985482,0.007893047468556407,-0.005037337058016816,0.0008885169368485177,0.08074337144067319,0.0006295026011837165,0.07740090618081043,0.01602870813397128,0.12200639606997325,0.00038409287091166423,0.035125077792603245,0.11160891786019103,0.0003890187262532337,0.01039758452912237,-0.010370893983374554,0.0002584996291560869,0.025810615048534786,0.00019960904509613189,0.03510226022969471,0.0,3.6128166501361014,0.009580606103743769,0.8761410590504918,2.9945442724491222,0.01095602941849679,0.6200003417135185,-0.6179253657164805,0.011225232285801303,1.1980152665599397,0.009264974233234812,0.8760830374767649,0.0,0.3333239448394808,0.0015398480785307376,0.14081824382421843,0.36319966129271525,0.00161516784395923,0.029875716453234457,0.02980814496798521,0.0006051954427713517,0.06285277914829666,0.00048607842950808625,0.14079827806863043,0.0,5.338290244842989,0.003932526371781602,2.1067883814436112,2.6735094034603892,0.0029432653995048546,2.6647808413826004,0.4226923494815133,0.0012047090986737519,0.11016997193396078,0.46302941963597444,0.001233338535766227,0.04033707015446114,0.040281496195593805,0.0005928000321276107,0.0675307503037852,0.0005222560003865193,0.1101506429814912,0.0,0.002613971647171148,0.0020772412605365143,0.001055134700250489,0.01746392696473011,0.0021076343839108065,0.006687002077848813,0.002378850610997395,,,,,,,,,,,,,,
jewel,UVCGAN-S [thr0.5],uvcgan__sig@thr0.5,0,0.5,0.9130258595290264,0.003155367427651446,0.23453954551257972,0.002231383649537559,-1.48808924996806,0.05318531913560078,4.224080552465325,0.04018380452418145,0.9524219962075504,0.0027949007100245833,0.03921252218815556,0.0024656720247128376,0.9047321247434568,0.0016478722273377056,0.15451383582103947,0.0011652878981488828,-2.3479584381969962,0.0398836216658288,4.415696099200344,0.03329970137242994,0.9981834695731153,0.0004537199463844939,0.0020687277324445467,0.00048709918180963306,0.9025985403514759,0.00120852884603067,0.09613693149275711,0.0008546264723319838,-3.536268673630973,0.04316243964501565,4.928918345954356,0.043813040243116316,1.0,0.0,0.00021119324181626187,0.00021117093934597253,0.033825963493506764,0.00019451777015367332,-2.1639768909423687,0.9335435077842924,1.064569267342526,0.0024878341959257075,0.16521167249955537,0.0017593639160831055,1.5726589654251788,0.0601450717564727,1.0331810153133478,0.0018064239840168176,0.10370824674375133,0.001277528463325732,1.1853828136788438,0.06380458827534671,,,,,,,,,,,,,,,,,,,,,,,,,,,,,,,,,,,,,,,,,,,,,,,,,,,,,,,,,,,,,,,,,,,,,,,,,,,,,,,,,,,,,,,,,,,,,,,,,,,,,
jewel,unpaired FM [thr0.5],bb_uvcgan_otcfm1_s0__euler4__sig@thr0.5,0,0.2,0.8064711047854659,0.001808603450957291,0.13416619758645942,0.0012789919785406356,-3.2427890969258844,0.029960613737853463,3.931333756854884,0.03747357795654468,0.997643219724438,0.0006528825277565622,0.002620250795433277,0.0006993734102646969,0.8400628585264048,0.0011175869560610182,0.089665026014889,0.0007903147060152857,-3.8806371490420326,0.026691001399651762,4.43228214271952,0.03906345442411616,1.0,0.0,0.00019387359441644047,0.00019385480002015603,0.8660321896609893,0.001085645306477567,0.06206245959085158,0.0007677846372711436,-4.736688088790954,0.03796353780471843,5.210197151044789,0.06444632176737813,1.0,0.0,0.0,0.0,0.009374590286143495,6.728829568636649e-05,-2.4256433512896374,0.933578414333691,1.0074066870156353,0.0016555069579253729,0.09434937349329521,0.0011708004441839007,0.1761077419021252,0.03957841402869328,1.002723070192977,0.0015850128280095156,0.06537097135646665,0.0011211029097025502,0.0949567522915421,0.05542926806388056,,,,,,,,,,,,,,,,,,,,,,,,,,,,,,,,,,,,,,,,,,,,,,,,,,,,,,,,,,,,,,,,,,,,,,,,,,,,,,,,,,,,,,,,,,,,,,,,,,,,,
jewel,unpaired FM [thr0.5],bb_uvcgan_otcfm1_s0__euler4__sig@thr0.5,0,0.4,0.7731315783470623,0.002553163904613239,0.19388922363728595,0.0018055160558057193,-3.853119171606173,0.04309907386414348,5.055581453121767,0.047074003835484844,0.9831230821684283,0.001681819892674051,0.0094324280370792,0.0012326834266670657,0.8060787410493367,0.0014671089502978983,0.13413420178916888,0.0010374647461011946,-4.750902149196445,0.03553058648921729,5.755315938005622,0.044511989797017246,0.9995217027382518,0.00023909143196610566,0.00042366897330885467,0.0002445535744393544,0.8352384693977775,0.0011963116775341011,0.09024821790604595,0.0008459944302592227,-5.919135879863903,0.04237609725396613,6.727234913918811,0.06305612853562506,1.0,0.0,0.0,0.0,0.026432423192645563,0.00015768261692705594,-3.4314139283355023,0.9056433718985243,1.0440230972932074,0.002294540093898698,0.1494800857813732,0.0016226760443181483,1.073020392431075,0.05545090487343013,1.0314029914440146,0.0018176766029613628,0.09852410825994003,0.0012855102435933561,1.136484724308016,0.06457978113771488,8363.0,8359.0,0.2333133811488756,0.0012371561534114713,0.11249960965257819,0.22777024733021836,0.00122947062132232,0.005544041879938549,-0.005438309837810557,0.0014296239527618593,0.12986361625009196,0.001011784359073104,0.11252211118629522,0.014595047254456261,0.22219185028709884,0.0008514313958434737,0.07742409833569552,0.2209269490201446,0.000906224508859409,0.006010628304427476,-0.0012579021417407693,0.0009003440608969834,0.08172303559078173,0.0006367148210896138,0.07733488720900235,0.014595047254456261,0.12200639606997325,0.00038409287091166423,0.035125077792603245,0.11701834674197314,0.00036906742224971625,0.00500224170272561,-0.00493868734484908,0.0002512471828087121,0.023495823785744812,0.00018171823751972913,0.035058327226426655,0.0,3.6128166501361014,0.009580606103743769,0.8761410590504918,2.8136987338659982,0.009254202122179409,0.799212202340901,-0.7982909071719178,0.01089841788270603,1.2767587400030993,0.009874535580745913,0.8755009789664333,0.0,0.3333239448394808,0.0015398480785307376,0.14081824382421843,0.3533831850478654,0.0015646767674344782,0.020133914274031474,0.019969631298264512,0.0005754056960030601,0.05627061239948571,0.0004352005957583929,0.14079182843434815,0.0,5.338290244842989,0.003932526371781602,2.1067883814436112,2.774019552414967,0.0026463880305703617,2.564270692428022,0.4226923494815133,0.0012047090986737519,0.11016997193396078,0.4472213549885161,0.0011896885393540802,0.024596766973147673,0.02445602226930383,0.0005699784851362062,0.05756501635867935,0.00044521160061815584,0.11014466023390722,0.0,0.002613971647171148,0.0020772412605365143,0.001055134700250489,0.01746392696473011,0.0021076343839108065,0.006687002077848813,0.002378850610997395,,,,,,,,,,,,,,
jewel,unpaired FM [thr0.5],bb_uvcgan_otcfm1_s0__euler4__sig@thr0.5,0,0.5,0.8058458413077534,0.0028488807174536224,0.21474589976721245,0.0020146401645653638,-3.3022202287180953,0.048095358583658966,4.903881477381052,0.04600174990951816,0.979486295466299,0.0018611003773903417,0.01912525474212259,0.001714881398760733,0.8193704505162118,0.0015968731578095065,0.14982551242833259,0.0011292239789914035,-4.435428228115485,0.03875897016269221,5.73562539738306,0.043226535607366,0.9994323342415985,0.000253795778586753,0.0009115770282588879,0.00034438665621331586,0.8434259640040281,0.0012482877210652913,0.09929969939688,0.000882742464123432,-5.6546005040695775,0.04448408657830569,6.6705747991696125,0.05929458384325245,1.0,0.0,0.0,0.0,0.03767964922117603,0.00021659979318122325,-3.0960084596201796,0.8940860936821995,1.0582505277959413,0.0025285226961463255,0.16808496072865287,0.0017881378800920517,1.4261291219825425,0.06129110947504066,1.0419337814189866,0.0019570000211557204,0.11235293755358737,0.0013840179558489612,1.5231774983677964,0.06939703212355251,,,,,,,,,,,,,,,,,,,,,,,,,,,,,,,,,,,,,,,,,,,,,,,,,,,,,,,,,,,,,,,,,,,,,,,,,,,,,,,,,,,,,,,,,,,,,,,,,,,,,
jewel,paired FM [thr0.5],bench_paired_bkg_s0__euler4__sig@thr0.5,0,0.2,0.6932274355603883,0.001905404314982696,0.14080667157848767,0.0013474476877248158,-5.1401029854147335,0.03143838000779106,5.64075852693899,0.05397422591143814,0.9900290065264684,0.0013377687501630042,0.0004138216428719222,0.0002925555381759229,0.7630724841183905,0.0012156480922367423,0.09753256086625837,0.0008596597870292868,-5.735073679395355,0.028630074781203503,6.177973606003937,0.0544489232906668,1.0,0.0,0.0,0.0,0.8131797057108374,0.0011788896261262127,0.06739290387660699,0.0008337284180915227,-6.5932107704913125,0.04080760888904593,6.9937472807240715,0.086507530242476,1.0,0.0,0.0,0.0,0.00913110894392125,6.554065189079923e-05,-4.069449817955441,0.9266636589458194,1.005656387628946,0.0017877481400271132,0.10188596077345233,0.001264323478927377,0.13693887033085125,0.04283646593575266,1.0031820507389837,0.0017007970210142058,0.07014627981497697,0.0012029987741279077,0.1097542169260782,0.05954256732280631,,,,,,,,,,,,,,,,,,,,,,,,,,,,,,,,,,,,,,,,,,,,,,,,,,,,,,,,,,,,,,,,,,,,,,,,,,,,,,,,,,,,,,,,,,,,,,,,,,,,,
jewel,paired FM [thr0.5],bench_paired_bkg_s0__euler4__sig@thr0.5,0,0.4,0.5757021609415682,0.0022269654567576035,0.15874062213167406,0.0015748573587061022,-7.29058408035593,0.03939791629462546,7.8127666760890735,0.07750241924407333,0.8661779747698602,0.004445251506985313,0.0009340556697179152,0.0004175272608891692,0.6434160423623868,0.0015010653328979442,0.13696758497756636,0.0010614772225390335,-8.714534169034728,0.03585031172027788,9.308278810180019,0.07213336329279758,0.9955757503288294,0.0007257314102874189,0.0,0.0,0.7245354573798489,0.0012679060385633822,0.09564920463580268,0.0008966237368238686,-9.87348395776718,0.044113299634741546,10.419226261197684,0.0976621269770884,1.0,0.0,0.0,0.0,0.02334090903474877,0.00013940399876704202,-6.442954633271212,0.8670735555935042,1.0458181106001925,0.002363647417648825,0.15349155800166248,0.0016715493208665389,1.1238995648094947,0.05743232781617112,1.046328368089412,0.0019600065344435066,0.10623886321422088,0.0013861698353998119,1.6838937198799557,0.06974555304312913,8363.0,8326.0,0.2333133811488756,0.0012371561534114713,0.11249960965257819,0.2516512203880779,0.0012996856362969902,0.018343462888564394,0.01784963022601476,0.0015009440594047773,0.13650693079084125,0.0010705191276100864,0.11249697254327926,0.023540715829930337,0.22219185028709884,0.0008514313958434737,0.07742409833569552,0.18016572220014399,0.0007952845011759747,0.042026128086954856,-0.04177506481626304,0.0008455551308417765,0.0869356608478585,0.0006817696894207806,0.07708908696430081,0.023540715829930337,0.12200639606997325,0.00038409287091166423,0.035125077792603245,0.09243295896263656,0.00035595682821143573,0.029573437107336707,-0.02922187458922364,0.00025157436729546316,0.037160028022763004,0.0002879670727530199,0.034743479026920994,0.0,3.6128166501361014,0.009580606103743769,0.8761410590504918,1.7138941105334025,0.006921973301319197,1.8989225396026992,-1.8936763660457538,0.009826301878610083,2.0952176908864586,0.01623663213750325,0.8729023474596127,0.0,0.3333239448394808,0.0015398480785307376,0.14081824382421843,0.4123884852393656,0.0017628398156517245,0.07906454039988482,0.07840381460903477,0.0007280004651347467,0.10276093892096463,0.0007963332739225901,0.14072990094740198,0.0,5.338290244842989,0.003932526371781602,2.1067883814436112,2.4303235578003517,0.0032932510684216274,2.9079666870426375,0.4226923494815133,0.0012047090986737519,0.11016997193396078,0.5092029905777306,0.0013352800719614176,0.08651064109621721,0.08591836595288317,0.0006907779918920956,0.10655945889964087,0.0008257694379207228,0.11002105400191385,0.0,0.002613971647171148,0.0020772412605365143,0.001055134700250489,0.01746392696473011,0.0021076343839108065,0.006687002077848813,0.002378850610997395,,,,,,,,,,,,,,
jewel,paired FM [thr0.5],bench_paired_bkg_s0__euler4__sig@thr0.5,0,0.5,0.5566114963115096,0.002307922761392868,0.15866024806263307,0.0016321205187920522,-7.655791017289569,0.04136439179648114,8.166846582793987,0.08400256373353107,0.8146871229098431,0.005101487097323565,0.000736105999263894,0.00036791751168344593,0.6117319152732958,0.0015428661867893756,0.14386761842606838,0.00109103388409996,-9.518020589901454,0.03723344054155569,10.131478047501302,0.07682861722551307,0.9871707538601272,0.0011991073249950877,0.0,0.0,0.7004630658869515,0.001301122839264567,0.10350266580137954,0.0009201054868019528,-10.77130977681148,0.04528310190645894,11.357686986092364,0.10095821477724909,1.0,0.0,0.0,0.0,0.03004362217512268,0.0001733241025894125,-6.930536166672643,0.8435714748731726,1.0600174214711269,0.0025246467513119287,0.16677962429302534,0.0017853994096422236,1.4779004738590675,0.061855294704994755,1.0610741512984991,0.002068312184577128,0.11874345794737586,0.0014627394843181546,2.238236889902514,0.07372531937162881,,,,,,,,,,,,,,,,,,,,,,,,,,,,,,,,,,,,,,,,,,,,,,,,,,,,,,,,,,,,,,,,,,,,,,,,,,,,,,,,,,,,,,,,,,,,,,,,,,,,,
jewel,joint FM: M - B [thr0.5],bench_joint_s0__euler4__sig@thr0.5,0,0.2,0.9266310458100241,0.002169499050709619,0.16079193586043872,0.0015342071480058685,-1.2141385245860608,0.03594436720819189,2.9276398021497467,0.027931730658253367,0.9958303118201596,0.000867625547099005,0.007536231884057971,0.0012022070760601188,0.9554215163911418,0.0013046643393051136,0.10466628497374707,0.000922608679907009,-1.0732139695384832,0.031035067645536374,2.7112331607132827,0.02389702578118038,0.99984464812801,0.0001553398044192682,0.000998003992015968,0.0004072300627736057,0.9667218714063996,0.001226418314038573,0.07010994898827211,0.0008673414187566888,-1.170420640471386,0.04275368260379737,2.709868583717317,0.03351908913053992,1.0,0.0,0.0,0.0,0.009241296200554614,6.633496413146238e-05,-2.362315062082801,1.0336535758839138,1.018957763364336,0.0017585066263936559,0.10021945102059104,0.0012436434225937178,0.4526936249426149,0.041853329939008914,1.0014298704486064,0.0016124116837182875,0.06650098732863223,0.0011404825237440336,0.03176384782068046,0.056425086486328824,,,,,,,,,,,,,,,,,,,,,,,,,,,,,,,,,,,,,,,,,,,,,,,,,,,,,,,,,,,,,,,,,,,,,,,,,,,,,,,,,,,,,,,,,,,,,,,,,,,,,
jewel,joint FM: M - B [thr0.5],bench_joint_s0__euler4__sig@thr0.5,0,0.4,0.7781776836189074,0.00282906044888734,0.20812350016987063,0.0020006326693594203,-3.780969357626271,0.048120708556306305,5.1795531188512385,0.04978498716914347,0.9226048414592567,0.0034889418602678723,0.013800424628450107,0.0015517707227193684,0.8201215040999599,0.0016848280777306901,0.1539106817665635,0.0011914247465805987,-4.388746829817645,0.040428116839611256,5.735890431622239,0.04439894784133233,0.9978476623221332,0.0005067646095880618,0.0009995716121662145,0.00037761369006311896,0.8635396400051125,0.0013646310584600875,0.10294601602411721,0.0009650246641373885,-4.879347831114567,0.04782401323029275,6.068288688510237,0.05687965359174302,1.0,0.0,0.0,0.0,0.023657974203924563,0.00014120200915475768,-5.27395408074389,0.96823579377267,1.067630691151858,0.0024325286464903307,0.1582826782630601,0.0017202606617615747,1.646994162568487,0.05861370891644468,1.0471023763941885,0.0019324802825739533,0.10474684895009499,0.0013667025227390274,1.6901122223877059,0.06822941789097797,8363.0,8345.0,0.2333133811488756,0.0012371561534114713,0.11249960965257819,0.2556430259982436,0.001292748736609612,0.02233289424956613,0.022126904777212422,0.0014945683978021883,0.13694834253043123,0.001070889804132917,0.11251525259144589,0.020131815458358293,0.22219185028709884,0.0008514313958434737,0.07742409833569552,0.1718063231269663,0.0007133831807776701,0.050385527160132546,-0.05014350823256128,0.0008155236775007881,0.08917803163403036,0.0006973421004223169,0.07732062535112726,0.020131815458358293,0.12200639606997325,0.00038409287091166423,0.035125077792603245,0.08956173844255944,0.000331107512697614,0.032444657627413824,-0.032282890147143584,0.00025495933689085123,0.039807606997802815,0.00030813278040317066,0.034973881385439776,0.0,3.6128166501361014,0.009580606103743769,0.8761410590504918,2.0951919732940447,0.007648874840121052,1.5176246768420572,-1.5150736283507675,0.010214611782311547,1.77936819169432,0.01377328881633089,0.874498163674348,0.0,0.3333239448394808,0.0015398480785307376,0.14081824382421843,0.41035572296526646,0.0016473299752033878,0.0770317781257856,0.076732336931505,0.0007002708202801061,0.09990028096234278,0.0007732831400210433,0.1407890672052701,0.0,5.338290244842989,0.003932526371781602,2.1067883814436112,2.5317970018268756,0.00339660937316302,2.8064932430161136,0.4226923494815133,0.0012047090986737519,0.11016997193396078,0.5068204248617612,0.0012284805172259946,0.08412807538024776,0.08387143471791525,0.0006515716572126578,0.10284576217788896,0.0007960827852401506,0.11012593767092922,0.0,0.002613971647171148,0.0020772412605365143,0.001055134700250489,0.01746392696473011,0.0021076343839108065,0.006687002077848813,0.002378850610997395,,,,,,,,,,,,,,
jewel,joint FM: M - B [thr0.5],bench_joint_s0__euler4__sig@thr0.5,0,0.5,0.745229760744323,0.0029739106728458586,0.21250459474439506,0.0021030783553646053,-4.366146309919786,0.05111940214082688,5.6926442417367875,0.05633245009497979,0.8801930701603172,0.004263620182366733,0.01333099456235748,0.0015189430742641133,0.781231122292755,0.0017657463765761818,0.16498157510946918,0.0012486427532567939,-5.351386258116726,0.042685508581410146,6.674118253048323,0.05050934976089847,0.9911444141689373,0.0009982480356244118,0.0009898190045248868,0.00037393121880946884,0.8363950980186265,0.0013994636292225767,0.11131675386074172,0.0009896484336855758,-5.868939870808803,0.049166805730020594,7.05260132690432,0.0626953627413228,0.9998419721871049,0.00015801532600691698,0.0,0.0,0.030590250800104843,0.0001762782841794346,-6.047864396631284,0.9460646944317421,1.085412993533429,0.0026142083825211686,0.17307165164442792,0.0018487353851473736,2.089590956122694,0.06355200235061352,1.063957472144329,0.0020296209127837477,0.11650448342644198,0.0014353765385066734,2.3180766832752537,0.07174811802694811,,,,,,,,,,,,,,,,,,,,,,,,,,,,,,,,,,,,,,,,,,,,,,,,,,,,,,,,,,,,,,,,,,,,,,,,,,,,,,,,,,,,,,,,,,,,,,,,,,,,,
jewel,joint FM: direct S [thr0.5],bench_joint_s0__euler4__sigdirect@thr0.5,0,0.2,0.8118341408063054,0.0026807985081226155,0.19783493819777181,0.0018957848650412296,-3.117744954510998,0.044716309862563475,4.539809909237169,0.0434994586439229,0.9873096446700508,0.0015071325594543357,0.003882552778451832,0.0009687520850929013,0.9314193540310666,0.0022942238604824936,0.18402478563224656,0.0016223873334210712,-1.5764368322180446,0.05577522044793509,4.743471748183922,0.041815836806026456,0.9995339443840299,0.00026901462552865495,0.00043020004302000433,0.00030413192778703797,1.0437259220593862,0.0034557268713896927,0.19755154656220533,0.0024439418534094714,1.722617793928278,0.12679400222972664,7.4502436041137505,0.09215405533354609,1.0,0.0,0.0,0.0,0.010294701113541523,7.39040279707168e-05,-8.962113464858778,1.271618901603448,1.0250577019780727,0.002504946049414636,0.142759949914647,0.0017715370710290714,0.597875802141641,0.06140726002744248,1.022911343602503,0.0036502590311764177,0.15054829484905893,0.002581881956223086,0.8413492877133826,0.13321184368775568,,,,,,,,,,,,,,,,,,,,,,,,,,,,,,,,,,,,,,,,,,,,,,,,,,,,,,,,,,,,,,,,,,,,,,,,,,,,,,,,,,,,,,,,,,,,,,,,,,,,,
jewel,joint FM: direct S [thr0.5],bench_joint_s0__euler4__sigdirect@thr0.5,0,0.4,0.6412705790081814,0.0028811093120238297,0.20064604583439358,0.002037461990327941,-6.1577273705427995,0.050312624767807845,7.084822043877261,0.07193546892904906,0.8267984998295261,0.00494088374382475,0.004873726185201595,0.0010365467209075138,0.7318022256805112,0.002329059934277863,0.21191885840853833,0.0016469935444665541,-6.494723679274714,0.05645807295154231,8.280752628097046,0.06435256648812772,0.9899557575032883,0.0010903989864744557,0.0002010454362685967,0.0002010252256190087,0.8803869946647208,0.002745484782513377,0.2070976515363254,0.001941521523074505,-4.093674773738058,0.09940902920805487,8.543280143151078,0.08008543088102169,0.9998242839571253,0.0001757006041326051,0.0,0.0,0.024485565298305614,0.00014649151772042716,-11.459197506990852,1.1107732935937973,1.079535196719449,0.0028856051370559402,0.18700858651253222,0.0020406739120717565,1.9404550466827748,0.07135822999474016,1.0845546331955278,0.0033249197710082984,0.18022169341935457,0.002351473533737342,3.1044822117454727,0.12173949942340424,8363.0,8279.0,0.2333133811488756,0.0012371561534114713,0.11249960965257819,0.2581024291838263,0.0013072430021730647,0.02478911117081643,0.02354950624522995,0.0015697228345089868,0.14190216306890838,0.0011255697460753698,0.11257799319306298,0.04010146152917016,0.22219185028709884,0.0008514313958434737,0.07742409833569552,0.15565369329271073,0.0006600093937639013,0.0665381569943881,-0.06617581472937241,0.0008371418970481306,0.09974240900432432,0.000791158045430397,0.0768728441684868,0.04010146152917016,0.12200639606997325,0.00038409287091166423,0.035125077792603245,0.07753895352301018,0.0003243660119487417,0.04446744254696306,-0.04380443096845725,0.0002710239805878812,0.050268815605272826,0.0003906561931993315,0.03450899291591847,0.0,3.6128166501361014,0.009580606103743769,0.8761410590504918,1.5759181863020304,0.0060983210669830765,2.0368984638340715,-2.0271147014117026,0.010624744235176042,2.2458340324276547,0.017453145913659922,0.8712043394229316,0.0,0.3333239448394808,0.0015398480785307376,0.14081824382421843,0.46944076761862685,0.0018513841497228931,0.13611682277914605,0.13471517935004765,0.0008797449597944085,0.15670265308791032,0.0012177900191692066,0.14050424037183235,0.0,5.338290244842989,0.003932526371781602,2.1067883814436112,2.360822072981548,0.003930406964643482,2.9774681718614415,0.4226923494815133,0.0012047090986737519,0.11016997193396078,0.5582120633395855,0.0013752573930181982,0.13551971385807227,0.1343360234585082,0.0007671131961509111,0.15138708506757953,0.0011764809184372468,0.10984481412072511,0.0,0.002613971647171148,0.0020772412605365143,0.001055134700250489,0.01746392696473011,0.0021076343839108065,0.006687002077848813,0.002378850610997395,,,,,,,,,,,,,,
jewel,joint FM: direct S [thr0.5],bench_joint_s0__euler4__sigdirect@thr0.5,0,0.5,0.6136688003900004,0.0029745479617485676,0.19764522653309488,0.002103561277118515,-6.666617149643172,0.05248217596525707,7.5235873488409295,0.08006535170164125,0.7610756766074814,0.005598770567816417,0.0046286092131364335,0.001007705073458255,0.6888782758476527,0.0023279852365769714,0.2156875494937234,0.0016462300395263703,-7.5837093847067,0.056914000883134135,9.236772750580283,0.07049533953693121,0.9745685740236149,0.0016774628263366178,0.00020064205457463884,0.00020062192494784382,0.8436135746534783,0.0026659017737016752,0.2120188177708238,0.001885226257796368,-5.427724492535182,0.09637599862352432,9.391959331892743,0.08350470394169121,0.9995259165613148,0.0002736473120409171,0.0,0.0,0.031034617461237375,0.00017972444094183158,-11.804411866955983,1.0656894356341615,1.0973836019829333,0.00301881431277023,0.1981869414845271,0.002134871751006531,2.384123832425066,0.07520057691552659,1.1022436370897406,0.003346664321993959,0.19207637518718795,0.0023668083242302323,3.7829609767393086,0.12305410391170794,,,,,,,,,,,,,,,,,,,,,,,,,,,,,,,,,,,,,,,,,,,,,,,,,,,,,,,,,,,,,,,,,,,,,,,,,,,,,,,,,,,,,,,,,,,,,,,,,,,,,
jewel-val,UVCGAN-S,uvcgan__sig,0,0.4,,,,,,,,,,,,,,,,,,,,,,,,,,,,,,,,,,,,,,,,,,,,,,,,,,,,,,,,,,,,,,,,,,,,,,,,,,,,,,,,,,,,,,,,,,,,,,,,,,,,,,,,,,,,,,,,,,,,,,,,,,,,,,,,,,,,,,,,,,,,1.3467948241277576,0.19511401737674205,0.700351605071044,0.03746301974552346,0.764407142007865,0.028304103728609472,0.5456266767907905,0.02545971983677668,0.7951061239686975,0.041579442274982684,4.007596065631719,0.3338023973892302,0.7598960077756821,0.035894990952899775
jewel-val,unpaired FM,bb_uvcgan_otcfm1_s0__euler4__sig,0,0.4,,,,,,,,,,,,,,,,,,,,,,,,,,,,,,,,,,,,,,,,,,,,,,,,,,,,,,,,,,,,,,,,,,,,,,,,,,,,,,,,,,,,,,,,,,,,,,,,,,,,,,,,,,,,,,,,,,,,,,,,,,,,,,,,,,,,,,,,,,,,1.5737933567399478,0.21138043182100916,0.46322408920394165,0.02867401224149652,0.627161078556451,0.023688361727265298,0.3537063580355304,0.019789660140596445,0.706532590647301,0.03579911596530335,0.9990695991310746,0.09561937383113636,0.6617687966342395,0.030314211715633237
jewel-val,unpaired FM,bb_uvcgan_otcfm1_s1__euler4__sig,1,0.4,,,,,,,,,,,,,,,,,,,,,,,,,,,,,,,,,,,,,,,,,,,,,,,,,,,,,,,,,,,,,,,,,,,,,,,,,,,,,,,,,,,,,,,,,,,,,,,,,,,,,,,,,,,,,,,,,,,,,,,,,,,,,,,,,,,,,,,,,,,,1.6061460210946572,0.21504152418063346,0.4564059009706595,0.028534914055614764,0.6276248201828601,0.023692935549007532,0.3584377839407692,0.019951768999434103,0.7063462012335,0.035756981609121496,1.0225278351348348,0.09709528521262938,0.6618514852059114,0.030276317450422235
jewel-val,unpaired FM,bb_uvcgan_otcfm1_s2__euler4__sig,2,0.4,,,,,,,,,,,,,,,,,,,,,,,,,,,,,,,,,,,,,,,,,,,,,,,,,,,,,,,,,,,,,,,,,,,,,,,,,,,,,,,,,,,,,,,,,,,,,,,,,,,,,,,,,,,,,,,,,,,,,,,,,,,,,,,,,,,,,,,,,,,,1.5634841351286723,0.21070252738032014,0.4649212132624417,0.028692471915446355,0.6282954035508503,0.023705850816378944,0.35691936858476553,0.019942879529363498,0.708149556241079,0.035803473215939664,1.0075276281705936,0.09611818307535729,0.6633321917688774,0.030323711585817804
jewel-val,paired FM,bench_paired_bkg_s0__euler4__sig,0,0.4,,,,,,,,,,,,,,,,,,,,,,,,,,,,,,,,,,,,,,,,,,,,,,,,,,,,,,,,,,,,,,,,,,,,,,,,,,,,,,,,,,,,,,,,,,,,,,,,,,,,,,,,,,,,,,,,,,,,,,,,,,,,,,,,,,,,,,,,,,,,1.1906701743960653,0.17957544522498697,0.6956622233899579,0.03458684114639597,0.7172746684922319,0.025978437946983932,0.36081664757614856,0.017187634101994444,0.8018789524610668,0.04030677447487588,2.025382594528845,0.16766113698391694,0.7864294444648299,0.035357836433486466
jewel-val,paired FM,bench_paired_bkg_s1__euler4__sig,1,0.4,,,,,,,,,,,,,,,,,,,,,,,,,,,,,,,,,,,,,,,,,,,,,,,,,,,,,,,,,,,,,,,,,,,,,,,,,,,,,,,,,,,,,,,,,,,,,,,,,,,,,,,,,,,,,,,,,,,,,,,,,,,,,,,,,,,,,,,,,,,,1.180860580891791,0.17883193119747945,0.6868701181066545,0.034470828597498504,0.7201043481489223,0.026022951785292157,0.36508448626206336,0.017226464566151237,0.8065414671413761,0.04042739873939826,2.0266889797786547,0.16774690245629337,0.7907662063114154,0.0354588067110462
jewel-val,paired FM,bench_paired_bkg_s2__euler4__sig,2,0.4,,,,,,,,,,,,,,,,,,,,,,,,,,,,,,,,,,,,,,,,,,,,,,,,,,,,,,,,,,,,,,,,,,,,,,,,,,,,,,,,,,,,,,,,,,,,,,,,,,,,,,,,,,,,,,,,,,,,,,,,,,,,,,,,,,,,,,,,,,,,1.2036689002696925,0.18055717121593642,0.6987004103746502,0.03467392208900496,0.715050328554608,0.025966867005561747,0.3649192010964799,0.01717547729980913,0.8019387107809194,0.040360983055652326,2.0181797217543522,0.16708357540151897,0.785579849141852,0.0354022513889986
jewel-val,joint FM: M - B,bench_joint_s0__euler4__sig,0,0.4,,,,,,,,,,,,,,,,,,,,,,,,,,,,,,,,,,,,,,,,,,,,,,,,,,,,,,,,,,,,,,,,,,,,,,,,,,,,,,,,,,,,,,,,,,,,,,,,,,,,,,,,,,,,,,,,,,,,,,,,,,,,,,,,,,,,,,,,,,,,0.8482357036442792,0.1540255622524589,0.708189772644454,0.03475460542040657,0.6315180061677305,0.024211083648881592,0.24173631708928348,0.01661188898441714,0.7235284372317273,0.038999430892466214,2.0603551634972845,0.1722730330978794,0.7084156046140044,0.033823816467287264
jewel-val,joint FM: M - B,bench_joint_s1__euler4__sig,1,0.4,,,,,,,,,,,,,,,,,,,,,,,,,,,,,,,,,,,,,,,,,,,,,,,,,,,,,,,,,,,,,,,,,,,,,,,,,,,,,,,,,,,,,,,,,,,,,,,,,,,,,,,,,,,,,,,,,,,,,,,,,,,,,,,,,,,,,,,,,,,,0.5134229132017515,0.13453552873541608,0.7180794488785815,0.03493738563082314,0.6362269343696008,0.024359083123914972,0.24294898416812655,0.016232813578073175,0.7409621882598509,0.040542354263534114,2.4066961164778955,0.1996078619184526,0.7322988940062188,0.03538451685391153
jewel-val,joint FM: M - B,bench_joint_s2__euler4__sig,2,0.4,,,,,,,,,,,,,,,,,,,,,,,,,,,,,,,,,,,,,,,,,,,,,,,,,,,,,,,,,,,,,,,,,,,,,,,,,,,,,,,,,,,,,,,,,,,,,,,,,,,,,,,,,,,,,,,,,,,,,,,,,,,,,,,,,,,,,,,,,,,,0.6173725128990352,0.13973303635224354,0.7100036649178876,0.03479058021372359,0.6233501893619792,0.024113901643293828,0.20097921015542397,0.01553107080608741,0.7238276410732737,0.039651548534330075,2.3386085851601073,0.19522368468866497,0.7158876254620768,0.0345232928000471
jewel-val,joint FM: direct S,bench_joint_s0__euler4__sigdirect,0,0.4,,,,,,,,,,,,,,,,,,,,,,,,,,,,,,,,,,,,,,,,,,,,,,,,,,,,,,,,,,,,,,,,,,,,,,,,,,,,,,,,,,,,,,,,,,,,,,,,,,,,,,,,,,,,,,,,,,,,,,,,,,,,,,,,,,,,,,,,,,,,0.64001214651477,0.14114595665784643,0.7345706483077844,0.035271623665339404,0.6716470519476121,0.02595644337665643,0.07483106300484388,0.012810459757117209,0.8664986111966005,0.046303430930615064,2.8263748842766176,0.23200273435682017,0.8621287393657717,0.04097954336857495
jewel-val,joint FM: direct S,bench_joint_s1__euler4__sigdirect,1,0.4,,,,,,,,,,,,,,,,,,,,,,,,,,,,,,,,,,,,,,,,,,,,,,,,,,,,,,,,,,,,,,,,,,,,,,,,,,,,,,,,,,,,,,,,,,,,,,,,,,,,,,,,,,,,,,,,,,,,,,,,,,,,,,,,,,,,,,,,,,,,0.5731151727577974,0.13809188305589132,0.7380352015702487,0.035098176620955594,0.6754542127703637,0.02582374796540316,0.10118566553576544,0.012724140018232733,0.8813804474840616,0.047359632687049825,3.003143659646173,0.24605745897198963,0.8811004665071552,0.041996618054579854
jewel-val,joint FM: direct S,bench_joint_s2__euler4__sigdirect,2,0.4,,,,,,,,,,,,,,,,,,,,,,,,,,,,,,,,,,,,,,,,,,,,,,,,,,,,,,,,,,,,,,,,,,,,,,,,,,,,,,,,,,,,,,,,,,,,,,,,,,,,,,,,,,,,,,,,,,,,,,,,,,,,,,,,,,,,,,,,,,,,0.3881297581036118,0.12889425873514226,0.7413920001924003,0.03522764188032355,0.6691506415614669,0.025875344032656913,0.039536132232204986,0.011908944395457298,0.8957217659019275,0.047866185645090584,3.0352928817645135,0.2490232664261753,0.8956650129815649,0.04246754161925742
jewel-val,unpaired FM [mid32],bb_uvcgan_otcfm1_s0__midpoint32__sig,0,0.4,,,,,,,,,,,,,,,,,,,,,,,,,,,,,,,,,,,,,,,,,,,,,,,,,,,,,,,,,,,,,,,,,,,,,,,,,,,,,,,,,,,,,,,,,,,,,,,,,,,,,,,,,,,,,,,,,,,,,,,,,,,,,,,,,,,,,,,,,,,,1.192984489130516,0.17936578889561375,0.6828278619003558,0.0340349377468643,0.6953640200181501,0.025187754529722575,0.29374273351654784,0.01379958099373346,0.7994422333906988,0.03960931496531232,1.9288841356771214,0.1595014922865164,0.785448179925787,0.03471298198465307
jewel-val,unpaired FM [mid32],bb_uvcgan_otcfm1_s1__midpoint32__sig,1,0.4,,,,,,,,,,,,,,,,,,,,,,,,,,,,,,,,,,,,,,,,,,,,,,,,,,,,,,,,,,,,,,,,,,,,,,,,,,,,,,,,,,,,,,,,,,,,,,,,,,,,,,,,,,,,,,,,,,,,,,,,,,,,,,,,,,,,,,,,,,,,1.2695287141014744,0.18655588664613973,0.6723282370510362,0.03384752812285401,0.690724143283111,0.025109210763644998,0.29331952763386515,0.013827239188957209,0.7988790039610503,0.039600843943401166,1.8991235665729678,0.15720285263314007,0.7844551122198324,0.03468889994058662
jewel-val,unpaired FM [mid32],bb_uvcgan_otcfm1_s2__midpoint32__sig,2,0.4,,,,,,,,,,,,,,,,,,,,,,,,,,,,,,,,,,,,,,,,,,,,,,,,,,,,,,,,,,,,,,,,,,,,,,,,,,,,,,,,,,,,,,,,,,,,,,,,,,,,,,,,,,,,,,,,,,,,,,,,,,,,,,,,,,,,,,,,,,,,1.2380900883995343,0.18359799262545395,0.6869175210595286,0.03413371007389064,0.6953978974658168,0.02519291206580261,0.2943726430346083,0.013873120319183415,0.8013437405302024,0.039630718691388754,1.9267565670612479,0.15936785600358752,0.7866253665466509,0.034722307889866785
jewel-val,paired FM [mid32],bench_paired_bkg_s0__midpoint32__sig,0,0.4,,,,,,,,,,,,,,,,,,,,,,,,,,,,,,,,,,,,,,,,,,,,,,,,,,,,,,,,,,,,,,,,,,,,,,,,,,,,,,,,,,,,,,,,,,,,,,,,,,,,,,,,,,,,,,,,,,,,,,,,,,,,,,,,,,,,,,,,,,,,1.1951743151506733,0.1794629576635955,0.6849442696626826,0.03426500055173481,0.7094670954363004,0.02569401530150153,0.3018731470851767,0.014618371051036706,0.8089428020529916,0.04043429396976802,1.951520563393161,0.1613794987666441,0.7943315229769783,0.03553686393396528
jewel-val,paired FM [mid32],bench_paired_bkg_s1__midpoint32__sig,1,0.4,,,,,,,,,,,,,,,,,,,,,,,,,,,,,,,,,,,,,,,,,,,,,,,,,,,,,,,,,,,,,,,,,,,,,,,,,,,,,,,,,,,,,,,,,,,,,,,,,,,,,,,,,,,,,,,,,,,,,,,,,,,,,,,,,,,,,,,,,,,,1.2285579211592856,0.18275541445087912,0.6966862455939642,0.03450445664343931,0.713590974859247,0.025814996051254136,0.3122049886339552,0.014737990713576142,0.8163539576198302,0.0406910569543622,1.973374096187976,0.16306294138846253,0.8020973678260881,0.03578843541365104
jewel-val,paired FM [mid32],bench_paired_bkg_s2__midpoint32__sig,2,0.4,,,,,,,,,,,,,,,,,,,,,,,,,,,,,,,,,,,,,,,,,,,,,,,,,,,,,,,,,,,,,,,,,,,,,,,,,,,,,,,,,,,,,,,,,,,,,,,,,,,,,,,,,,,,,,,,,,,,,,,,,,,,,,,,,,,,,,,,,,,,1.2511407929776008,0.18453208894200968,0.68643184820017,0.03430490105437067,0.7093898267621154,0.02574218123014196,0.3100010088116493,0.014632906974560206,0.8117282024814821,0.04061230331427289,1.9618573460519322,0.1621792172246442,0.7970953859672901,0.03572493826363735
jewel-val,joint FM: M - B [mid32],bench_joint_s0__midpoint32__sig,0,0.4,,,,,,,,,,,,,,,,,,,,,,,,,,,,,,,,,,,,,,,,,,,,,,,,,,,,,,,,,,,,,,,,,,,,,,,,,,,,,,,,,,,,,,,,,,,,,,,,,,,,,,,,,,,,,,,,,,,,,,,,,,,,,,,,,,,,,,,,,,,,0.6215757696179995,0.14199570918651805,0.6817941790113199,0.03358551740260175,0.6112383133399006,0.023798804066104413,0.28267940498381683,0.017041249819122063,0.7249950808060276,0.04047126031972354,2.856525654909674,0.23915803779317477,0.7225299734417593,0.03532984326758726
jewel-val,joint FM: M - B [mid32],bench_joint_s1__midpoint32__sig,1,0.4,,,,,,,,,,,,,,,,,,,,,,,,,,,,,,,,,,,,,,,,,,,,,,,,,,,,,,,,,,,,,,,,,,,,,,,,,,,,,,,,,,,,,,,,,,,,,,,,,,,,,,,,,,,,,,,,,,,,,,,,,,,,,,,,,,,,,,,,,,,,0.48690413658258935,0.1351167665178702,0.6802899628278445,0.033442708065203566,0.6118499054887678,0.02379346047230116,0.29158625824452744,0.016812068797375897,0.7443878095517055,0.04197821227267531,2.985604259287664,0.2499832533307085,0.7449816820824534,0.03676402787971874
jewel-val,joint FM: M - B [mid32],bench_joint_s2__midpoint32__sig,2,0.4,,,,,,,,,,,,,,,,,,,,,,,,,,,,,,,,,,,,,,,,,,,,,,,,,,,,,,,,,,,,,,,,,,,,,,,,,,,,,,,,,,,,,,,,,,,,,,,,,,,,,,,,,,,,,,,,,,,,,,,,,,,,,,,,,,,,,,,,,,,,0.31777803629694773,0.127320443942307,0.6841074723798866,0.03331416065606826,0.5865139037641,0.023168463895393274,0.21510486787957003,0.015121836690809763,0.7391973194280237,0.04149865046244019,2.84699901408255,0.24098698129228038,0.7408770418850464,0.03624827344737889
jewel-val,joint FM: direct S [mid32],bench_joint_s0__midpoint32__sigdirect,0,0.4,,,,,,,,,,,,,,,,,,,,,,,,,,,,,,,,,,,,,,,,,,,,,,,,,,,,,,,,,,,,,,,,,,,,,,,,,,,,,,,,,,,,,,,,,,,,,,,,,,,,,,,,,,,,,,,,,,,,,,,,,,,,,,,,,,,,,,,,,,,,0.5967021410596702,0.13952333200377606,0.7208060847638946,0.034530608911386894,0.6349714791414466,0.024650132351870357,0.23011987457187927,0.015960816905658773,0.7906295642660055,0.043674671214814054,3.419813941005357,0.2842657672022713,0.7851761363478632,0.03816602886318206
jewel-val,joint FM: direct S [mid32],bench_joint_s1__midpoint32__sigdirect,1,0.4,,,,,,,,,,,,,,,,,,,,,,,,,,,,,,,,,,,,,,,,,,,,,,,,,,,,,,,,,,,,,,,,,,,,,,,,,,,,,,,,,,,,,,,,,,,,,,,,,,,,,,,,,,,,,,,,,,,,,,,,,,,,,,,,,,,,,,,,,,,,0.5661313273972223,0.13920062402866484,0.7113208255356558,0.03415729181518091,0.6384886874644896,0.024675394839551255,0.2526300207846367,0.016326577565570287,0.8106060435155472,0.045045110424348334,3.829800409476895,0.3174535516290408,0.8105262681814978,0.039544661171512625
jewel-val,joint FM: direct S [mid32],bench_joint_s2__midpoint32__sigdirect,2,0.4,,,,,,,,,,,,,,,,,,,,,,,,,,,,,,,,,,,,,,,,,,,,,,,,,,,,,,,,,,,,,,,,,,,,,,,,,,,,,,,,,,,,,,,,,,,,,,,,,,,,,,,,,,,,,,,,,,,,,,,,,,,,,,,,,,,,,,,,,,,,0.3360475586999547,0.12719704506639087,0.7044347679676841,0.03395151418474889,0.6162387451150374,0.024093996429221824,0.16840147474823391,0.014461101456052112,0.8131539111635735,0.04463876908036108,3.734119657812578,0.3114045613088728,0.812267151499651,0.03904236216602549
jewel-val,UVCGAN-S [thr0.5],uvcgan__sig@thr0.5,0,0.4,,,,,,,,,,,,,,,,,,,,,,,,,,,,,,,,,,,,,,,,,,,,,,,,,,,,,,,,,,,,,,,,,,,,,,,,,,,,,,,,,,,,,,,,,,,,,,,,,,,,,,,,,,,,,,,,,,,,,,,,,,,,,,,,,,,,,,,,,,,,0.880530295149426,0.156659837422519,0.7581092460854721,0.040235080017697177,0.7625987037311172,0.028830439610272103,0.4554441380868706,0.02348257513377924,0.8134303181633756,0.04398916243762161,-0.5241449461577264,0.07257420996908084,0.7500831354689768,0.03705702725328059
jewel-val,unpaired FM [thr0.5],bb_uvcgan_otcfm1_s0__euler4__sig@thr0.5,0,0.4,,,,,,,,,,,,,,,,,,,,,,,,,,,,,,,,,,,,,,,,,,,,,,,,,,,,,,,,,,,,,,,,,,,,,,,,,,,,,,,,,,,,,,,,,,,,,,,,,,,,,,,,,,,,,,,,,,,,,,,,,,,,,,,,,,,,,,,,,,,,0.9259311809715216,0.15872106248288415,0.7531844410913467,0.04008595817579552,0.7341333479293277,0.02759092425979371,0.3548129790089139,0.019649836244525157,0.8435214303095702,0.04378210581770635,-0.35415874193739505,0.060222387910026924,0.778535628720123,0.03671889082198754
jewel-val,paired FM [thr0.5],bench_paired_bkg_s0__euler4__sig@thr0.5,0,0.4,,,,,,,,,,,,,,,,,,,,,,,,,,,,,,,,,,,,,,,,,,,,,,,,,,,,,,,,,,,,,,,,,,,,,,,,,,,,,,,,,,,,,,,,,,,,,,,,,,,,,,,,,,,,,,,,,,,,,,,,,,,,,,,,,,,,,,,,,,,,0.49592396486160495,0.13474071504886848,0.8357096639192924,0.039456705612103495,0.7374431621955311,0.027312711173948564,0.2881952902185072,0.014906927871340932,0.9020383090014441,0.04855917261467958,-0.6317229647307281,0.08302126808991697,0.8344283734089758,0.040743343890046795
jewel-val,joint FM: M - B [thr0.5],bench_joint_s0__euler4__sig@thr0.5,0,0.4,,,,,,,,,,,,,,,,,,,,,,,,,,,,,,,,,,,,,,,,,,,,,,,,,,,,,,,,,,,,,,,,,,,,,,,,,,,,,,,,,,,,,,,,,,,,,,,,,,,,,,,,,,,,,,,,,,,,,,,,,,,,,,,,,,,,,,,,,,,,0.6066367165972896,0.14034543905651525,0.7002090904321449,0.03459069680092973,0.6115587916203931,0.024323176755211583,0.23374106668435937,0.016094650663475943,0.7514936411105322,0.043786460249490455,-0.2806686131787839,0.07210452029928299,0.6937324624686803,0.03644996342297525
jewel-val,joint FM: direct S [thr0.5],bench_joint_s0__euler4__sigdirect@thr0.5,0,0.4,,,,,,,,,,,,,,,,,,,,,,,,,,,,,,,,,,,,,,,,,,,,,,,,,,,,,,,,,,,,,,,,,,,,,,,,,,,,,,,,,,,,,,,,,,,,,,,,,,,,,,,,,,,,,,,,,,,,,,,,,,,,,,,,,,,,,,,,,,,,0.4127996009781869,0.13187258871693783,0.6329136574214357,0.0320623514391242,0.541447050801752,0.023106189181747026,0.06679115977054723,0.012297943175313656,0.7939145522789425,0.04858913985915456,0.1924955398932249,0.08079758700773622,0.7121182650617216,0.039992753906048666
