truth,model,readout,name,reference,observable,bias,rmse,rel_bias,rel_rmse,rel_res,corr,w1_sigma
val,UVCGAN-S,image,UVCGAN-S,full,et,-2.0052828788757324,3.957047939300537,-0.31156015396118164,0.614805281162262,0.5300149321556091,0.871535291330199,0.3116811299965524
val,UVCGAN-S,image,UVCGAN-S,full,mass,-0.8955073952674866,1.4305318593978882,-0.6648362278938293,1.0620453357696533,0.8282107710838318,0.6610081504524792,0.6648361930909809
val,UVCGAN-S,image,UVCGAN-S,full,girth,-0.004242198541760445,0.012920316308736801,-0.09311752021312714,0.28360480070114136,0.2678820490837097,0.9669387335084384,0.09802623698715734
val,UVCGAN-S,image,UVCGAN-S,full,ptd,0.019630128517746925,0.04238877072930336,0.18914499878883362,0.4084346294403076,0.36199861764907837,0.9397046191047839,0.18914659925373484
val,UVCGAN-S,image,UVCGAN-S,full,core,0.01335707027465105,0.05638673156499863,0.05570155009627342,0.2351435124874115,0.22845089435577393,0.9762950280356048,0.06437468065478794
val,UVCGAN-S,image,UVCGAN-S,full,zlead,0.017308402806520462,0.042788051068782806,0.12952247262001038,0.3201920986175537,0.29282572865486145,0.9605511003915751,0.12952325340291868
val,UVCGAN-S,image,UVCGAN-S,full,n1,-0.5125184059143066,1.902042031288147,-0.2317523956298828,0.860072135925293,0.8282601237297058,0.6528629107065815,0.23185484664722564
val,UVCGAN-S,image,UVCGAN-S,full,zg,0.00977794614815413,0.12338557270113712,0.08702051477073286,1.0980911419482065,1.0946376505648585,0.40881513078713044,0.08705849056608994
val,UVCGAN-S,image,UVCGAN-S,full,rg,-0.02317820781887837,0.08879451179753847,-0.23308900250349968,0.8929518772290927,0.8619933711803615,0.597205792618944,0.23308900250349973
val,UVCGAN-S,thr0.5,"UVCGAN-S, thr0.5",thr,et,-1.4533445835113525,3.6373379230499268,-0.21948561072349548,0.549314558506012,0.5035598874092102,0.8824609620741749,0.21966352084634685
val,UVCGAN-S,thr0.5,"UVCGAN-S, thr0.5",thr,mass,-0.6387660503387451,1.2881072759628296,-0.46156755089759827,0.9307766556739807,0.8082701563835144,0.6607706949046699,0.4615725662333399
val,UVCGAN-S,thr0.5,"UVCGAN-S, thr0.5",thr,girth,-0.002912989119067788,0.014483651146292686,-0.05845426768064499,0.2906400263309479,0.2847011089324951,0.9612136469467142,0.06276832298290894
val,UVCGAN-S,thr0.5,"UVCGAN-S, thr0.5",thr,ptd,0.01607474312186241,0.04794876277446747,0.14832162857055664,0.44242316484451294,0.41682007908821106,0.9185645029644436,0.14938890507304606
val,UVCGAN-S,thr0.5,"UVCGAN-S, thr0.5",thr,core,0.008514109067618847,0.06270357221364975,0.032190997153520584,0.23707595467567444,0.234880268573761,0.973854604673198,0.04101418072522064
val,UVCGAN-S,thr0.5,"UVCGAN-S, thr0.5",thr,zlead,0.014786269515752792,0.0496235266327858,0.1037321463227272,0.3481307327747345,0.332317054271698,0.9479390014563754,0.1040492222118866
val,UVCGAN-S,thr0.5,"UVCGAN-S, thr0.5",thr,n1,-0.5125184059143066,1.902042031288147,-0.2317523956298828,0.860072135925293,0.8282601237297058,0.6528629107065815,0.23185484664722564
val,UVCGAN-S,thr0.5,"UVCGAN-S, thr0.5",thr,zg,0.006752837888221733,0.11968214741512077,0.05890716142246675,1.0440255924796882,1.0423624053493636,0.45718831312630703,0.05892895663285581
val,UVCGAN-S,thr0.5,"UVCGAN-S, thr0.5",thr,rg,-0.01654828726245759,0.08824816437504765,-0.15902918104931157,0.8480656086691998,0.8330216060716825,0.6230955739983884,0.15902918104931157
jewel,UVCGAN-S,image,UVCGAN-S,full,et,-1.2008036375045776,4.104475021362305,-0.12472309172153473,0.42631685733795166,0.4076642692089081,0.9248472934070232,0.12514298526628756
jewel,UVCGAN-S,image,UVCGAN-S,full,mass,-0.621236264705658,1.3235840797424316,-0.4706566333770752,1.0027644634246826,0.8854484558105469,0.6414755819639837,0.4707874621092914
jewel,UVCGAN-S,image,UVCGAN-S,full,girth,-0.0025685636792331934,0.0171562060713768,-0.050509534776210785,0.33736830949783325,0.3335658013820648,0.9480122720223401,0.06850508849920084
jewel,UVCGAN-S,image,UVCGAN-S,full,ptd,0.018253259360790253,0.06970971077680588,0.1564747840166092,0.5975816249847412,0.5767316222190857,0.8447390139429265,0.15661957926720235
jewel,UVCGAN-S,image,UVCGAN-S,full,core,0.007973781786859035,0.07265676558017731,0.030017202720046043,0.2735154926776886,0.2718633711338043,0.9649591715463965,0.042163899544996275
jewel,UVCGAN-S,image,UVCGAN-S,full,zlead,0.016880568116903305,0.07648779451847076,0.11346709728240967,0.5141324400901794,0.5014553070068359,0.8821394430226512,0.11354491858617193
jewel,UVCGAN-S,image,UVCGAN-S,full,n1,-0.2693219482898712,1.8467867374420166,-0.12753456830978394,0.87452632188797,0.8651769757270813,0.6651340868592148,0.12854496153802925
jewel,UVCGAN-S,image,UVCGAN-S,full,zg,0.007816256795390731,0.1283613266055622,0.07080682480887783,1.1628146570817526,1.160656848635564,0.33815761568439173,0.0710900507399067
jewel,UVCGAN-S,image,UVCGAN-S,full,rg,-0.020549468549424424,0.10180605311147364,-0.182250960946003,0.9029066111885204,0.884321737696296,0.5637863186824879,0.18273389318032005
jewel,UVCGAN-S,thr0.5,"UVCGAN-S, thr0.5",thr,et,-0.7363407611846924,3.722588539123535,-0.07623521983623505,0.38540899753570557,0.37779396772384644,0.9347815966674208,0.07700661487955646
jewel,UVCGAN-S,thr0.5,"UVCGAN-S, thr0.5",thr,mass,-0.38017579913139343,1.2036651372909546,-0.29184842109680176,0.9240139722824097,0.8767133355140686,0.6314292112556689,0.29195491912187105
jewel,UVCGAN-S,thr0.5,"UVCGAN-S, thr0.5",thr,girth,-0.004020708613097668,0.03230814263224602,-0.07182865589857101,0.5771744847297668,0.572687566280365,0.8512203023513284,0.08462624418347531
jewel,UVCGAN-S,thr0.5,"UVCGAN-S, thr0.5",thr,ptd,0.011231043376028538,0.09898880869150162,0.0939098447561264,0.8277079463005066,0.8223631978034973,0.742538691599624,0.16026102011713303
jewel,UVCGAN-S,thr0.5,"UVCGAN-S, thr0.5",thr,core,-4.333548713475466e-05,0.09538824111223221,-0.00014700223982799798,0.32357510924339294,0.32357507944107056,0.9498054181246751,0.028968377204377834
jewel,UVCGAN-S,thr0.5,"UVCGAN-S, thr0.5",thr,zlead,0.013247847557067871,0.10402045398950577,0.08415517210960388,0.6607759594917297,0.6553951501846313,0.8186871526404199,0.11343465318022276
jewel,UVCGAN-S,thr0.5,"UVCGAN-S, thr0.5",thr,n1,-0.2693219482898712,1.8467867374420166,-0.12753456830978394,0.87452632188797,0.8651769757270813,0.6651340868592148,0.12854496153802925
jewel,UVCGAN-S,thr0.5,"UVCGAN-S, thr0.5",thr,zg,0.005185657836834141,0.12351980872170247,0.045941674313878855,1.0943079937317062,1.0933431975854377,0.414263782036352,0.046142350203120394
jewel,UVCGAN-S,thr0.5,"UVCGAN-S, thr0.5",thr,rg,-0.014079892066793886,0.10266902446795584,-0.1220043356231415,0.8896421975300912,0.8812367342067202,0.5628561768347918,0.12205068785133348
val,jointMB-euler4-s0,image,jointMB-euler4-s0,full,et,-3.175457239151001,5.078553676605225,-0.49336978793144226,0.7890532612800598,0.6157851219177246,0.8387844529492448,0.4934542175636409
val,jointMB-euler4-s0,image,jointMB-euler4-s0,full,mass,-1.4073253870010376,1.8303382396697998,-1.044816493988037,1.3588666915893555,0.8688368201255798,0.5277629375980747,1.0448164754807705
val,jointMB-euler4-s0,image,jointMB-euler4-s0,full,girth,-0.008118047378957272,0.015400376170873642,-0.17819355428218842,0.33804282546043396,0.28726300597190857,0.96392759333161,0.18403976092194033
val,jointMB-euler4-s0,image,jointMB-euler4-s0,full,ptd,0.028498725965619087,0.04680580645799637,0.2745978832244873,0.45099472999572754,0.3577600419521332,0.9387920756671735,0.27563507321853553
val,jointMB-euler4-s0,image,jointMB-euler4-s0,full,core,0.027992360293865204,0.06651701033115387,0.11673352122306824,0.27738872170448303,0.2516302764415741,0.9741172765185679,0.13085376308890204
val,jointMB-euler4-s0,image,jointMB-euler4-s0,full,zlead,0.03419392183423042,0.053619638085365295,0.2558804154396057,0.40124717354774475,0.3090704083442688,0.95404019327185,0.25652113841997
val,jointMB-euler4-s0,image,jointMB-euler4-s0,full,n1,-1.7068086862564087,2.5884599685668945,-0.7717908024787903,1.1704590320587158,0.8799507021903992,0.5505101883970941,0.7717907908941894
val,jointMB-euler4-s0,image,jointMB-euler4-s0,full,zg,0.014280388137854361,0.13290331744163064,0.12701633307871635,1.1821031664177788,1.1752594382459454,0.33675656627667405,0.12713964413087125
val,jointMB-euler4-s0,image,jointMB-euler4-s0,full,rg,-0.055918901884468075,0.10523910856217843,-0.5631665734193374,1.0598768244969703,0.8978765470201924,0.5104984763388547,0.5631665734193374
val,jointMB-euler4-s0,thr0.5,"jointMB-euler4-s0, thr0.5",thr,et,-4.012955188751221,5.626856327056885,-0.6060406565666199,0.8497737050056458,0.5956761240959167,0.8523269289885754,0.6060662403711833
val,jointMB-euler4-s0,thr0.5,"jointMB-euler4-s0, thr0.5",thr,mass,-1.7417197227478027,2.122816324234009,-1.2585536241531372,1.5339311361312866,0.8769192099571228,0.513671832005457,1.2585536290194195
val,jointMB-euler4-s0,thr0.5,"jointMB-euler4-s0, thr0.5",thr,girth,-0.012645754031836987,0.02323777787387371,-0.25375935435295105,0.46630701422691345,0.3912140130996704,0.940877559427533,0.268468193004498
val,jointMB-euler4-s0,thr0.5,"jointMB-euler4-s0, thr0.5",thr,ptd,0.05486397445201874,0.07824727147817612,0.506229817867279,0.7219874262809753,0.5147787928581238,0.8771161157063164,0.5114453705699128
val,jointMB-euler4-s0,thr0.5,"jointMB-euler4-s0, thr0.5",thr,core,0.04527655988931656,0.0950574204325676,0.171186164021492,0.3594026267528534,0.3160151243209839,0.9663243436482644,0.2041596521334807
val,jointMB-euler4-s0,thr0.5,"jointMB-euler4-s0, thr0.5",thr,zlead,0.05676713585853577,0.08340999484062195,0.39824625849723816,0.585157573223114,0.4287298619747162,0.9161930536150698,0.39988935175989265
val,jointMB-euler4-s0,thr0.5,"jointMB-euler4-s0, thr0.5",thr,n1,-1.7068086862564087,2.5884599685668945,-0.7717908024787903,1.1704590320587158,0.8799507021903992,0.5505101883970941,0.7717907908941894
val,jointMB-euler4-s0,thr0.5,"jointMB-euler4-s0, thr0.5",thr,zg,0.021042278624182703,0.134051301873564,0.1836094932614074,1.169697067871281,1.1551964268343984,0.3471534335342273,0.1836155757202766
val,jointMB-euler4-s0,thr0.5,"jointMB-euler4-s0, thr0.5",thr,rg,-0.05879156124978313,0.10954335913059014,-0.5678749856068998,1.0580928991717293,0.892792576133784,0.503748080781693,0.5678749856068998
jewel,jointMB-euler4-s0,image,jointMB-euler4-s0,full,et,-1.6290513277053833,4.44966459274292,-0.16920362412929535,0.46217042207717896,0.430083304643631,0.9193081387674106,0.16963309018983677
jewel,jointMB-euler4-s0,image,jointMB-euler4-s0,full,mass,-0.8536304831504822,1.4034397602081299,-0.6467214822769165,1.0632641315460205,0.8439679741859436,0.592458397798427,0.6467214767313736
jewel,jointMB-euler4-s0,image,jointMB-euler4-s0,full,girth,-0.004629579372704029,0.01646464318037033,-0.09103838354349136,0.32376906275749207,0.31070634722709656,0.9541808395808531,0.09732125491220253
jewel,jointMB-euler4-s0,image,jointMB-euler4-s0,full,ptd,0.009911236353218555,0.05068013444542885,0.08496338129043579,0.4344519078731537,0.4260629713535309,0.9086364358390434,0.09634825203443595
jewel,jointMB-euler4-s0,image,jointMB-euler4-s0,full,core,0.015156034380197525,0.07056323438882828,0.05705470219254494,0.2656344175338745,0.2594347596168518,0.9681290059668882,0.06662043417163595
jewel,jointMB-euler4-s0,image,jointMB-euler4-s0,full,zlead,0.01822732388973236,0.058938875794410706,0.12251966446638107,0.3961728811264038,0.37675175070762634,0.9279305186873438,0.12711180935192043
jewel,jointMB-euler4-s0,image,jointMB-euler4-s0,full,n1,-1.1995021104812622,2.1328840255737305,-0.5680115222930908,1.0100046396255493,0.83514803647995,0.6314162239412726,0.568011557119353
jewel,jointMB-euler4-s0,image,jointMB-euler4-s0,full,zg,0.008406007872250803,0.13333764990558947,0.07604253919196237,1.2062008057571596,1.203801443778192,0.2995790169731207,0.07618943096108231
jewel,jointMB-euler4-s0,image,jointMB-euler4-s0,full,rg,-0.0477026946687337,0.10809147157384652,-0.42169902768435485,0.9555449389222559,0.8574590721136534,0.553609020106561,0.4216990276843549
jewel,jointMB-euler4-s0,thr0.5,"jointMB-euler4-s0, thr0.5",thr,et,-2.597339630126953,4.605103969573975,-0.26890912652015686,0.4767780601978302,0.3937070071697235,0.932821928496037,0.2691033273688346
jewel,jointMB-euler4-s0,thr0.5,"jointMB-euler4-s0, thr0.5",thr,mass,-1.2109599113464355,1.6211351156234741,-0.9296139478683472,1.2444919347763062,0.8273923397064209,0.5914405474585068,0.9296139213301561
jewel,jointMB-euler4-s0,thr0.5,"jointMB-euler4-s0, thr0.5",thr,girth,-0.01387226302176714,0.039198532700538635,-0.24782347679138184,0.7002690434455872,0.6549506187438965,0.8267491454484346,0.26330329249851825
jewel,jointMB-euler4-s0,thr0.5,"jointMB-euler4-s0, thr0.5",thr,ptd,0.0445946604013443,0.11736305058002472,0.3728840947151184,0.9813465476036072,0.9077436327934265,0.6877961072752785,0.4587826233946065
jewel,jointMB-euler4-s0,thr0.5,"jointMB-euler4-s0, thr0.5",thr,core,0.03117763064801693,0.11608906835317612,0.10576047003269196,0.39379626512527466,0.3793286383152008,0.9437541058747798,0.15833878754011024
jewel,jointMB-euler4-s0,thr0.5,"jointMB-euler4-s0, thr0.5",thr,zlead,0.05061082914471626,0.12352264672517776,0.3214985132217407,0.784661054611206,0.7157734632492065,0.7841269895590532,0.3536108640097081
jewel,jointMB-euler4-s0,thr0.5,"jointMB-euler4-s0, thr0.5",thr,n1,-1.1995021104812622,2.1328840255737305,-0.5680115222930908,1.0100046396255493,0.83514803647995,0.6314162239412726,0.568011557119353
jewel,jointMB-euler4-s0,thr0.5,"jointMB-euler4-s0, thr0.5",thr,zg,0.018168763992438993,0.1324081201340402,0.16096362290482277,1.173051217334408,1.161955193022128,0.3548962705940913,0.1609653977881294
jewel,jointMB-euler4-s0,thr0.5,"jointMB-euler4-s0, thr0.5",thr,rg,-0.05513750284757029,0.11704412228936933,-0.4798088901148304,1.0185229201507355,0.8984277198746464,0.4849491808736283,0.4802030856642187
val,jointMB-euler4-s1,image,jointMB-euler4-s1,full,et,-3.8780994415283203,5.496856212615967,-0.6025390625,0.8540447950363159,0.6052595973014832,0.8384593972658713,0.6026044379483598
val,jointMB-euler4-s1,image,jointMB-euler4-s1,full,mass,-1.5998930931091309,1.9682929515838623,-1.1877812147140503,1.4612860679626465,0.8511946201324463,0.5476102567079525,1.1877813268138364
val,jointMB-euler4-s1,image,jointMB-euler4-s1,full,girth,-0.009569067507982254,0.016909437254071236,-0.21004387736320496,0.3711671829223633,0.3060174286365509,0.9622969599787604,0.21956919744354975
val,jointMB-euler4-s1,image,jointMB-euler4-s1,full,ptd,0.03784262761473656,0.05434306338429451,0.3646305203437805,0.523619532585144,0.3757951855659485,0.937278823890215,0.3649824037817315
val,jointMB-euler4-s1,image,jointMB-euler4-s1,full,core,0.03404126316308975,0.07385651767253876,0.14195860922336578,0.30799588561058044,0.27332985401153564,0.9726977960892736,0.16596458840995326
val,jointMB-euler4-s1,image,jointMB-euler4-s1,full,zlead,0.04349856078624725,0.06148908659815788,0.3255090117454529,0.46013593673706055,0.3252214193344116,0.9527881798151684,0.32564045455471774
val,jointMB-euler4-s1,image,jointMB-euler4-s1,full,n1,-1.8437747955322266,2.671785593032837,-0.8337246179580688,1.2081375122070312,0.8743566870689392,0.5579555128593955,0.8337246197931059
val,jointMB-euler4-s1,image,jointMB-euler4-s1,full,zg,0.019798370871327707,0.13542518112092783,0.1760397195663139,1.2041501324369648,1.1912126420513565,0.3204947710482186,0.17606768985823645
val,jointMB-euler4-s1,image,jointMB-euler4-s1,full,rg,-0.06190483652204342,0.10929649649386265,-0.6237644080318464,1.1012914057397243,0.9076126506549246,0.5016525565125628,0.6237644080318464
val,jointMB-euler4-s1,thr0.5,"jointMB-euler4-s1, thr0.5",thr,et,-4.457635402679443,5.931561470031738,-0.6731967329978943,0.8957905769348145,0.5909711718559265,0.8486448153027981,0.6731989723121972
val,jointMB-euler4-s1,thr0.5,"jointMB-euler4-s1, thr0.5",thr,mass,-1.8501466512680054,2.2114691734313965,-1.3369020223617554,1.5979909896850586,0.8753675222396851,0.5141572460931815,1.336902039782239
val,jointMB-euler4-s1,thr0.5,"jointMB-euler4-s1, thr0.5",thr,girth,-0.013528106734156609,0.02429727464914322,-0.27146533131599426,0.4875676929950714,0.40500470995903015,0.939221503480897,0.28913126402318995
val,jointMB-euler4-s1,thr0.5,"jointMB-euler4-s1, thr0.5",thr,ptd,0.06264878064393997,0.0853966623544693,0.5780602097511292,0.7879548668861389,0.5354618430137634,0.8757598665675369,0.5832757551330868
val,jointMB-euler4-s1,thr0.5,"jointMB-euler4-s1, thr0.5",thr,core,0.04900107905268669,0.1016402393579483,0.18526819348335266,0.3842916190624237,0.3366834223270416,0.9640066705902242,0.22670701660869538
val,jointMB-euler4-s1,thr0.5,"jointMB-euler4-s1, thr0.5",thr,zlead,0.06513835489749908,0.09094604104757309,0.4569740295410156,0.638026237487793,0.445255309343338,0.9156909904070883,0.4586083443638504
val,jointMB-euler4-s1,thr0.5,"jointMB-euler4-s1, thr0.5",thr,n1,-1.8437747955322266,2.671785593032837,-0.8337246179580688,1.2081375122070312,0.8743566870689392,0.5579555128593955,0.8337246197931059
val,jointMB-euler4-s1,thr0.5,"jointMB-euler4-s1, thr0.5",thr,zg,0.02531197704574355,0.1356044065071526,0.22077157216374285,1.1827443570611824,1.1619570246288884,0.3402155728477253,0.22077486343284522
val,jointMB-euler4-s1,thr0.5,"jointMB-euler4-s1, thr0.5",thr,rg,-0.0630570517155668,0.11253014128631224,-0.6082611972300259,1.0854887217376619,0.8990573290752703,0.49551460422966737,0.6082611972300259
jewel,jointMB-euler4-s1,image,jointMB-euler4-s1,full,et,-2.2370471954345703,4.6757073402404785,-0.23235392570495605,0.48564866185188293,0.42645785212516785,0.918480457498597,0.23258601326361614
jewel,jointMB-euler4-s1,image,jointMB-euler4-s1,full,mass,-1.0253561735153198,1.4988192319869995,-0.776823103427887,1.135524868965149,0.8282285928726196,0.6008866365081633,0.7768230797069374
jewel,jointMB-euler4-s1,image,jointMB-euler4-s1,full,girth,-0.0060822973027825356,0.017318928614258766,-0.11960536241531372,0.3405681550502777,0.31887492537498474,0.9541689125685511,0.12610336682932247
jewel,jointMB-euler4-s1,image,jointMB-euler4-s1,full,ptd,0.018915902823209763,0.05373241752386093,0.16215525567531586,0.46061739325523376,0.43113112449645996,0.9110957108762856,0.16998353301483185
jewel,jointMB-euler4-s1,image,jointMB-euler4-s1,full,core,0.021805178374052048,0.07485174387693405,0.08208531886339188,0.2817784547805786,0.26955723762512207,0.9678964647798945,0.09723819979472992
jewel,jointMB-euler4-s1,image,jointMB-euler4-s1,full,zlead,0.027364786714315414,0.06233440712094307,0.18393947184085846,0.41899681091308594,0.37646329402923584,0.9308764567440216,0.18509950577634682
jewel,jointMB-euler4-s1,image,jointMB-euler4-s1,full,n1,-1.340564250946045,2.2223753929138184,-0.6348100304603577,1.0523823499679565,0.8393597602844238,0.631135521178542,0.6348100305823463
jewel,jointMB-euler4-s1,image,jointMB-euler4-s1,full,zg,0.010690015230961554,0.13466591613716325,0.09666657238532232,1.217743122797956,1.213900278814117,0.2929991959605445,0.0966693739669792
jewel,jointMB-euler4-s1,image,jointMB-euler4-s1,full,rg,-0.05293376142664498,0.11046953490343579,-0.4689625449951309,0.9786962580495243,0.8590229897458105,0.5534330227594554,0.4689625449951309
jewel,jointMB-euler4-s1,thr0.5,"jointMB-euler4-s1, thr0.5",thr,et,-2.9529457092285156,4.819051265716553,-0.30572593212127686,0.49892857670783997,0.3942858576774597,0.93081183245461,0.3058410640761041
jewel,jointMB-euler4-s1,thr0.5,"jointMB-euler4-s1, thr0.5",thr,mass,-1.3046847581863403,1.691381812095642,-1.0015634298324585,1.2984179258346558,0.8262929916381836,0.5892860372466019,1.0015634192247314
jewel,jointMB-euler4-s1,thr0.5,"jointMB-euler4-s1, thr0.5",thr,girth,-0.01551260706037283,0.04173442721366882,-0.2771276831626892,0.745572030544281,0.6921544671058655,0.8128351935507454,0.2953721905435386
jewel,jointMB-euler4-s1,thr0.5,"jointMB-euler4-s1, thr0.5",thr,ptd,0.05204795300960541,0.124556764960289,0.4352057874202728,1.0414977073669434,0.9462099671363831,0.6865698309173673,0.5358004047053436
jewel,jointMB-euler4-s1,thr0.5,"jointMB-euler4-s1, thr0.5",thr,core,0.035277172923088074,0.12110863626003265,0.11966690421104431,0.41082361340522766,0.3930087089538574,0.9431763180916908,0.18479971346018037
jewel,jointMB-euler4-s1,thr0.5,"jointMB-euler4-s1, thr0.5",thr,zlead,0.05943751335144043,0.13072839379310608,0.3775688409805298,0.8304345607757568,0.7396373748779297,0.7832611248863254,0.4153689714361085
jewel,jointMB-euler4-s1,thr0.5,"jointMB-euler4-s1, thr0.5",thr,n1,-1.340564250946045,2.2223753929138184,-0.6348100304603577,1.0523823499679565,0.8393597602844238,0.631135521178542,0.6348100305823463
jewel,jointMB-euler4-s1,thr0.5,"jointMB-euler4-s1, thr0.5",thr,zg,0.020619300663109963,0.1311077616527693,0.18282376696019437,1.1624843759110945,1.148018028809605,0.36818881285999616,0.18282422971709733
jewel,jointMB-euler4-s1,thr0.5,"jointMB-euler4-s1, thr0.5",thr,rg,-0.059791036377489795,0.119608415685207,-0.5237592240328884,1.0477492076165489,0.9074440353551136,0.46810906646321454,0.5240647082935433
val,jointMB-euler4-s2,image,jointMB-euler4-s2,full,et,-3.824124574661255,5.57622766494751,-0.5941530466079712,0.8663766980171204,0.6305480599403381,0.8362444347770308,0.5942724406624039
val,jointMB-euler4-s2,image,jointMB-euler4-s2,full,mass,-1.6265385150909424,2.0083935260772705,-1.2075631618499756,1.491057276725769,0.8746671676635742,0.5155795556908304,1.2075631210120032
val,jointMB-euler4-s2,image,jointMB-euler4-s2,full,girth,-0.009802866727113724,0.016946574673056602,-0.2151758372783661,0.3719823658466339,0.3034307658672333,0.9618420331975266,0.22211889154694678
val,jointMB-euler4-s2,image,jointMB-euler4-s2,full,ptd,0.03565216809511185,0.05294189602136612,0.3435244858264923,0.5101186633110046,0.3771100342273712,0.9327989628868801,0.344405121357053
val,jointMB-euler4-s2,image,jointMB-euler4-s2,full,core,0.03459605574607849,0.07352092862129211,0.14427220821380615,0.30659639835357666,0.2705307900905609,0.9722623171023573,0.16257206353998713
val,jointMB-euler4-s2,image,jointMB-euler4-s2,full,zlead,0.04134081304073334,0.06031670421361923,0.30936211347579956,0.4513627588748932,0.3286691904067993,0.949006982222901,0.30987164096161507
val,jointMB-euler4-s2,image,jointMB-euler4-s2,full,n1,-1.8937351703643799,2.7323074340820312,-0.8563159108161926,1.2355045080184937,0.8906146287918091,0.5322420274540111,0.8563158675552416
val,jointMB-euler4-s2,image,jointMB-euler4-s2,full,zg,0.016160461175767617,0.13411112815133142,0.14372223448592453,1.1927104553327812,1.1840194886801918,0.32495998598568215,0.1437391528578269
val,jointMB-euler4-s2,image,jointMB-euler4-s2,full,rg,-0.06173131085015097,0.10874233923425627,-0.6213175860228616,1.0944774504386212,0.9010246094404682,0.5064262587619344,0.6213175860228615
val,jointMB-euler4-s2,thr0.5,"jointMB-euler4-s2, thr0.5",thr,et,-4.471029281616211,6.051573753356934,-0.6752194762229919,0.9139149785041809,0.6158890724182129,0.8473528385154371,0.675262316729223
val,jointMB-euler4-s2,thr0.5,"jointMB-euler4-s2, thr0.5",thr,mass,-1.8638410568237305,2.2339301109313965,-1.3467975854873657,1.6142210960388184,0.8898574113845825,0.4932588935865302,1.3467974997047967
val,jointMB-euler4-s2,thr0.5,"jointMB-euler4-s2, thr0.5",thr,girth,-0.013630257919430733,0.023711059242486954,-0.27351516485214233,0.47580423951148987,0.3893316388130188,0.943940753946816,0.29048708429733433
val,jointMB-euler4-s2,thr0.5,"jointMB-euler4-s2, thr0.5",thr,ptd,0.06189201399683952,0.08463870733976364,0.5710775256156921,0.7809612154960632,0.5327015519142151,0.8698707611388768,0.574172829602773
val,jointMB-euler4-s2,thr0.5,"jointMB-euler4-s2, thr0.5",thr,core,0.05034954100847244,0.10219817608594894,0.19036659598350525,0.38640111684799194,0.33625346422195435,0.9638870913187396,0.22841274586368224
val,jointMB-euler4-s2,thr0.5,"jointMB-euler4-s2, thr0.5",thr,zlead,0.06417129933834076,0.09045623987913132,0.4501897096633911,0.6345900297164917,0.4472513496875763,0.9105953309126065,0.4511552245608761
val,jointMB-euler4-s2,thr0.5,"jointMB-euler4-s2, thr0.5",thr,n1,-1.8937351703643799,2.7323074340820312,-0.8563159108161926,1.2355045080184937,0.8906146287918091,0.5322420274540111,0.8563158675552416
val,jointMB-euler4-s2,thr0.5,"jointMB-euler4-s2, thr0.5",thr,zg,0.02228987680152576,0.13663808501519528,0.1943815047740184,1.191568567704056,1.1756068569645568,0.32726612815096917,0.19438189725379743
val,jointMB-euler4-s2,thr0.5,"jointMB-euler4-s2, thr0.5",thr,rg,-0.06365044693106472,0.11325480950954846,-0.6128151628340477,1.0903971280280218,0.9018999240561214,0.49177564245104344,0.6128450672910568
jewel,jointMB-euler4-s2,image,jointMB-euler4-s2,full,et,-2.0537948608398438,4.559158802032471,-0.21332018077373505,0.4735431969165802,0.4227737486362457,0.9227555394778902,0.21423585796729702
jewel,jointMB-euler4-s2,image,jointMB-euler4-s2,full,mass,-1.018507719039917,1.496061086654663,-0.7716346383094788,1.1334352493286133,0.8302141427993774,0.5992219000771479,0.7716345765817335
jewel,jointMB-euler4-s2,image,jointMB-euler4-s2,full,girth,-0.006276141852140427,0.01719464547932148,-0.12341722100973129,0.33812418580055237,0.3147953748703003,0.9544864874294481,0.12949611764027147
jewel,jointMB-euler4-s2,image,jointMB-euler4-s2,full,ptd,0.01737244240939617,0.05356106907129288,0.14892403781414032,0.45914849638938904,0.4343259036540985,0.9061062153135999,0.1587659335158695
jewel,jointMB-euler4-s2,image,jointMB-euler4-s2,full,core,0.021513884887099266,0.07413452118635178,0.08098874986171722,0.27907848358154297,0.2670685350894928,0.967749733238345,0.09242173254004685
jewel,jointMB-euler4-s2,image,jointMB-euler4-s2,full,zlead,0.025378476828336716,0.062484707683324814,0.17058798670768738,0.4200070798397064,0.3838042616844177,0.9261222237783163,0.1747600963587031
jewel,jointMB-euler4-s2,image,jointMB-euler4-s2,full,n1,-1.3334518671035767,2.2146811485290527,-0.6314420104026794,1.0487388372421265,0.8373374938964844,0.6266936138868351,0.6314420403237081
jewel,jointMB-euler4-s2,image,jointMB-euler4-s2,full,zg,0.007951286298091125,0.13526397957702727,0.07191415121360184,1.223373667653139,1.2212581568048257,0.2841528797784257,0.0724601243236486
jewel,jointMB-euler4-s2,image,jointMB-euler4-s2,full,rg,-0.053055715808799864,0.11078932419522493,-0.4696843690919764,0.9807805444428651,0.8610035248408191,0.5483431705820067,0.4696843690919764
jewel,jointMB-euler4-s2,thr0.5,"jointMB-euler4-s2, thr0.5",thr,et,-2.8546509742736816,4.7386369705200195,-0.2955492436885834,0.4906030595302582,0.39158904552459717,0.9347981375794803,0.29600756327837546
jewel,jointMB-euler4-s2,thr0.5,"jointMB-euler4-s2, thr0.5",thr,mass,-1.2914776802062988,1.6787830591201782,-0.9914247989654541,1.2887463569641113,0.8233736157417297,0.5928162144757211,0.9914247229208748
jewel,jointMB-euler4-s2,thr0.5,"jointMB-euler4-s2, thr0.5",thr,girth,-0.014998476952314377,0.039536118507385254,-0.2679429352283478,0.7062999606132507,0.6535030007362366,0.8322886662436517,0.28635845962787015
jewel,jointMB-euler4-s2,thr0.5,"jointMB-euler4-s2, thr0.5",thr,ptd,0.050890859216451645,0.11905467510223389,0.4255306124687195,0.9954913258552551,0.8999592065811157,0.6941620107170132,0.5136074954217363
jewel,jointMB-euler4-s2,thr0.5,"jointMB-euler4-s2, thr0.5",thr,core,0.03590207174420357,0.1198754608631134,0.1217866763472557,0.4066404402256012,0.3879747986793518,0.9436936695280574,0.1798414648368289
jewel,jointMB-euler4-s2,thr0.5,"jointMB-euler4-s2, thr0.5",thr,zlead,0.05730699002742767,0.12450210005044937,0.3640349805355072,0.7908828854560852,0.7021212577819824,0.7931624795521068,0.39682313266838665
jewel,jointMB-euler4-s2,thr0.5,"jointMB-euler4-s2, thr0.5",thr,n1,-1.3334518671035767,2.2146811485290527,-0.6314420104026794,1.0487388372421265,0.8373374938964844,0.6266936138868351,0.6314420403237081
jewel,jointMB-euler4-s2,thr0.5,"jointMB-euler4-s2, thr0.5",thr,zg,0.020638683313941295,0.1330786485160407,0.1829575659857558,1.1797140954588892,1.1654406360141014,0.35323686716834407,0.18295797757463989
jewel,jointMB-euler4-s2,thr0.5,"jointMB-euler4-s2, thr0.5",thr,rg,-0.06065013608402898,0.12045416186198657,-0.5281228938543787,1.0488781171277164,0.9062182483134292,0.47137299469702504,0.5284213268564845
val,jointMB-midpoint32-s0,image,jointMB-midpoint32-s0,full,et,-4.283134460449219,5.819627285003662,-0.665469229221344,0.904193639755249,0.6121411919593811,0.8266555701956434,0.6654692071182798
val,jointMB-midpoint32-s0,image,jointMB-midpoint32-s0,full,mass,-1.972230076789856,2.313992738723755,-1.4642090797424316,1.7179380655288696,0.8985559344291687,0.4885236553258737,1.464209141816803
val,jointMB-midpoint32-s0,image,jointMB-midpoint32-s0,full,girth,-0.013508342206478119,0.020835088565945625,-0.2965121269226074,0.4573363959789276,0.3481912314891815,0.9560348395017852,0.30883506057735577
val,jointMB-midpoint32-s0,image,jointMB-midpoint32-s0,full,ptd,0.06022322177886963,0.07391241937875748,0.5802775025367737,0.7121790051460266,0.4128885567188263,0.9226129405174892,0.5802774938110103
val,jointMB-midpoint32-s0,image,jointMB-midpoint32-s0,full,core,0.04895748198032379,0.09058321267366409,0.2041621059179306,0.37774941325187683,0.3178245425224304,0.9687912318289772,0.23614292648882054
val,jointMB-midpoint32-s0,image,jointMB-midpoint32-s0,full,zlead,0.06409056484699249,0.08077328652143478,0.4796033501625061,0.6044437289237976,0.3678761124610901,0.9391219286329353,0.47960331658466243
val,jointMB-midpoint32-s0,image,jointMB-midpoint32-s0,full,n1,-2.145576000213623,2.8906078338623047,-0.9701941609382629,1.3070852756500244,0.8758967518806458,0.5440205060513245,0.9701941981113139
val,jointMB-midpoint32-s0,image,jointMB-midpoint32-s0,full,zg,0.028270789286947484,0.1412418841306322,0.25139840788872664,1.2559955237627145,1.2305785615810918,0.28096277564314165,0.2514174388729281
val,jointMB-midpoint32-s0,image,jointMB-midpoint32-s0,full,rg,-0.07246761884681129,0.1170948479877984,-0.73150624625671,1.1819846445985922,0.928432179404763,0.458566982720452,0.73150624625671
val,jointMB-midpoint32-s0,thr0.5,"jointMB-midpoint32-s0, thr0.5",thr,et,-4.46134090423584,5.936708927154541,-0.6737563610076904,0.8965679407119751,0.5915120244026184,0.841140160012152,0.6737563256121575
val,jointMB-midpoint32-s0,thr0.5,"jointMB-midpoint32-s0, thr0.5",thr,mass,-2.0000832080841064,2.3640501499176025,-1.4452451467514038,1.7082449197769165,0.9106960296630859,0.4614069038153486,1.4452451818214005
val,jointMB-midpoint32-s0,thr0.5,"jointMB-midpoint32-s0, thr0.5",thr,girth,-0.015891341492533684,0.027211057022213936,-0.3188877999782562,0.5460378527641296,0.4432470500469208,0.9303556850107629,0.3391366983225883
val,jointMB-midpoint32-s0,thr0.5,"jointMB-midpoint32-s0, thr0.5",thr,ptd,0.080251045525074,0.10144981741905212,0.7404762506484985,0.9360772967338562,0.5726566910743713,0.8536062935200887,0.7472949163703114
val,jointMB-midpoint32-s0,thr0.5,"jointMB-midpoint32-s0, thr0.5",thr,core,0.05855320394039154,0.11481330543756485,0.22138382494449615,0.43409767746925354,0.3734032213687897,0.9597067408615,0.27252861061173184
val,jointMB-midpoint32-s0,thr0.5,"jointMB-midpoint32-s0, thr0.5",thr,zlead,0.08214150369167328,0.10725191980600357,0.5762585401535034,0.752419114112854,0.4837980568408966,0.8977644000258583,0.5784040991811481
val,jointMB-midpoint32-s0,thr0.5,"jointMB-midpoint32-s0, thr0.5",thr,n1,-2.145576000213623,2.8906078338623047,-0.9701941609382629,1.3070852756500244,0.8758967518806458,0.5440205060513245,0.9701941981113139
val,jointMB-midpoint32-s0,thr0.5,"jointMB-midpoint32-s0, thr0.5",thr,zg,0.029825951921498943,0.1389692223922265,0.260124363224154,1.2120076025629505,1.1837642266632402,0.31982518020529205,0.26012570636118654
val,jointMB-midpoint32-s0,thr0.5,"jointMB-midpoint32-s0, thr0.5",thr,rg,-0.0703793613925454,0.11872382128802791,-0.6796880294927655,1.1465742022725742,0.9233940566633679,0.44848916807616923,0.6796899233839182
jewel,jointMB-midpoint32-s0,image,jointMB-midpoint32-s0,full,et,-2.530601739883423,4.871326446533203,-0.26284438371658325,0.5059669017791748,0.43233710527420044,0.9111704013737957,0.2629968405049224
jewel,jointMB-midpoint32-s0,image,jointMB-midpoint32-s0,full,mass,-1.3542543649673462,1.7601854801177979,-1.0260006189346313,1.333539366722107,0.851850688457489,0.5662570132415553,1.0260006785150346
jewel,jointMB-midpoint32-s0,image,jointMB-midpoint32-s0,full,girth,-0.01002996601164341,0.02157912775874138,-0.19723431766033173,0.4243428707122803,0.37571993470191956,0.9429334800021323,0.21870435436443386
jewel,jointMB-midpoint32-s0,image,jointMB-midpoint32-s0,full,ptd,0.04734782874584198,0.07472074031829834,0.4058859348297119,0.6405382752418518,0.49552592635154724,0.8792711467424545,0.4065590207910324
jewel,jointMB-midpoint32-s0,image,jointMB-midpoint32-s0,full,core,0.0359952449798584,0.09222712367773056,0.1355036497116089,0.3471878468990326,0.3196532130241394,0.9607614308669454,0.16459603293024472
jewel,jointMB-midpoint32-s0,image,jointMB-midpoint32-s0,full,zlead,0.053827568888664246,0.08693522959947586,0.3618158996105194,0.5843576192855835,0.4588714838027954,0.896826908002734,0.36234572969966955
jewel,jointMB-midpoint32-s0,image,jointMB-midpoint32-s0,full,n1,-1.497629165649414,2.3075525760650635,-0.7091864347457886,1.092717170715332,0.8313153386116028,0.6162203301998219,0.7091864821272759
jewel,jointMB-midpoint32-s0,image,jointMB-midpoint32-s0,full,zg,0.01735146381466676,0.13925321706148291,0.1569293135932165,1.259427561992434,1.2496123296612305,0.26324594952336655,0.15692992844246048
jewel,jointMB-midpoint32-s0,image,jointMB-midpoint32-s0,full,rg,-0.0657696996548529,0.12023110188566379,-0.5831978953429325,1.0661220279619603,0.8924664662458176,0.5009899979356948,0.5832045379664506
jewel,jointMB-midpoint32-s0,thr0.5,"jointMB-midpoint32-s0, thr0.5",thr,et,-2.8101325035095215,4.729795455932617,-0.29094013571739197,0.4896876811981201,0.3938881754875183,0.9262648755718093,0.2910199045550852
jewel,jointMB-midpoint32-s0,thr0.5,"jointMB-midpoint32-s0, thr0.5",thr,mass,-1.3991185426712036,1.7742067575454712,-1.0740571022033691,1.3619999885559082,0.837523341178894,0.5677346421230579,1.074057054837236
jewel,jointMB-midpoint32-s0,thr0.5,"jointMB-midpoint32-s0, thr0.5",thr,girth,-0.01779620535671711,0.04406791552901268,-0.3179234266281128,0.787259042263031,0.7202093005180359,0.8034366272502728,0.3372094094506524
jewel,jointMB-midpoint32-s0,thr0.5,"jointMB-midpoint32-s0, thr0.5",thr,ptd,0.0655188038945198,0.13226783275604248,0.5478440523147583,1.105974793434143,0.9607535600662231,0.6731608468680653,0.6609090539239055
jewel,jointMB-midpoint32-s0,thr0.5,"jointMB-midpoint32-s0, thr0.5",thr,core,0.04140371084213257,0.13153758645057678,0.14044928550720215,0.44620057940483093,0.42351970076560974,0.9378956456421864,0.21772558936090397
jewel,jointMB-midpoint32-s0,thr0.5,"jointMB-midpoint32-s0, thr0.5",thr,zlead,0.07299382239580154,0.13800780475139618,0.46368345618247986,0.876676082611084,0.7440152764320374,0.775949806469589,0.5060975937575006
jewel,jointMB-midpoint32-s0,thr0.5,"jointMB-midpoint32-s0, thr0.5",thr,n1,-1.497629165649414,2.3075525760650635,-0.7091864347457886,1.092717170715332,0.8313153386116028,0.6162203301998219,0.7091864821272759
jewel,jointMB-midpoint32-s0,thr0.5,"jointMB-midpoint32-s0, thr0.5",thr,zg,0.026223804820710007,0.136394322553073,0.2323069673903939,1.2082667506947116,1.1857242570413387,0.33079529146816605,0.23230836473654104
jewel,jointMB-midpoint32-s0,thr0.5,"jointMB-midpoint32-s0, thr0.5",thr,rg,-0.06774024496031765,0.1251891949648507,-0.5921597586807283,1.0943568852348746,0.9203063688034316,0.4328619617400895,0.5926243976255667
val,jointMB-midpoint32-s1,image,jointMB-midpoint32-s1,full,et,-4.770902156829834,6.125417709350586,-0.7412535548210144,0.951704204082489,0.5968954563140869,0.8307584976115618,0.7412535413431534
val,jointMB-midpoint32-s1,image,jointMB-midpoint32-s1,full,mass,-2.0644032955169678,2.3789234161376953,-1.5326396226882935,1.7661434412002563,0.8776549100875854,0.5160716279884686,1.5326397372989595
val,jointMB-midpoint32-s1,image,jointMB-midpoint32-s1,full,girth,-0.014220664277672768,0.021813439205288887,-0.3121478259563446,0.47881147265434265,0.36307600140571594,0.9547433916058679,0.32786556927913063
val,jointMB-midpoint32-s1,image,jointMB-midpoint32-s1,full,ptd,0.066503144800663,0.0798671767115593,0.6407873630523682,0.7695556879043579,0.4261544346809387,0.9234159026576123,0.6407873556039838
val,jointMB-midpoint32-s1,image,jointMB-midpoint32-s1,full,core,0.05223243683576584,0.09602930396795273,0.21781930327415466,0.4004606604576111,0.3360409140586853,0.9675337315790042,0.2583831838200642
val,jointMB-midpoint32-s1,image,jointMB-midpoint32-s1,full,zlead,0.07049074023962021,0.08676701039075851,0.5274972319602966,0.6492960453033447,0.37859219312667847,0.9405562473901591,0.5274971927514476
val,jointMB-midpoint32-s1,image,jointMB-midpoint32-s1,full,n1,-2.2777841091156006,2.980393648147583,-1.029976487159729,1.3476849794387817,0.8691393733024597,0.5495917830204904,1.0299764796043125
val,jointMB-midpoint32-s1,image,jointMB-midpoint32-s1,full,zg,0.02980141311084856,0.14300581615139266,0.2648350796897635,1.2708443245856325,1.2429431515146736,0.26762547843377343,0.2648354847729145
val,jointMB-midpoint32-s1,image,jointMB-midpoint32-s1,full,rg,-0.07488504896974556,0.119036124028855,-0.7559484935841703,1.201644118281427,0.9340719790509572,0.4572758203813134,0.7559484935841703
val,jointMB-midpoint32-s1,thr0.5,"jointMB-midpoint32-s1, thr0.5",thr,et,-4.828059673309326,6.165825843811035,-0.7291386127471924,0.9311694502830505,0.5791661143302917,0.841979427455905,0.7291385989499607
val,jointMB-midpoint32-s1,thr0.5,"jointMB-midpoint32-s1, thr0.5",thr,mass,-2.068930149078369,2.4169323444366455,-1.4949933290481567,1.7464570999145508,0.9028329849243164,0.4734977730083016,1.4949933770001476
val,jointMB-midpoint32-s1,thr0.5,"jointMB-midpoint32-s1, thr0.5",thr,girth,-0.016481265425682068,0.02819203771650791,-0.33072566986083984,0.5657230019569397,0.4589804410934448,0.9271367774928628,0.35228469689870107
val,jointMB-midpoint32-s1,thr0.5,"jointMB-midpoint32-s1, thr0.5",thr,ptd,0.08554686605930328,0.10610580444335938,0.7893407940864563,0.9790381193161011,0.5791862607002258,0.8596324357649648,0.7972303378998505
val,jointMB-midpoint32-s1,thr0.5,"jointMB-midpoint32-s1, thr0.5",thr,core,0.06091313436627388,0.11920367181301117,0.2303064912557602,0.4506972134113312,0.3874104619026184,0.9584324695007677,0.28803429842282063
val,jointMB-midpoint32-s1,thr0.5,"jointMB-midpoint32-s1, thr0.5",thr,zlead,0.08790982514619827,0.11181476712226868,0.6167258620262146,0.7844294309616089,0.48474621772766113,0.9040533643345076,0.6192078498198784
val,jointMB-midpoint32-s1,thr0.5,"jointMB-midpoint32-s1, thr0.5",thr,n1,-2.2777841091156006,2.980393648147583,-1.029976487159729,1.3476849794387817,0.8691393733024597,0.5495917830204904,1.0299764796043125
val,jointMB-midpoint32-s1,thr0.5,"jointMB-midpoint32-s1, thr0.5",thr,zg,0.031408278307427505,0.13966887156929136,0.2738344599832174,1.2177092181967106,1.186520302652653,0.31447795975973525,0.27383458309594255
val,jointMB-midpoint32-s1,thr0.5,"jointMB-midpoint32-s1, thr0.5",thr,rg,-0.07252911077378162,0.11977564552124961,-0.7008465487454423,1.1573883491988175,0.9210656360828835,0.45406346650677165,0.7008672250051535
jewel,jointMB-midpoint32-s1,image,jointMB-midpoint32-s1,full,et,-2.9792253971099854,5.076900005340576,-0.3094412684440613,0.527319073677063,0.4269794821739197,0.9116332757995108,0.309502309922552
jewel,jointMB-midpoint32-s1,image,jointMB-midpoint32-s1,full,mass,-1.4424811601638794,1.818560242652893,-1.09284245967865,1.3777648210525513,0.8390060663223267,0.5774519776738939,1.0928424383328055
jewel,jointMB-midpoint32-s1,image,jointMB-midpoint32-s1,full,girth,-0.010964826680719852,0.022077251225709915,-0.21561788022518158,0.4341382086277008,0.37680888175964355,0.9447854680230945,0.2363416343085836
jewel,jointMB-midpoint32-s1,image,jointMB-midpoint32-s1,full,ptd,0.0546417236328125,0.08041886985301971,0.4684123396873474,0.6893851161003113,0.5058079957962036,0.880028461120286,0.468412333271082
jewel,jointMB-midpoint32-s1,image,jointMB-midpoint32-s1,full,core,0.04092266038060188,0.09581167250871658,0.15405283868312836,0.36068183183670044,0.32612746953964233,0.9618144348556822,0.18843163840757782
jewel,jointMB-midpoint32-s1,image,jointMB-midpoint32-s1,full,zlead,0.0613250806927681,0.0917094424366951,0.4122123718261719,0.616448700428009,0.45835575461387634,0.90183501896911,0.4122123719276246
jewel,jointMB-midpoint32-s1,image,jointMB-midpoint32-s1,full,n1,-1.6260075569152832,2.397470712661743,-0.7699787020683289,1.1352969408035278,0.834285318851471,0.6155980018697439,0.7699787062956976
jewel,jointMB-midpoint32-s1,image,jointMB-midpoint32-s1,full,zg,0.019671093904704035,0.1388271791921799,0.17779538738390938,1.254776791949863,1.2421165798108464,0.27527631474225306,0.1777972902387036
jewel,jointMB-midpoint32-s1,image,jointMB-midpoint32-s1,full,rg,-0.06866473085973425,0.1217448125660883,-0.6090088790642273,1.0797926519833858,0.8916615706075075,0.5022778803794986,0.6091382356039459
jewel,jointMB-midpoint32-s1,thr0.5,"jointMB-midpoint32-s1, thr0.5",thr,et,-3.1401610374450684,4.9140849113464355,-0.3251088261604309,0.5087676644325256,0.39134228229522705,0.9253108408363222,0.3251123094569594
jewel,jointMB-midpoint32-s1,thr0.5,"jointMB-midpoint32-s1, thr0.5",thr,mass,-1.4683631658554077,1.830104947090149,-1.127213954925537,1.4049111604690552,0.8385488390922546,0.5645893947194459,1.1272138852183708
jewel,jointMB-midpoint32-s1,thr0.5,"jointMB-midpoint32-s1, thr0.5",thr,girth,-0.018826991319656372,0.04527552053332329,-0.3363381028175354,0.8088324666023254,0.7355859875679016,0.7994046660121138,0.3571321650231634
jewel,jointMB-midpoint32-s1,thr0.5,"jointMB-midpoint32-s1, thr0.5",thr,ptd,0.07118700444698334,0.13811762630939484,0.5952394604682922,1.15488862991333,0.9896756410598755,0.6766731465319198,0.7176772060228881
jewel,jointMB-midpoint32-s1,thr0.5,"jointMB-midpoint32-s1, thr0.5",thr,core,0.04457098990678787,0.1352740079164505,0.151193305850029,0.45887523889541626,0.4332517683506012,0.9378526909558839,0.2359780353281657
jewel,jointMB-midpoint32-s1,thr0.5,"jointMB-midpoint32-s1, thr0.5",thr,zlead,0.07983291149139404,0.14430727064609528,0.5071278810501099,0.9166925549507141,0.7636404037475586,0.7779807464340269,0.5532910557552865
jewel,jointMB-midpoint32-s1,thr0.5,"jointMB-midpoint32-s1, thr0.5",thr,n1,-1.6260075569152832,2.397470712661743,-0.7699787020683289,1.1352969408035278,0.834285318851471,0.6155980018697439,0.7699787062956976
jewel,jointMB-midpoint32-s1,thr0.5,"jointMB-midpoint32-s1, thr0.5",thr,zg,0.027922054194230314,0.13591716451540134,0.24753481653018708,1.2049339259779537,1.1792337684182945,0.3421858351673558,0.2475349816087429
jewel,jointMB-midpoint32-s1,thr0.5,"jointMB-midpoint32-s1, thr0.5",thr,rg,-0.07054510412575088,0.12672878024499615,-0.6185315135794565,1.1111436467552518,0.9230704038336767,0.42805536422050294,0.6187987616874248
val,jointMB-midpoint32-s2,image,jointMB-midpoint32-s2,full,et,-5.256308078765869,6.594712257385254,-0.8166708946228027,1.02461838722229,0.6187820434570312,0.8285736358146639,0.8166709167410757
val,jointMB-midpoint32-s2,image,jointMB-midpoint32-s2,full,mass,-2.1943604946136475,2.5070948600769043,-1.6291215419769287,1.8612995147705078,0.9002214670181274,0.47364288017285583,1.6291217141574863
val,jointMB-midpoint32-s2,image,jointMB-midpoint32-s2,full,girth,-0.015012684278190136,0.022549718618392944,-0.3295328915119171,0.4949730336666107,0.36933234333992004,0.9524507187591164,0.3428893100305595
val,jointMB-midpoint32-s2,image,jointMB-midpoint32-s2,full,ptd,0.0674053281545639,0.08119992911815643,0.6494802832603455,0.7823973894119263,0.43625807762145996,0.914863708736293,0.6494971313399948
val,jointMB-midpoint32-s2,image,jointMB-midpoint32-s2,full,core,0.05537022650241852,0.09933227300643921,0.2309044897556305,0.4142346680164337,0.3439091145992279,0.9655347800049173,0.26843004440527785
val,jointMB-midpoint32-s2,image,jointMB-midpoint32-s2,full,zlead,0.07312680035829544,0.08999976515769958,0.5472234487533569,0.6734874248504639,0.39259612560272217,0.9323073837152316,0.5472370918001734
val,jointMB-midpoint32-s2,image,jointMB-midpoint32-s2,full,n1,-2.357539415359497,3.070524215698242,-1.0660405158996582,1.388440489768982,0.8895642161369324,0.5211818283323961,1.0660405123130283
val,jointMB-midpoint32-s2,image,jointMB-midpoint32-s2,full,zg,0.024067737596593218,0.14259988654157316,0.21392094672615874,1.2674686438468625,1.2492856325463717,0.25623561016576984,0.21393117905596926
val,jointMB-midpoint32-s2,image,jointMB-midpoint32-s2,full,rg,-0.07694773584292082,0.12050094151694404,-0.7761280618957315,1.2154244848357143,0.9353512227372868,0.4462482664337044,0.7761280618957315
val,jointMB-midpoint32-s2,thr0.5,"jointMB-midpoint32-s2, thr0.5",thr,et,-5.294334888458252,6.613534927368164,-0.7995559573173523,0.9987829327583313,0.598563015460968,0.8408607644816319,0.7995558925699572
val,jointMB-midpoint32-s2,thr0.5,"jointMB-midpoint32-s2, thr0.5",thr,mass,-2.15805721282959,2.500425100326538,-1.5593959093093872,1.806788444519043,0.912561297416687,0.4479646803806648,1.5593960827472015
val,jointMB-midpoint32-s2,thr0.5,"jointMB-midpoint32-s2, thr0.5",thr,girth,-0.01711079850792885,0.028366854414343834,-0.3433583676815033,0.5692309737205505,0.45401424169540405,0.929213059937264,0.36385126831259823
val,jointMB-midpoint32-s2,thr0.5,"jointMB-midpoint32-s2, thr0.5",thr,ptd,0.08820149302482605,0.10915345698595047,0.8138350248336792,1.0071587562561035,0.5933308005332947,0.8462554644058646,0.820118654010352
val,jointMB-midpoint32-s2,thr0.5,"jointMB-midpoint32-s2, thr0.5",thr,core,0.06446444243192673,0.12361355870962143,0.24373362958431244,0.46737053990364075,0.3987845480442047,0.9563467351350577,0.30150154157690123
val,jointMB-midpoint32-s2,thr0.5,"jointMB-midpoint32-s2, thr0.5",thr,zlead,0.0923662781715393,0.11724495887756348,0.647989809513092,0.8225246071815491,0.5066121816635132,0.8910730460261281,0.6499624610514362
val,jointMB-midpoint32-s2,thr0.5,"jointMB-midpoint32-s2, thr0.5",thr,n1,-2.357539415359497,3.070524215698242,-1.0660405158996582,1.388440489768982,0.8895642161369324,0.5211818283323961,1.0660405123130283
val,jointMB-midpoint32-s2,thr0.5,"jointMB-midpoint32-s2, thr0.5",thr,zg,0.0279713742943571,0.14184906177198536,0.24399361255247987,1.2373458899339385,1.2130506866450388,0.2886744834931401,0.2439939792624348
val,jointMB-midpoint32-s2,thr0.5,"jointMB-midpoint32-s2, thr0.5",thr,rg,-0.07565589814562161,0.12215306426358744,-0.730136800998789,1.1788697214584156,0.9255452836024273,0.44003706243513596,0.7301368009987887
jewel,jointMB-midpoint32-s2,image,jointMB-midpoint32-s2,full,et,-3.2912180423736572,5.2154035568237305,-0.3418468236923218,0.5417049527168274,0.42022016644477844,0.9170180446552222,0.3419266219575568
jewel,jointMB-midpoint32-s2,image,jointMB-midpoint32-s2,full,mass,-1.5251281261444092,1.8803269863128662,-1.155456781387329,1.4245600700378418,0.83324134349823,0.5794087902983133,1.1554567328951326
jewel,jointMB-midpoint32-s2,image,jointMB-midpoint32-s2,full,girth,-0.011504322290420532,0.022749077528715134,-0.226226806640625,0.44734933972358704,0.38593119382858276,0.9412847523492044,0.2463419919767825
jewel,jointMB-midpoint32-s2,image,jointMB-midpoint32-s2,full,ptd,0.05399014428257942,0.07895556837320328,0.4628267288208008,0.6768410801887512,0.49386775493621826,0.8814350800581795,0.4638355067343501
jewel,jointMB-midpoint32-s2,image,jointMB-midpoint32-s2,full,core,0.04214413836598396,0.09815425425767899,0.15865108370780945,0.36950045824050903,0.3337070941925049,0.9593565254174865,0.19123157435663538
jewel,jointMB-midpoint32-s2,image,jointMB-midpoint32-s2,full,zlead,0.06150807812809944,0.09135216474533081,0.4134424328804016,0.6140471696853638,0.45400360226631165,0.9006698723086388,0.41421112118760806
jewel,jointMB-midpoint32-s2,image,jointMB-midpoint32-s2,full,n1,-1.6833807229995728,2.425441026687622,-0.7971471548080444,1.1485419273376465,0.8268645405769348,0.6157364708434648,0.7971471610487135
jewel,jointMB-midpoint32-s2,image,jointMB-midpoint32-s2,full,zg,0.01722130561738888,0.1394319801111713,0.15570420018550038,1.2606561561493415,1.251003655502983,0.26345499129219124,0.15570890682554733
jewel,jointMB-midpoint32-s2,image,jointMB-midpoint32-s2,full,rg,-0.07202636623503292,0.1241996249864257,-0.6383709100625993,1.1007833905336524,0.8967756988570846,0.4891826436730069,0.6383709100625993
jewel,jointMB-midpoint32-s2,thr0.5,"jointMB-midpoint32-s2, thr0.5",thr,et,-3.457923173904419,5.072089672088623,-0.3580075204372406,0.5251262784004211,0.38417214155197144,0.9303697715592695,0.35803463994146745
jewel,jointMB-midpoint32-s2,thr0.5,"jointMB-midpoint32-s2, thr0.5",thr,mass,-1.5176572799682617,1.8635375499725342,-1.1650553941726685,1.430576205253601,0.8301772475242615,0.5713668952463933,1.1650553623502358
jewel,jointMB-midpoint32-s2,thr0.5,"jointMB-midpoint32-s2, thr0.5",thr,girth,-0.01885743997991085,0.044463686645030975,-0.3368820548057556,0.7943293452262878,0.7193536162376404,0.8084441616514602,0.3589305315057086
jewel,jointMB-midpoint32-s2,thr0.5,"jointMB-midpoint32-s2, thr0.5",thr,ptd,0.07447036355733871,0.13810721039772034,0.6226937174797058,1.154801607131958,0.9725324511528015,0.6673138926887767,0.7344036858517641
jewel,jointMB-midpoint32-s2,thr0.5,"jointMB-midpoint32-s2, thr0.5",thr,core,0.0467761866748333,0.13737061619758606,0.1586737483739853,0.46598735451698303,0.43814021348953247,0.9364212333865847,0.24173591782313364
jewel,jointMB-midpoint32-s2,thr0.5,"jointMB-midpoint32-s2, thr0.5",thr,zlead,0.08363444358110428,0.14532841742038727,0.5312765836715698,0.9231792688369751,0.7549868226051331,0.7719515050514789,0.5732565315951875
jewel,jointMB-midpoint32-s2,thr0.5,"jointMB-midpoint32-s2, thr0.5",thr,n1,-1.6833807229995728,2.425441026687622,-0.7971471548080444,1.1485419273376465,0.8268645405769348,0.6157364708434648,0.7971471610487135
jewel,jointMB-midpoint32-s2,thr0.5,"jointMB-midpoint32-s2, thr0.5",thr,zg,0.025424423847932216,0.13698069090752513,0.2254048488817852,1.2144272026933032,1.193325640695808,0.32891994811131575,0.22540572878859647
jewel,jointMB-midpoint32-s2,thr0.5,"jointMB-midpoint32-s2, thr0.5",thr,rg,-0.07343546648252915,0.12873776667052558,-0.6423594317193166,1.1261032659058112,0.9249232000360736,0.4222439101925973,0.6425606845593087
val,jointS-euler4-s0,image,jointS-euler4-s0,full,et,-5.369080066680908,8.459672927856445,-0.8341922760009766,1.314376711845398,1.015730857849121,0.7535164879540774,0.9077490115810603
val,jointS-euler4-s0,image,jointS-euler4-s0,full,mass,-2.1567344665527344,2.5013630390167236,-1.6011874675750732,1.8570442199707031,0.9406439065933228,0.40145535954639167,1.6013771529381424
val,jointS-euler4-s0,image,jointS-euler4-s0,full,girth,-0.012589899823069572,0.02036059834063053,-0.27635204792022705,0.4469211995601654,0.3512379825115204,0.9564445057491721,0.289835208212732
val,jointS-euler4-s0,image,jointS-euler4-s0,full,ptd,0.06870151311159134,0.0863431990146637,0.6619696021080017,0.831955075263977,0.5039299726486206,0.9173901338221212,0.6621972371319859
val,jointS-euler4-s0,image,jointS-euler4-s0,full,core,0.04618258774280548,0.09230451285839081,0.19259026646614075,0.38492757081985474,0.3332839608192444,0.9677389980002301,0.23961072227405683
val,jointS-euler4-s0,image,jointS-euler4-s0,full,zlead,0.08206833899021149,0.10197344422340393,0.6141348481178284,0.7630890011787415,0.4529274106025696,0.9313838586802303,0.6141405483468555
val,jointS-euler4-s0,image,jointS-euler4-s0,full,n1,-2.680865526199341,3.3984649181365967,-1.2122433185577393,1.5367299318313599,0.9444602727890015,0.44711996231334095,1.212243281277054
val,jointS-euler4-s0,image,jointS-euler4-s0,full,zg,0.014694734797969629,0.13871464298604474,0.13040475406720153,1.2309884562608226,1.2240617548000086,0.27629316873395837,0.13054470308989188
val,jointS-euler4-s0,image,jointS-euler4-s0,full,rg,-0.07245781667261722,0.11638257292914037,-0.7330080425260319,1.1773658921077024,0.9213520790071085,0.47423108690427557,0.7330080425260319
val,jointS-euler4-s0,thr0.5,"jointS-euler4-s0, thr0.5",thr,et,-5.792657852172852,8.798928260803223,-0.8748131990432739,1.3288233280181885,1.0002366304397583,0.7698308970258035,0.9453089898271182
val,jointS-euler4-s0,thr0.5,"jointS-euler4-s0, thr0.5",thr,mass,-2.3259549140930176,2.6827034950256348,-1.6807175874710083,1.9385013580322266,0.9659070372581482,0.3597259641347714,1.6808865701244078
val,jointS-euler4-s0,thr0.5,"jointS-euler4-s0, thr0.5",thr,girth,-0.01711527816951275,0.029618920758366585,-0.3434482514858246,0.5943558812141418,0.4850795865058899,0.9214074792200919,0.369430608463433
val,jointS-euler4-s0,thr0.5,"jointS-euler4-s0, thr0.5",thr,ptd,0.10335389524698257,0.12506064772605896,0.9536462426185608,1.153934359550476,0.6497102975845337,0.8391053117947235,0.963682786109108
val,jointS-euler4-s0,thr0.5,"jointS-euler4-s0, thr0.5",thr,core,0.06333371996879578,0.1267818808555603,0.23945848643779755,0.47934967279434204,0.4152538478374481,0.9555311660202715,0.31460947017426816
val,jointS-euler4-s0,thr0.5,"jointS-euler4-s0, thr0.5",thr,zlead,0.11338329315185547,0.13878396153450012,0.7954333424568176,0.9736301302909851,0.5614636540412903,0.8855662007726735,0.7986179042842713
val,jointS-euler4-s0,thr0.5,"jointS-euler4-s0, thr0.5",thr,n1,-2.680865526199341,3.3984649181365967,-1.2122433185577393,1.5367299318313599,0.9444602727890015,0.44711996231334095,1.212243281277054
val,jointS-euler4-s0,thr0.5,"jointS-euler4-s0, thr0.5",thr,zg,0.018577661855942392,0.13953507535322998,0.16185438658146584,1.215673113388682,1.2048503127610788,0.29025555601550646,0.16185769840789827
val,jointS-euler4-s0,thr0.5,"jointS-euler4-s0, thr0.5",thr,rg,-0.07407451895794899,0.12125611402561057,-0.7167934177426606,1.1733533422465,0.928959235941937,0.4435632566785206,0.7168791218639159
jewel,jointS-euler4-s0,image,jointS-euler4-s0,full,et,-3.138831615447998,7.072230815887451,-0.3260189890861511,0.7345668077468872,0.6582552790641785,0.8847358489186922,0.4225423570599251
jewel,jointS-euler4-s0,image,jointS-euler4-s0,full,mass,-1.4692907333374023,1.8455619812011719,-1.1131536960601807,1.3982216119766235,0.8461161851882935,0.5746373771999019,1.1131536457693636
jewel,jointS-euler4-s0,image,jointS-euler4-s0,full,girth,-0.0088152214884758,0.019649619236588478,-0.17334696650505066,0.386400043964386,0.34533435106277466,0.9510744211901189,0.1827915344332627
jewel,jointS-euler4-s0,image,jointS-euler4-s0,full,ptd,0.04623081535100937,0.07772359251976013,0.396310418844223,0.6662800312042236,0.5355998277664185,0.8922980852066837,0.4077784795955322
jewel,jointS-euler4-s0,image,jointS-euler4-s0,full,core,0.03245508298277855,0.0879717543721199,0.12217675149440765,0.3311685621738434,0.30780747532844543,0.9644345389882899,0.1559281035468166
jewel,jointS-euler4-s0,image,jointS-euler4-s0,full,zlead,0.061056412756443024,0.09284858405590057,0.4104064404964447,0.6241057515144348,0.47018563747406006,0.9118849180212149,0.41099292116809893
jewel,jointS-euler4-s0,image,jointS-euler4-s0,full,n1,-2.02584171295166,2.725553035736084,-0.9593159556388855,1.2906568050384521,0.8634281158447266,0.5830041188512386,0.9593158920021486
jewel,jointS-euler4-s0,image,jointS-euler4-s0,full,zg,0.008438585237037739,0.1375164113744231,0.07620361458144305,1.241825177638227,1.2394848853216955,0.26066624595731164,0.07723186427383746
jewel,jointS-euler4-s0,image,jointS-euler4-s0,full,rg,-0.0631042361010249,0.11577686261983895,-0.5606141303946244,1.0285544864774099,0.8623433935820971,0.5447811703524532,0.5606141303946245
jewel,jointS-euler4-s0,thr0.5,"jointS-euler4-s0, thr0.5",thr,et,-3.654398202896118,7.215807914733887,-0.37834909558296204,0.747070848941803,0.6441792249679565,0.8936958068604063,0.47115399980603306
jewel,jointS-euler4-s0,thr0.5,"jointS-euler4-s0, thr0.5",thr,mass,-1.6489958763122559,1.9883705377578735,-1.2658796310424805,1.5264064073562622,0.8529159426689148,0.5511463056152245,1.2658796294117753
jewel,jointS-euler4-s0,thr0.5,"jointS-euler4-s0, thr0.5",thr,girth,-0.020509513095021248,0.0489656925201416,-0.3663958013057709,0.8747562170028687,0.7943252325057983,0.7716219875558102,0.3881205937651964
jewel,jointS-euler4-s0,thr0.5,"jointS-euler4-s0, thr0.5",thr,ptd,0.08830380439758301,0.15617460012435913,0.7383638620376587,1.3058744668960571,1.0770918130874634,0.6503934845390407,0.8874485495047846
jewel,jointS-euler4-s0,thr0.5,"jointS-euler4-s0, thr0.5",thr,core,0.04526560381054878,0.1443837285041809,0.15354956686496735,0.489777147769928,0.4650851786136627,0.9319692347240397,0.2650147815072016
jewel,jointS-euler4-s0,thr0.5,"jointS-euler4-s0, thr0.5",thr,zlead,0.10274045169353485,0.1655081957578659,0.65264493227005,1.0513685941696167,0.82427579164505,0.7610321691122797,0.7096324304527819
jewel,jointS-euler4-s0,thr0.5,"jointS-euler4-s0, thr0.5",thr,n1,-2.02584171295166,2.725553035736084,-0.9593159556388855,1.2906568050384521,0.8634281158447266,0.5830041188512386,0.9593158920021486
jewel,jointS-euler4-s0,thr0.5,"jointS-euler4-s0, thr0.5",thr,zg,0.020668067294452072,0.13771277763962544,0.18301524026553279,1.2194433436025887,1.2056315731131175,0.3036933685160026,0.18301673530916332
jewel,jointS-euler4-s0,thr0.5,"jointS-euler4-s0, thr0.5",thr,rg,-0.0720832438146519,0.1278588730594701,-0.6372894272304819,1.1304029017884185,0.93363424653979,0.4103863305369219,0.6376096440706852
val,jointS-euler4-s1,image,jointS-euler4-s1,full,et,-5.908114433288574,8.417128562927246,-0.9179418683052063,1.3077665567398071,0.9314699172973633,0.7480419428357591,0.9446845709728433
val,jointS-euler4-s1,image,jointS-euler4-s1,full,mass,-2.2428078651428223,2.562419891357422,-1.66508948802948,1.9023735523223877,0.9200555086135864,0.42979343093473354,1.6650895631309546
val,jointS-euler4-s1,image,jointS-euler4-s1,full,girth,-0.013327406719326973,0.02139102667570114,-0.2925405502319336,0.4695394039154053,0.3672700524330139,0.9546264232976854,0.30974956901568484
val,jointS-euler4-s1,image,jointS-euler4-s1,full,ptd,0.07486221939325333,0.09174199402332306,0.7213307023048401,0.8839748501777649,0.5109730362892151,0.9173224216649521,0.7219118877785088
val,jointS-euler4-s1,image,jointS-euler4-s1,full,core,0.049590032547712326,0.0980876162648201,0.2067999690771103,0.40904420614242554,0.35291773080825806,0.9660006958039554,0.26226904493191844
val,jointS-euler4-s1,image,jointS-euler4-s1,full,zlead,0.0883825421333313,0.10762278735637665,0.6613854169845581,0.8053642511367798,0.45954421162605286,0.9316355462082578,0.6614148400838858
val,jointS-euler4-s1,image,jointS-euler4-s1,full,n1,-2.7738757133483887,3.461926221847534,-1.2543009519577026,1.5654261112213135,0.9366364479064941,0.45822028920539964,1.254300910330826
val,jointS-euler4-s1,image,jointS-euler4-s1,full,zg,0.019506327447582218,0.14074793985937983,0.17297165188912184,1.248077257130495,1.236033028445894,0.26451075951995323,0.1729957094038471
val,jointS-euler4-s1,image,jointS-euler4-s1,full,rg,-0.07635037337961138,0.11975496268620793,-0.7735690058850637,1.2133369273045498,0.9347606604339105,0.4607864529382599,0.7735690058850637
val,jointS-euler4-s1,thr0.5,"jointS-euler4-s1, thr0.5",thr,et,-6.228030681610107,8.707710266113281,-0.9405636787414551,1.3150475025177002,0.9190701246261597,0.7624358053714636,0.9673453938018848
val,jointS-euler4-s1,thr0.5,"jointS-euler4-s1, thr0.5",thr,mass,-2.390775442123413,2.732333183288574,-1.7275563478469849,1.9743634462356567,0.9558557271957397,0.37267211275186435,1.7275562602915664
val,jointS-euler4-s1,thr0.5,"jointS-euler4-s1, thr0.5",thr,girth,-0.017669593915343285,0.030286451801657677,-0.3545715808868408,0.6077510714530945,0.49359947443008423,0.9208074537270332,0.3831895265692088
val,jointS-euler4-s1,thr0.5,"jointS-euler4-s1, thr0.5",thr,ptd,0.10917134582996368,0.1309090554714203,1.0073238611221313,1.207897663116455,0.6665699481964111,0.8391078858229813,1.016823181882622
val,jointS-euler4-s1,thr0.5,"jointS-euler4-s1, thr0.5",thr,core,0.06599025428295135,0.1320764720439911,0.24950256943702698,0.49936798214912415,0.4325699806213379,0.9532974770069944,0.33177647638486557
val,jointS-euler4-s1,thr0.5,"jointS-euler4-s1, thr0.5",thr,zlead,0.11988530308008194,0.14553862810134888,0.8410478234291077,1.021017074584961,0.5788906812667847,0.884157650820535,0.8440485903724573
val,jointS-euler4-s1,thr0.5,"jointS-euler4-s1, thr0.5",thr,n1,-2.7738757133483887,3.461926221847534,-1.2543009519577026,1.5654261112213135,0.9366364479064941,0.45822028920539964,1.254300910330826
val,jointS-euler4-s1,thr0.5,"jointS-euler4-s1, thr0.5",thr,zg,0.02203634298672948,0.13994583484587966,0.19196768136364545,1.219125943358279,1.2039171379630242,0.2873039632306345,0.1919683823114514
val,jointS-euler4-s1,thr0.5,"jointS-euler4-s1, thr0.5",thr,rg,-0.07789316131060467,0.12384356178977425,-0.7563630466107514,1.2025534992079954,0.9349063376505138,0.4304010007191774,0.7563984583023117
jewel,jointS-euler4-s1,image,jointS-euler4-s1,full,et,-3.5757954120635986,6.793282985687256,-0.37140482664108276,0.7055935263633728,0.599933922290802,0.8851304613388213,0.4111823567166407
jewel,jointS-euler4-s1,image,jointS-euler4-s1,full,mass,-1.5371098518371582,1.8949358463287354,-1.164534330368042,1.4356279373168945,0.8395757079124451,0.5742925354880284,1.1645342890178767
jewel,jointS-euler4-s1,image,jointS-euler4-s1,full,girth,-0.009576554410159588,0.020458335056900978,-0.18831820785999298,0.4023030400276184,0.35550522804260254,0.9502173288481818,0.19747408177564243
jewel,jointS-euler4-s1,image,jointS-euler4-s1,full,ptd,0.05198418349027634,0.08298300951719284,0.4456307590007782,0.7113659977912903,0.554486095905304,0.8914964457258475,0.46576230421627124
jewel,jointS-euler4-s1,image,jointS-euler4-s1,full,core,0.03630669042468071,0.09221459180116653,0.13667608797550201,0.34714066982269287,0.31910231709480286,0.9640238816072052,0.1752508985908416
jewel,jointS-euler4-s1,image,jointS-euler4-s1,full,zlead,0.0674067959189415,0.09806276112794876,0.45309218764305115,0.6591541767120361,0.4787396490573883,0.9140817320586746,0.4545812794603085
jewel,jointS-euler4-s1,image,jointS-euler4-s1,full,n1,-2.1124939918518066,2.7848188877105713,-1.0003491640090942,1.3187215328216553,0.8592600226402283,0.5858490081450286,1.000349239986559
jewel,jointS-euler4-s1,image,jointS-euler4-s1,full,zg,0.009261650650001337,0.13811935940715805,0.08355001505415394,1.245984651530393,1.2431802551656637,0.25755504821154884,0.08385578624405436
jewel,jointS-euler4-s1,image,jointS-euler4-s1,full,rg,-0.06654575256966389,0.11828714669970133,-0.5900319840167012,1.048800218734259,0.8670894744225335,0.5394165721992853,0.5900319840167012
jewel,jointS-euler4-s1,thr0.5,"jointS-euler4-s1, thr0.5",thr,et,-4.01413106918335,6.932278633117676,-0.41559314727783203,0.7177163362503052,0.5851486921310425,0.8939217481626144,0.45335642365347495
jewel,jointS-euler4-s1,thr0.5,"jointS-euler4-s1, thr0.5",thr,mass,-1.7055805921554565,2.0377860069274902,-1.309317946434021,1.5643410682678223,0.8560661673545837,0.5420880091933441,1.3093179517778069
jewel,jointS-euler4-s1,thr0.5,"jointS-euler4-s1, thr0.5",thr,girth,-0.021757695823907852,0.05068892613053322,-0.388694167137146,0.9055412411689758,0.817876398563385,0.7626617947167974,0.4108268989829272
jewel,jointS-euler4-s1,thr0.5,"jointS-euler4-s1, thr0.5",thr,ptd,0.0946502536535263,0.1641155630350113,0.7914305329322815,1.3722738027572632,1.1210588216781616,0.6465017470353468,0.9512109643921328
jewel,jointS-euler4-s1,thr0.5,"jointS-euler4-s1, thr0.5",thr,core,0.04865900054574013,0.15099233388900757,0.1650606095790863,0.512194812297821,0.4848695993423462,0.9285918984871344,0.2836849758837259
jewel,jointS-euler4-s1,thr0.5,"jointS-euler4-s1, thr0.5",thr,zlead,0.11117466539144516,0.17542952299118042,0.7062221765518188,1.1143925189971924,0.862044632434845,0.7547177500965636,0.7675363965302752
jewel,jointS-euler4-s1,thr0.5,"jointS-euler4-s1, thr0.5",thr,n1,-2.1124939918518066,2.7848188877105713,-1.0003491640090942,1.3187215328216553,0.8592600226402283,0.5858490081450286,1.000349239986559
jewel,jointS-euler4-s1,thr0.5,"jointS-euler4-s1, thr0.5",thr,zg,0.02022167801941161,0.13690007335798865,0.1790108159247123,1.211897143671343,1.1986032765768366,0.3123025887659733,0.17901088326057704
jewel,jointS-euler4-s1,thr0.5,"jointS-euler4-s1, thr0.5",thr,rg,-0.07485764932673607,0.12915608415589847,-0.6632334973715904,1.14431380322467,0.9325102724446295,0.4054955741196687,0.6634675395973699
val,jointS-euler4-s2,image,jointS-euler4-s2,full,et,-6.385782718658447,9.357555389404297,-0.9921570420265198,1.4538804292678833,1.062729001045227,0.7255849109400092,1.0668901999474978
val,jointS-euler4-s2,image,jointS-euler4-s2,full,mass,-2.349043130874634,2.6791391372680664,-1.743959903717041,1.989027500152588,0.9564695954322815,0.37147724852441,1.7439599860545663
val,jointS-euler4-s2,image,jointS-euler4-s2,full,girth,-0.01368631236255169,0.02150219865143299,-0.3004186153411865,0.47197964787483215,0.36402401328086853,0.9541093625727876,0.31392960395223773
val,jointS-euler4-s2,image,jointS-euler4-s2,full,ptd,0.07223837822675705,0.09099264442920685,0.6960488557815552,0.8767545223236084,0.5331175923347473,0.9103084881190248,0.6964645007062327
val,jointS-euler4-s2,image,jointS-euler4-s2,full,core,0.05104852467775345,0.09832607209682465,0.2128821611404419,0.41003862023353577,0.3504466712474823,0.9653939197407257,0.2612781066607425
val,jointS-euler4-s2,image,jointS-euler4-s2,full,zlead,0.08591112494468689,0.10724501311779022,0.6428912281990051,0.8025372624397278,0.48037153482437134,0.9257149649884292,0.6429109458280902
val,jointS-euler4-s2,image,jointS-euler4-s2,full,n1,-2.852724552154541,3.552340507507324,-1.2899551391601562,1.6063098907470703,0.9572081565856934,0.4234631779723877,1.2899551244860337
val,jointS-euler4-s2,image,jointS-euler4-s2,full,zg,0.015399082098149355,0.139806721601758,0.1365681732473782,1.2398887450019798,1.2323446084754293,0.2615998650397711,0.13661285027657183
val,jointS-euler4-s2,image,jointS-euler4-s2,full,rg,-0.07693341888880818,0.11965676785298184,-0.7774988663392409,1.209266437124959,0.9261861739402548,0.4670071651721912,0.7774988663392411
val,jointS-euler4-s2,thr0.5,"jointS-euler4-s2, thr0.5",thr,et,-6.726620197296143,9.655340194702148,-1.0158611536026,1.4581595659255981,1.0460665225982666,0.7407608017827414,1.086877277201711
val,jointS-euler4-s2,thr0.5,"jointS-euler4-s2, thr0.5",thr,mass,-2.474510431289673,2.821593999862671,-1.7880626916885376,2.038862705230713,0.9796902537345886,0.32927716046375216,1.7880627974839243
val,jointS-euler4-s2,thr0.5,"jointS-euler4-s2, thr0.5",thr,girth,-0.018129795789718628,0.030436353757977486,-0.3638063371181488,0.6107591390609741,0.49058303236961365,0.9214934989093151,0.39029880717405796
val,jointS-euler4-s2,thr0.5,"jointS-euler4-s2, thr0.5",thr,ptd,0.10921601951122284,0.1314837485551834,1.007736086845398,1.213200330734253,0.6755170226097107,0.8308608196668237,1.0156255151864293
val,jointS-euler4-s2,thr0.5,"jointS-euler4-s2, thr0.5",thr,core,0.06890501827001572,0.13444733619689941,0.2605230212211609,0.5083319544792175,0.43649640679359436,0.952554967920068,0.3400255528680705
val,jointS-euler4-s2,thr0.5,"jointS-euler4-s2, thr0.5",thr,zlead,0.11946296691894531,0.14641982316970825,0.8380849361419678,1.0271990299224854,0.5939289331436157,0.876899212276669,0.8405669320243858
val,jointS-euler4-s2,thr0.5,"jointS-euler4-s2, thr0.5",thr,n1,-2.852724552154541,3.552340507507324,-1.2899551391601562,1.6063098907470703,0.9572081565856934,0.4234631779723877,1.2899551244860337
val,jointS-euler4-s2,thr0.5,"jointS-euler4-s2, thr0.5",thr,zg,0.020182937000606138,0.14185413225191612,0.17578499968231304,1.2354905825692757,1.2229213439563715,0.26612462327062186,0.1757898738960305
val,jointS-euler4-s2,thr0.5,"jointS-euler4-s2, thr0.5",thr,rg,-0.07946599111681905,0.12490192383392386,-0.7697304279841203,1.2098359302836141,0.9333906183590027,0.42772457297317723,0.7697304279841202
jewel,jointS-euler4-s2,image,jointS-euler4-s2,full,et,-3.7978477478027344,7.499282360076904,-0.3944685757160187,0.7789230942726135,0.6716514825820923,0.8698965957890687,0.4763897023642626
jewel,jointS-euler4-s2,image,jointS-euler4-s2,full,mass,-1.5978660583496094,1.952056884765625,-1.2105640172958374,1.4789035320281982,0.8495237827301025,0.563059764025681,1.2105640140372778
jewel,jointS-euler4-s2,image,jointS-euler4-s2,full,girth,-0.009873170405626297,0.02039901167154312,-0.19415101408958435,0.40113645792007446,0.3510211706161499,0.950611606880496,0.20333498347728654
jewel,jointS-euler4-s2,image,jointS-euler4-s2,full,ptd,0.05128531903028488,0.08271622657775879,0.4396398067474365,0.7090790271759033,0.5563361644744873,0.887491857428781,0.4516409191284744
jewel,jointS-euler4-s2,image,jointS-euler4-s2,full,core,0.0363946370780468,0.09166999161243439,0.13700716197490692,0.3450905382633209,0.3167278468608856,0.9638240976170857,0.17262633026562024
jewel,jointS-euler4-s2,image,jointS-euler4-s2,full,zlead,0.06650029122829437,0.09890548884868622,0.44699886441230774,0.6648187637329102,0.49211379885673523,0.9075448725721759,0.44837392660695957
jewel,jointS-euler4-s2,image,jointS-euler4-s2,full,n1,-2.136439085006714,2.805176258087158,-1.0116881132125854,1.3283615112304688,0.8608319163322449,0.578953356936067,1.0116881405239746
jewel,jointS-euler4-s2,image,jointS-euler4-s2,full,zg,0.007871140948500171,0.13731656514702484,0.07100969596422409,1.2388048449062266,1.2367679923260502,0.2628705208125505,0.07132450889411435
jewel,jointS-euler4-s2,image,jointS-euler4-s2,full,rg,-0.06808979857471316,0.11940982298848073,-0.6042486108669881,1.0596773844982164,0.8705169587562875,0.5319248420941131,0.6042486108669882
jewel,jointS-euler4-s2,thr0.5,"jointS-euler4-s2, thr0.5",thr,et,-4.252331733703613,7.661299705505371,-0.44025465846061707,0.7931937575340271,0.6597970724105835,0.8783102669487104,0.5192776524075624
jewel,jointS-euler4-s2,thr0.5,"jointS-euler4-s2, thr0.5",thr,mass,-1.7452815771102905,2.0754003524780273,-1.3397949934005737,1.5932163000106812,0.8621408939361572,0.5336980250925287,1.33979501257026
jewel,jointS-euler4-s2,thr0.5,"jointS-euler4-s2, thr0.5",thr,girth,-0.021586501970887184,0.04929118975996971,-0.3856358528137207,0.8805711269378662,0.7916378378868103,0.7760539304630272,0.4069060652591725
jewel,jointS-euler4-s2,thr0.5,"jointS-euler4-s2, thr0.5",thr,ptd,0.09530802071094513,0.162720188498497,0.7969305515289307,1.3606061935424805,1.102792501449585,0.6429556926223802,0.944079114998243
jewel,jointS-euler4-s2,thr0.5,"jointS-euler4-s2, thr0.5",thr,core,0.050166841596364975,0.1492415964603424,0.1701754927635193,0.5062559843063354,0.47679704427719116,0.9309865512992067,0.2828993414064051
jewel,jointS-euler4-s2,thr0.5,"jointS-euler4-s2, thr0.5",thr,zlead,0.11082345992326736,0.1736304759979248,0.703991174697876,1.1029642820358276,0.8490740656852722,0.7553297865579954,0.760084273805483
jewel,jointS-euler4-s2,thr0.5,"jointS-euler4-s2, thr0.5",thr,n1,-2.136439085006714,2.805176258087158,-1.0116881132125854,1.3283615112304688,0.8608319163322449,0.578953356936067,1.0116881405239746
jewel,jointS-euler4-s2,thr0.5,"jointS-euler4-s2, thr0.5",thr,zg,0.019150165188850116,0.13858998763830213,0.1691665610970198,1.2242605418829713,1.2125166180379527,0.29606333495840526,0.1691669179193389
jewel,jointS-euler4-s2,thr0.5,"jointS-euler4-s2, thr0.5",thr,rg,-0.0762361443349806,0.1302998395071169,-0.6746144177825686,1.153024607068465,0.9350727949337817,0.40254475963882885,0.6746144177825686
val,jointS-midpoint32-s0,image,jointS-midpoint32-s0,full,et,-3.794330358505249,5.871039390563965,-0.5895239114761353,0.9121814966201782,0.6960866451263428,0.8097965185581683,0.5919597824799271
val,jointS-midpoint32-s0,image,jointS-midpoint32-s0,full,mass,-2.004754066467285,2.341461181640625,-1.488355278968811,1.7383309602737427,0.8981053829193115,0.4813564585146865,1.4883553698404457
val,jointS-midpoint32-s0,image,jointS-midpoint32-s0,full,girth,-0.014332776889204979,0.021866776049137115,-0.31460872292518616,0.4799822270870209,0.3624972999095917,0.9551513550671118,0.3290689095136804
val,jointS-midpoint32-s0,image,jointS-midpoint32-s0,full,ptd,0.07456136494874954,0.08853106200695038,0.7184318900108337,0.853036105632782,0.4599197208881378,0.916650042505997,0.718431895424539
val,jointS-midpoint32-s0,image,jointS-midpoint32-s0,full,core,0.05260057374835014,0.0972001850605011,0.21935449540615082,0.4053434431552887,0.3408620357513428,0.9675430651792376,0.26304875118233256
val,jointS-midpoint32-s0,image,jointS-midpoint32-s0,full,zlead,0.08362949639558792,0.10070446878671646,0.6258173584938049,0.7535930275917053,0.4198273718357086,0.9316747023917498,0.6258173693720774
val,jointS-midpoint32-s0,image,jointS-midpoint32-s0,full,n1,-2.274385452270508,2.9981303215026855,-1.0284396409988403,1.3557051420211792,0.8833166360855103,0.5304476387958398,1.028439660028657
val,jointS-midpoint32-s0,image,jointS-midpoint32-s0,full,zg,0.02426665765717009,0.14074655006776413,0.21554996720462877,1.2501892382491837,1.231467150626503,0.27845153000912193,0.21555241721395654
val,jointS-midpoint32-s0,image,jointS-midpoint32-s0,full,rg,-0.07464480727943426,0.11848336643100668,-0.7546443387452203,1.1978435603419288,0.9302371294742096,0.45838974941460925,0.7546443387452203
val,jointS-midpoint32-s0,thr0.5,"jointS-midpoint32-s0, thr0.5",thr,et,-3.925955057144165,5.967372894287109,-0.5929018259048462,0.9011988639831543,0.6786949634552002,0.8242323648103105,0.5958626489327984
val,jointS-midpoint32-s0,thr0.5,"jointS-midpoint32-s0, thr0.5",thr,mass,-2.0265283584594727,2.3927001953125,-1.464354157447815,1.7289471626281738,0.9191981554031372,0.44501354347396144,1.464354235254375
val,jointS-midpoint32-s0,thr0.5,"jointS-midpoint32-s0, thr0.5",thr,girth,-0.016517437994480133,0.028058242052793503,-0.33145153522491455,0.5630381107330322,0.4551393389701843,0.9291854631140916,0.3540950346667803
val,jointS-midpoint32-s0,thr0.5,"jointS-midpoint32-s0, thr0.5",thr,ptd,0.09491078555583954,0.1153932511806488,0.8757416605949402,1.0647333860397339,0.6055853366851807,0.8495360950149455,0.8825603498655696
val,jointS-midpoint32-s0,thr0.5,"jointS-midpoint32-s0, thr0.5",thr,core,0.061434101313352585,0.12072595953941345,0.23227621614933014,0.4564528167247772,0.39293378591537476,0.9583634935682895,0.2953513556888888
val,jointS-midpoint32-s0,thr0.5,"jointS-midpoint32-s0, thr0.5",thr,zlead,0.10270359367132187,0.12706421315670013,0.7205106019973755,0.8914110064506531,0.5248599648475647,0.8910191176183204,0.7226551254646649
val,jointS-midpoint32-s0,thr0.5,"jointS-midpoint32-s0, thr0.5",thr,n1,-2.274385452270508,2.9981303215026855,-1.0284396409988403,1.3557051420211792,0.8833166360855103,0.5304476387958398,1.028439660028657
val,jointS-midpoint32-s0,thr0.5,"jointS-midpoint32-s0, thr0.5",thr,zg,0.023956525755322117,0.13884467229510422,0.20882568050057496,1.2102895666940838,1.1921378571339913,0.3092264636918404,0.20882688064621094
val,jointS-midpoint32-s0,thr0.5,"jointS-midpoint32-s0, thr0.5",thr,rg,-0.07217495555222175,0.11990498926416308,-0.6978451426038771,1.1593372478272412,0.9257834580201876,0.4465113158258009,0.6978465501071123
jewel,jointS-midpoint32-s0,image,jointS-midpoint32-s0,full,et,-1.9030027389526367,4.971592426300049,-0.19765795767307281,0.5163811445236206,0.47705432772636414,0.907269002288703,0.2052151906289417
jewel,jointS-midpoint32-s0,image,jointS-midpoint32-s0,full,mass,-1.3682085275650024,1.7642461061477661,-1.0365724563598633,1.3366156816482544,0.8438357710838318,0.5734395487843381,1.036572540522538
jewel,jointS-midpoint32-s0,image,jointS-midpoint32-s0,full,girth,-0.01093641109764576,0.022153448313474655,-0.21505911648273468,0.43563657999038696,0.3788519501686096,0.9445479430323762,0.23763872575894804
jewel,jointS-midpoint32-s0,image,jointS-midpoint32-s0,full,ptd,0.06231110543012619,0.08728642761707306,0.5341575741767883,0.7482568025588989,0.5239883661270142,0.8762602775004126,0.5342248218691167
jewel,jointS-midpoint32-s0,image,jointS-midpoint32-s0,full,core,0.04008657857775688,0.09661516547203064,0.15090543031692505,0.3637065887451172,0.33092302083969116,0.9613692990202952,0.19150836819635858
jewel,jointS-midpoint32-s0,image,jointS-midpoint32-s0,full,zlead,0.07349976897239685,0.10272154957056046,0.4940476715564728,0.6904694437980652,0.4823535084724426,0.8951292738873665,0.49409823853557827
jewel,jointS-midpoint32-s0,image,jointS-midpoint32-s0,full,n1,-1.605737328529358,2.3806753158569336,-0.7603799104690552,1.1273436546325684,0.8323016166687012,0.6112069676593719,0.7603799340585784
jewel,jointS-midpoint32-s0,image,jointS-midpoint32-s0,full,zg,0.014301077323646088,0.13835731184298247,0.1292173534959242,1.2501271945156096,1.2434310909829216,0.26494771702273534,0.12950514428776239
jewel,jointS-midpoint32-s0,image,jointS-midpoint32-s0,full,rg,-0.06815694862411696,0.12162448642362506,-0.6044589613480039,1.078642929623396,0.8933643901973227,0.5028718110478447,0.6044634764922383
jewel,jointS-midpoint32-s0,thr0.5,"jointS-midpoint32-s0, thr0.5",thr,et,-2.1409006118774414,4.798401355743408,-0.22165285050868988,0.4967906177043915,0.44460201263427734,0.9207434572161853,0.2302048131795223
jewel,jointS-midpoint32-s0,thr0.5,"jointS-midpoint32-s0, thr0.5",thr,mass,-1.4103118181228638,1.782959222793579,-1.082649827003479,1.3687189817428589,0.8374131917953491,0.5679749406997207,1.0826497968182003
jewel,jointS-midpoint32-s0,thr0.5,"jointS-midpoint32-s0, thr0.5",thr,girth,-0.018498532474040985,0.04479596018791199,-0.3304702937602997,0.8002653121948242,0.7288442254066467,0.8028734056664063,0.35200558619190087
jewel,jointS-midpoint32-s0,thr0.5,"jointS-midpoint32-s0, thr0.5",thr,ptd,0.07988852262496948,0.1420179307460785,0.6679983735084534,1.1875015497207642,0.9818036556243896,0.6791324513591749,0.784122911253916
jewel,jointS-midpoint32-s0,thr0.5,"jointS-midpoint32-s0, thr0.5",thr,core,0.04412966966629028,0.13572092354297638,0.1496962606906891,0.4603912830352783,0.4353746771812439,0.9377069839008858,0.24036471008239874
jewel,jointS-midpoint32-s0,thr0.5,"jointS-midpoint32-s0, thr0.5",thr,zlead,0.09281570464372635,0.15186195075511932,0.5895993113517761,0.9646826982498169,0.7635347247123718,0.7784441756146877,0.6332169608610674
jewel,jointS-midpoint32-s0,thr0.5,"jointS-midpoint32-s0, thr0.5",thr,n1,-1.605737328529358,2.3806753158569336,-0.7603799104690552,1.1273436546325684,0.8323016166687012,0.6112069676593719,0.7603799340585784
jewel,jointS-midpoint32-s0,thr0.5,"jointS-midpoint32-s0, thr0.5",thr,zg,0.021811400402473227,0.13637932842139658,0.1930612852083706,1.2071470852418875,1.1916087552387642,0.3214774120707718,0.1930619781841557
jewel,jointS-midpoint32-s0,thr0.5,"jointS-midpoint32-s0, thr0.5",thr,rg,-0.06939821137530766,0.1259594683263901,-0.6086085252747006,1.1046395107783105,0.9218590519897819,0.43152114050923096,0.6091214580722542
val,jointS-midpoint32-s1,image,jointS-midpoint32-s1,full,et,-3.4376935958862305,5.608066082000732,-0.534113347530365,0.8713234663009644,0.6884239912033081,0.8159821528935592,0.5361649952714025
val,jointS-midpoint32-s1,image,jointS-midpoint32-s1,full,mass,-2.0231688022613525,2.3518714904785156,-1.5020266771316528,1.746059775352478,0.890303373336792,0.5003655484316002,1.502026827502567
val,jointS-midpoint32-s1,image,jointS-midpoint32-s1,full,girth,-0.015289973467588425,0.023152833804488182,-0.3356194794178009,0.508211612701416,0.3816262483596802,0.9531224217845468,0.35401826267679165
val,jointS-midpoint32-s1,image,jointS-midpoint32-s1,full,ptd,0.08218364417552948,0.09570994973182678,0.7918758988380432,0.9222078919410706,0.47265204787254333,0.917417064723443,0.7918758359553326
val,jointS-midpoint32-s1,image,jointS-midpoint32-s1,full,core,0.05688149854540825,0.10405199229717255,0.23720678687095642,0.4339168071746826,0.3633410334587097,0.9658688207564845,0.2904956933529995
val,jointS-midpoint32-s1,image,jointS-midpoint32-s1,full,zlead,0.09107609838247299,0.10776393115520477,0.6815418601036072,0.8064204454421997,0.43106234073638916,0.9326404392998086,0.6815418390309439
val,jointS-midpoint32-s1,image,jointS-midpoint32-s1,full,n1,-2.3412258625030518,3.0396347045898438,-1.0586638450622559,1.3744728565216064,0.876587986946106,0.5377202344630978,1.0586637783498818
val,jointS-midpoint32-s1,image,jointS-midpoint32-s1,full,zg,0.026255166297516414,0.14219430421888477,0.23303213254943037,1.2620693989526792,1.2403689745282418,0.26510588918235084,0.23303824855625013
val,jointS-midpoint32-s1,image,jointS-midpoint32-s1,full,rg,-0.07786661102853593,0.12112446051542818,-0.7883250710160788,1.2262694841389261,0.9392978388870284,0.45007916739834986,0.7883250710160788
val,jointS-midpoint32-s1,thr0.5,"jointS-midpoint32-s1, thr0.5",thr,et,-3.449538230895996,5.634302139282227,-0.5209528207778931,0.8508981466293335,0.6727822422981262,0.8276675742567287,0.5240429889480983
val,jointS-midpoint32-s1,thr0.5,"jointS-midpoint32-s1, thr0.5",thr,mass,-2.019929885864258,2.387967824935913,-1.4595861434936523,1.7255276441574097,0.9203552007675171,0.45252963311487376,1.459586170634926
val,jointS-midpoint32-s1,thr0.5,"jointS-midpoint32-s1, thr0.5",thr,girth,-0.01718832552433014,0.029132762923836708,-0.3449140787124634,0.5846002697944641,0.47200828790664673,0.9253463790085409,0.3685039127121022
val,jointS-midpoint32-s1,thr0.5,"jointS-midpoint32-s1, thr0.5",thr,ptd,0.09988652169704437,0.11976996809244156,0.9216527938842773,1.1051173210144043,0.6097872853279114,0.8553417609041952,0.9295422548694989
val,jointS-midpoint32-s1,thr0.5,"jointS-midpoint32-s1, thr0.5",thr,core,0.06418831646442413,0.12579387426376343,0.24268962442874908,0.47561410069465637,0.40903612971305847,0.9564367695244228,0.3118562629447932
val,jointS-midpoint32-s1,thr0.5,"jointS-midpoint32-s1, thr0.5",thr,zlead,0.10813749581575394,0.13151122629642487,0.7586317658424377,0.9226087331771851,0.5250568985939026,0.8964183108883205,0.761113802154151
val,jointS-midpoint32-s1,thr0.5,"jointS-midpoint32-s1, thr0.5",thr,n1,-2.3412258625030518,3.0396347045898438,-1.0586638450622559,1.3744728565216064,0.876587986946106,0.5377202344630978,1.0586637783498818
val,jointS-midpoint32-s1,thr0.5,"jointS-midpoint32-s1, thr0.5",thr,zg,0.026480708598822653,0.14020452687259347,0.23072799264215663,1.2216104007917317,1.1996235095786745,0.2972593858614493,0.23072803154165245
val,jointS-midpoint32-s1,thr0.5,"jointS-midpoint32-s1, thr0.5",thr,rg,-0.07485171529411078,0.12134295085549711,-0.7251229078690262,1.1755048368366412,0.9252072145794725,0.447398128277363,0.7251325774354588
jewel,jointS-midpoint32-s1,image,jointS-midpoint32-s1,full,et,-1.627203106880188,4.888586521148682,-0.169011652469635,0.5077596306800842,0.4788057208061218,0.9097530342053365,0.1791412040682567
jewel,jointS-midpoint32-s1,image,jointS-midpoint32-s1,full,mass,-1.399450421333313,1.7871689796447754,-1.0602418184280396,1.3539823293685913,0.8421137928962708,0.5785946308340245,1.060241763063982
jewel,jointS-midpoint32-s1,image,jointS-midpoint32-s1,full,girth,-0.011965679936110973,0.023018555715680122,-0.23529917001724243,0.45264849066734314,0.3866845667362213,0.9448840325835413,0.25832227951560516
jewel,jointS-midpoint32-s1,image,jointS-midpoint32-s1,full,ptd,0.07013076543807983,0.09290125221014023,0.6011910438537598,0.7963894605636597,0.5223079323768616,0.8827481198677595,0.6012736617002943
jewel,jointS-midpoint32-s1,image,jointS-midpoint32-s1,full,core,0.04530177265405655,0.1020253375172615,0.17053796350955963,0.3840731084346771,0.3441351354122162,0.9612298754511815,0.21700776046773315
jewel,jointS-midpoint32-s1,image,jointS-midpoint32-s1,full,zlead,0.08141842484474182,0.10789356380701065,0.5472749471664429,0.7252344489097595,0.47587302327156067,0.9030567606203012,0.5473026190922982
jewel,jointS-midpoint32-s1,image,jointS-midpoint32-s1,full,n1,-1.6818397045135498,2.43410062789917,-0.7964174151420593,1.1526426076889038,0.8332492113113403,0.614171274353686,0.7964174298260085
jewel,jointS-midpoint32-s1,image,jointS-midpoint32-s1,full,zg,0.015542609033329694,0.1387494369804952,0.14036582862300934,1.253050864946768,1.2451642077649114,0.2624581828627146,0.14051046403922232
jewel,jointS-midpoint32-s1,image,jointS-midpoint32-s1,full,rg,-0.07131901637257226,0.12337556682180585,-0.6329899761783356,1.0950164637093531,0.8935237802388292,0.5013688854660795,0.6331591523777341
jewel,jointS-midpoint32-s1,thr0.5,"jointS-midpoint32-s1, thr0.5",thr,et,-1.7496346235275269,4.676498889923096,-0.1811441034078598,0.48416975140571594,0.4490068554878235,0.9215813944654591,0.1926066820404966
jewel,jointS-midpoint32-s1,thr0.5,"jointS-midpoint32-s1, thr0.5",thr,mass,-1.4195994138717651,1.7967296838760376,-1.0897796154022217,1.3792901039123535,0.8454710245132446,0.561791191700478,1.0897795821876288
jewel,jointS-midpoint32-s1,thr0.5,"jointS-midpoint32-s1, thr0.5",thr,girth,-0.01956052891910076,0.046148162335157394,-0.3494425117969513,0.8244219422340393,0.7467004656791687,0.7975896916702239,0.3718114889120012
jewel,jointS-midpoint32-s1,thr0.5,"jointS-midpoint32-s1, thr0.5",thr,ptd,0.08458570390939713,0.1480358988046646,0.7072744965553284,1.2378215789794922,1.0158568620681763,0.6769429327976396,0.8352097973500475
jewel,jointS-midpoint32-s1,thr0.5,"jointS-midpoint32-s1, thr0.5",thr,core,0.0465012863278389,0.14026011526584625,0.1577412337064743,0.47578907012939453,0.4488796591758728,0.9362745581835453,0.25677683321402023
jewel,jointS-midpoint32-s1,thr0.5,"jointS-midpoint32-s1, thr0.5",thr,zlead,0.09893729537725449,0.15836456418037415,0.628485918045044,1.005989670753479,0.7855066061019897,0.7772982140252094,0.6768217459036218
jewel,jointS-midpoint32-s1,thr0.5,"jointS-midpoint32-s1, thr0.5",thr,n1,-1.6818397045135498,2.43410062789917,-0.7964174151420593,1.1526426076889038,0.8332492113113403,0.614171274353686,0.7964174298260085
jewel,jointS-midpoint32-s1,thr0.5,"jointS-midpoint32-s1, thr0.5",thr,zg,0.02366890165707339,0.1356508330999825,0.20965300248244786,1.2015599566343902,1.1831280353103513,0.33414387920267474,0.20966787139271167
jewel,jointS-midpoint32-s1,thr0.5,"jointS-midpoint32-s1, thr0.5",thr,rg,-0.0726072203975273,0.12736524713583616,-0.6376848102552485,1.1186061525045585,0.9190417875106547,0.43295675384413623,0.6379537661289622
val,jointS-midpoint32-s2,image,jointS-midpoint32-s2,full,et,-4.343400478363037,6.3922505378723145,-0.6748327612876892,0.9931619167327881,0.7286778688430786,0.8077000754847423,0.6783728150897695
val,jointS-midpoint32-s2,image,jointS-midpoint32-s2,full,mass,-2.1748321056365967,2.495435953140259,-1.6146234273910522,1.8526438474655151,0.9084497094154358,0.4595646496298306,1.6146232759352852
val,jointS-midpoint32-s2,image,jointS-midpoint32-s2,full,girth,-0.015894850715994835,0.023658914491534233,-0.34889671206474304,0.5193201899528503,0.38466164469718933,0.9514785291388045,0.36430190246261546
val,jointS-midpoint32-s2,image,jointS-midpoint32-s2,full,ptd,0.08280356973409653,0.0969681367278099,0.797849178314209,0.9343310594558716,0.48622146248817444,0.9064031526159174,0.7978554288270077
val,jointS-midpoint32-s2,image,jointS-midpoint32-s2,full,core,0.05964038521051407,0.10701233148574829,0.24871186912059784,0.446262001991272,0.37052956223487854,0.9638986943631522,0.29975168709724026
val,jointS-midpoint32-s2,image,jointS-midpoint32-s2,full,zlead,0.09406258165836334,0.11175688356161118,0.703890323638916,0.8363005518913269,0.45159393548965454,0.920945278858729,0.7038947899059897
val,jointS-midpoint32-s2,image,jointS-midpoint32-s2,full,n1,-2.461991548538208,3.161346197128296,-1.1132720708847046,1.4295086860656738,0.8967275619506836,0.5081557163189104,1.1132721006048403
val,jointS-midpoint32-s2,image,jointS-midpoint32-s2,full,zg,0.020060264414967974,0.14206561016151462,0.1781162097809367,1.2614084988483192,1.2487698013565363,0.25005466726590314,0.1781885845709684
val,jointS-midpoint32-s2,image,jointS-midpoint32-s2,full,rg,-0.08013622803393043,0.12265888707011965,-0.8103053892271881,1.2402774583730578,0.9389852767417111,0.44380018588609615,0.8103053892271881
val,jointS-midpoint32-s2,thr0.5,"jointS-midpoint32-s2, thr0.5",thr,et,-4.387848377227783,6.431014060974121,-0.6626574397087097,0.9712184071540833,0.710035502910614,0.820038890757954,0.6666373102891462
val,jointS-midpoint32-s2,thr0.5,"jointS-midpoint32-s2, thr0.5",thr,mass,-2.162553548812866,2.517155647277832,-1.5626449584960938,1.8188778162002563,0.9308366179466248,0.42008646954888146,1.5626449133046287
val,jointS-midpoint32-s2,thr0.5,"jointS-midpoint32-s2, thr0.5",thr,girth,-0.01797100529074669,0.02945762127637863,-0.3606199324131012,0.5911191701889038,0.46837493777275085,0.9274909274843522,0.38325964287604536
val,jointS-midpoint32-s2,thr0.5,"jointS-midpoint32-s2, thr0.5",thr,ptd,0.10424263775348663,0.1243794858455658,0.961846649646759,1.1476492881774902,0.6260589957237244,0.8403929682519851,0.9681303732853874
val,jointS-midpoint32-s2,thr0.5,"jointS-midpoint32-s2, thr0.5",thr,core,0.06851403415203094,0.13120125234127045,0.25904473662376404,0.496058851480484,0.4230487048625946,0.9542985393428369,0.3308043741654879
val,jointS-midpoint32-s2,thr0.5,"jointS-midpoint32-s2, thr0.5",thr,zlead,0.11463755369186401,0.13905207812786102,0.8042325377464294,0.9755110740661621,0.552115797996521,0.8809339752310711,0.806205189007365
val,jointS-midpoint32-s2,thr0.5,"jointS-midpoint32-s2, thr0.5",thr,n1,-2.461991548538208,3.161346197128296,-1.1132720708847046,1.4295086860656738,0.8967275619506836,0.5081557163189104,1.1132721006048403
val,jointS-midpoint32-s2,thr0.5,"jointS-midpoint32-s2, thr0.5",thr,zg,0.02268372497313769,0.1414830137635792,0.197738559659355,1.2333356797000974,1.2173809431912201,0.27810084983653777,0.19774032342944112
val,jointS-midpoint32-s2,thr0.5,"jointS-midpoint32-s2, thr0.5",thr,rg,-0.07858410669741621,0.12413300518693202,-0.7604020145213498,1.2011460227725128,0.9298067241820199,0.43206908681891915,0.7604020145213498
jewel,jointS-midpoint32-s2,image,jointS-midpoint32-s2,full,et,-2.3242526054382324,5.12907075881958,-0.24141164124011993,0.5327378511428833,0.4749000370502472,0.9133339903296954,0.25070948852636876
jewel,jointS-midpoint32-s2,image,jointS-midpoint32-s2,full,mass,-1.49678373336792,1.8564213514328003,-1.13398277759552,1.4064488410949707,0.831974446773529,0.5836312610898783,1.1339826904117232
jewel,jointS-midpoint32-s2,image,jointS-midpoint32-s2,full,girth,-0.012386145070195198,0.023155396804213524,-0.24356740713119507,0.4553394019603729,0.38471925258636475,0.9446379749133028,0.2644034816996216
jewel,jointS-midpoint32-s2,image,jointS-midpoint32-s2,full,ptd,0.06949245184659958,0.09289295226335526,0.5957191586494446,0.7963182926177979,0.528433084487915,0.8742914369216815,0.5960264374667158
jewel,jointS-midpoint32-s2,image,jointS-midpoint32-s2,full,core,0.04621634632349014,0.10265682637691498,0.17398086190223694,0.3864503502845764,0.3450717628002167,0.9604196053796036,0.21859619158196952
jewel,jointS-midpoint32-s2,image,jointS-midpoint32-s2,full,zlead,0.08229827135801315,0.10991538316011429,0.5531890988349915,0.7388246059417725,0.48973846435546875,0.8927099716319389,0.5533284221785568
jewel,jointS-midpoint32-s2,image,jointS-midpoint32-s2,full,n1,-1.7707444429397583,2.4909985065460205,-0.8385173082351685,1.1795860528945923,0.8296456336975098,0.6106539298706553,0.8385173080589875
jewel,jointS-midpoint32-s2,image,jointS-midpoint32-s2,full,zg,0.013938843966093751,0.13972841425911886,0.1259092094215148,1.2621630757818068,1.2558672305820548,0.24931149823197477,0.12601059802867087
jewel,jointS-midpoint32-s2,image,jointS-midpoint32-s2,full,rg,-0.07452276034726703,0.12572682711957306,-0.6612864070586697,1.115651666542677,0.8985426694926,0.49189652707559733,0.6612864070586697
jewel,jointS-midpoint32-s2,thr0.5,"jointS-midpoint32-s2, thr0.5",thr,et,-2.4868767261505127,4.971263885498047,-0.2574726343154907,0.5146875381469727,0.44565799832344055,0.9246949735608508,0.26716598992631835
jewel,jointS-midpoint32-s2,thr0.5,"jointS-midpoint32-s2, thr0.5",thr,mass,-1.5087937116622925,1.8609856367111206,-1.158251166343689,1.428617238998413,0.8363024592399597,0.5665845203349925,1.1582510213930954
jewel,jointS-midpoint32-s2,thr0.5,"jointS-midpoint32-s2, thr0.5",thr,girth,-0.019847296178340912,0.04549043998122215,-0.35456550121307373,0.812671959400177,0.7312448024749756,0.8056727960791122,0.37679081266118425
jewel,jointS-midpoint32-s2,thr0.5,"jointS-midpoint32-s2, thr0.5",thr,ptd,0.08919622004032135,0.1488596498966217,0.7458258867263794,1.2447094917297363,0.9965167045593262,0.6670666034567163,0.8617664898793337
jewel,jointS-midpoint32-s2,thr0.5,"jointS-midpoint32-s2, thr0.5",thr,core,0.05031716823577881,0.14294923841953278,0.17068544030189514,0.48491108417510986,0.4538780152797699,0.9353507849641831,0.26725456743921
jewel,jointS-midpoint32-s2,thr0.5,"jointS-midpoint32-s2, thr0.5",thr,zlead,0.10437101870775223,0.1607668399810791,0.6630029082298279,1.021249771118164,0.7767742872238159,0.7698032135560435,0.7065895435829305
jewel,jointS-midpoint32-s2,thr0.5,"jointS-midpoint32-s2, thr0.5",thr,n1,-1.7707444429397583,2.4909985065460205,-0.8385173082351685,1.1795860528945923,0.8296456336975098,0.6106539298706553,0.8385173080589875
jewel,jointS-midpoint32-s2,thr0.5,"jointS-midpoint32-s2, thr0.5",thr,zg,0.020380133630445225,0.13735574455977462,0.18042472954828528,1.2160064067037863,1.2025466719059525,0.31223624683187623,0.18042921298806466
jewel,jointS-midpoint32-s2,thr0.5,"jointS-midpoint32-s2, thr0.5",thr,rg,-0.0760713803028171,0.1302270260148817,-0.6657846232729211,1.1397604606375218,0.9250863435625835,0.4211241200659813,0.6659886174953502
val,paired-euler4-s0,image,paired-euler4-s0,full,et,-6.950091361999512,7.828674793243408,-1.0798335075378418,1.2163387537002563,0.559856653213501,0.8500301900475117,1.079833522330841
val,paired-euler4-s0,image,paired-euler4-s0,full,mass,-1.3536324501037598,1.7497632503509521,-1.004954218864441,1.2990467548370361,0.8231584429740906,0.5767000613364326,1.004954150755634
val,paired-euler4-s0,image,paired-euler4-s0,full,girth,-0.0006685630651190877,0.01106382254511118,-0.014675158075988293,0.24285419285297394,0.24241040647029877,0.9702069002603787,0.027843923238527926
val,paired-euler4-s0,image,paired-euler4-s0,full,ptd,-0.005602206103503704,0.03349006548523903,-0.053979743272066116,0.3226916491985321,0.3181447386741638,0.9530268095618427,0.06320616805784987
val,paired-euler4-s0,image,paired-euler4-s0,full,core,0.0011104216100648046,0.04974525421857834,0.004630671348422766,0.20744727551937103,0.20739558339118958,0.9783096559950889,0.025061988130592246
val,paired-euler4-s0,image,paired-euler4-s0,full,zlead,0.006274464540183544,0.035550978034734726,0.04695315659046173,0.2660355567932129,0.26185932755470276,0.9668422172120203,0.05288998851567101
val,paired-euler4-s0,image,paired-euler4-s0,full,n1,-2.350175619125366,3.090181827545166,-1.0627107620239258,1.397329330444336,0.9072901010513306,0.5151578377348948,1.0627107365657746
val,paired-euler4-s0,image,paired-euler4-s0,full,zg,-0.0027537701902417633,0.12324218064923992,-0.02450497617962867,1.0966952550495788,1.096421446611975,0.40275600097741693,0.025307451997258226
val,paired-euler4-s0,image,paired-euler4-s0,full,rg,-0.028481881076740042,0.08883973013053693,-0.286937941439769,0.8950072227686785,0.8477644404965395,0.59056001957657,0.2869379414397689
val,paired-euler4-s0,thr0.5,"paired-euler4-s0, thr0.5",thr,et,-9.037096977233887,9.726022720336914,-1.364791750907898,1.4688340425491333,0.5429701805114746,0.8582592488332342,1.3647918686826774
val,paired-euler4-s0,thr0.5,"paired-euler4-s0, thr0.5",thr,mass,-2.181452512741089,2.4648513793945312,-1.5763012170791626,1.781083106994629,0.8291755318641663,0.5627840166830279,1.576301187385949
val,paired-euler4-s0,thr0.5,"paired-euler4-s0, thr0.5",thr,girth,-0.011343567632138729,0.02059352397918701,-0.227628692984581,0.41324540972709656,0.3449013829231262,0.9530011095591578,0.23846010365826872
val,paired-euler4-s0,thr0.5,"paired-euler4-s0, thr0.5",thr,ptd,0.054589755833148956,0.07773684710264206,0.5036996006965637,0.7172777652740479,0.5106604695320129,0.8894851294665397,0.5052231851401733
val,paired-euler4-s0,thr0.5,"paired-euler4-s0, thr0.5",thr,core,0.041656821966171265,0.08953913301229477,0.15750029683113098,0.3385385274887085,0.2996698319911957,0.9687233482360249,0.18615859815580055
val,paired-euler4-s0,thr0.5,"paired-euler4-s0, thr0.5",thr,zlead,0.056648675352334976,0.08196786046028137,0.3974152207374573,0.575040340423584,0.4156110882759094,0.9290963325989362,0.39788893050782814
val,paired-euler4-s0,thr0.5,"paired-euler4-s0, thr0.5",thr,n1,-2.350175619125366,3.090181827545166,-1.0627107620239258,1.397329330444336,0.9072901010513306,0.5151578377348948,1.0627107365657746
val,paired-euler4-s0,thr0.5,"paired-euler4-s0, thr0.5",thr,zg,0.015218419065988113,0.13017650408033865,0.13277330608046006,1.1357266970897963,1.1279389964333013,0.37312939605687434,0.13277617785496235
val,paired-euler4-s0,thr0.5,"paired-euler4-s0, thr0.5",thr,rg,-0.04961073668575728,0.10309212066877,-0.4780361418833203,0.9933688333480599,0.8707830304505227,0.5580753267823346,0.47806888229646727
jewel,paired-euler4-s0,image,paired-euler4-s0,full,et,-5.3737382888793945,6.356921195983887,-0.558150589466095,0.6602702140808105,0.3527388572692871,0.9371952551558954,0.5581761575506454
jewel,paired-euler4-s0,image,paired-euler4-s0,full,mass,-0.8575057983398438,1.327544927597046,-0.6496574878692627,1.0057651996612549,0.7677948474884033,0.6619070791013457,0.6496574673475958
jewel,paired-euler4-s0,image,paired-euler4-s0,full,girth,0.0028806007467210293,0.01435333676636219,0.05664558708667755,0.2822512686252594,0.2765086889266968,0.9610704186844035,0.06976298094850743
jewel,paired-euler4-s0,image,paired-euler4-s0,full,ptd,-0.02737506665289402,0.054052241146564484,-0.23467083275318146,0.4633590579032898,0.39953869581222534,0.9246720868989753,0.23467085477965768
jewel,paired-euler4-s0,image,paired-euler4-s0,full,core,-0.011610427871346474,0.06378786265850067,-0.043707311153411865,0.24012860655784607,0.23611734807491302,0.9719898380390959,0.06528316023376388
jewel,paired-euler4-s0,image,paired-euler4-s0,full,zlead,-0.013584422878921032,0.05023193359375,-0.09131120890378952,0.3376469016075134,0.3250656723976135,0.9473153398487466,0.0913112065890649
jewel,paired-euler4-s0,image,paired-euler4-s0,full,n1,-1.9664533138275146,2.635448932647705,-0.9311931729316711,1.2479889392852783,0.8308764100074768,0.6283699593264598,0.9311931733425187
jewel,paired-euler4-s0,image,paired-euler4-s0,full,zg,-0.006114260970128833,0.12636021968430672,-0.055323633787168584,1.1433444782997961,1.1420052064693995,0.3499162159241005,0.05532523668229657
jewel,paired-euler4-s0,image,paired-euler4-s0,full,rg,-0.017294794704428584,0.09381416234897254,-0.153083453700177,0.8303883465406146,0.816155783091489,0.616717801498822,0.15308345370017704
jewel,paired-euler4-s0,thr0.5,"paired-euler4-s0, thr0.5",thr,et,-7.439115047454834,8.105817794799805,-0.770190417766571,0.8392158150672913,0.3333015441894531,0.9436000225693041,0.7701903646534156
jewel,paired-euler4-s0,thr0.5,"paired-euler4-s0, thr0.5",thr,mass,-1.6460890769958496,1.9360954761505127,-1.263648271560669,1.486276626586914,0.782439112663269,0.6273829990948795,1.263648275228651
jewel,paired-euler4-s0,thr0.5,"paired-euler4-s0, thr0.5",thr,girth,-0.011318881064653397,0.03271476551890373,-0.20220813155174255,0.584438681602478,0.548343300819397,0.8782899078637978,0.22666664584562243
jewel,paired-euler4-s0,thr0.5,"paired-euler4-s0, thr0.5",thr,ptd,0.06459274888038635,0.12447189539670944,0.5401007533073425,1.0407880544662476,0.8896803855895996,0.7101204556249089,0.5811107160308313
jewel,paired-euler4-s0,thr0.5,"paired-euler4-s0, thr0.5",thr,core,0.032498449087142944,0.11396611481904984,0.11024094372987747,0.3865948021411896,0.370543509721756,0.9476609193818982,0.16522650527615337
jewel,paired-euler4-s0,thr0.5,"paired-euler4-s0, thr0.5",thr,zlead,0.06923098862171173,0.13419897854328156,0.4397805631160736,0.8524810075759888,0.7302855849266052,0.791664542242475,0.45460043778503767
jewel,paired-euler4-s0,thr0.5,"paired-euler4-s0, thr0.5",thr,n1,-1.9664533138275146,2.635448932647705,-0.9311931729316711,1.2479889392852783,0.8308764100074768,0.6283699593264598,0.9311931733425187
jewel,paired-euler4-s0,thr0.5,"paired-euler4-s0, thr0.5",thr,zg,0.015619302359153353,0.13050304417631567,0.1383667392906835,1.1560875303500828,1.1477774275916988,0.36868211059085065,0.13837013062923492
jewel,paired-euler4-s0,thr0.5,"paired-euler4-s0, thr0.5",thr,rg,-0.04736698204565831,0.11320337016681598,-0.411576115725725,0.9836346199005974,0.8933880268008507,0.5222744746891631,0.41249192167920984
val,paired-euler4-s1,image,paired-euler4-s1,full,et,-7.026827812194824,7.898787498474121,-1.091755986213684,1.2272320985794067,0.5605065226554871,0.8499958518706403,1.0917559787180966
val,paired-euler4-s1,image,paired-euler4-s1,full,mass,-1.3666284084320068,1.7600374221801758,-1.014602541923523,1.3066744804382324,0.8233952522277832,0.5766261262234037,1.0146025400260867
val,paired-euler4-s1,image,paired-euler4-s1,full,girth,-0.0006627905531786382,0.011066421866416931,-0.014548449777066708,0.24291124939918518,0.24247518181800842,0.9701883525938872,0.027705305880137535
val,paired-euler4-s1,image,paired-euler4-s1,full,ptd,-0.005584722850471735,0.0334983691573143,-0.05381128564476967,0.32277166843414307,0.3182544410228729,0.9531154112029675,0.06426813704587458
val,paired-euler4-s1,image,paired-euler4-s1,full,core,0.0011101225391030312,0.04972796142101288,0.004629424307495356,0.2073751538991928,0.20732349157333374,0.9783231849964326,0.024794374913120098
val,paired-euler4-s1,image,paired-euler4-s1,full,zlead,0.006361873354762793,0.03560972958803177,0.04760725423693657,0.26647520065307617,0.26218804717063904,0.9668198251761122,0.05396838396767673
val,paired-euler4-s1,image,paired-euler4-s1,full,n1,-2.3678486347198486,3.1014163494110107,-1.0707021951675415,1.4024094343185425,0.905731201171875,0.5168148545375079,1.0707021983591831
val,paired-euler4-s1,image,paired-euler4-s1,full,zg,-0.002085758516772205,0.12503939092243546,-0.018559351010047805,1.1126167902712745,1.1124619869836627,0.3855419191637712,0.021953203185055246
val,paired-euler4-s1,image,paired-euler4-s1,full,rg,-0.02863039990230731,0.08913303970111558,-0.2881966345340935,0.897222607972901,0.8496770610655064,0.5883336953855242,0.2881966345340935
val,paired-euler4-s1,thr0.5,"paired-euler4-s1, thr0.5",thr,et,-9.121588706970215,9.80363655090332,-1.377551794052124,1.4805554151535034,0.5425819754600525,0.8584082327289543,1.3775518313016173
val,paired-euler4-s1,thr0.5,"paired-euler4-s1, thr0.5",thr,mass,-2.1936004161834717,2.4755492210388184,-1.5850791931152344,1.7888132333755493,0.8290821313858032,0.5626805981030484,1.5850790675268056
val,paired-euler4-s1,thr0.5,"paired-euler4-s1, thr0.5",thr,girth,-0.011388110928237438,0.020493514835834503,-0.22852253913879395,0.41123852133750916,0.34189847111701965,0.9539548894851426,0.23888316052553368
val,paired-euler4-s1,thr0.5,"paired-euler4-s1, thr0.5",thr,ptd,0.05519211292266846,0.07819133251905441,0.5092575550079346,0.7214713096618652,0.5110553503036499,0.88922512344143,0.510262117257611
val,paired-euler4-s1,thr0.5,"paired-euler4-s1, thr0.5",thr,core,0.04193904250860214,0.0896911546587944,0.15856733918190002,0.3391133248806,0.2997569739818573,0.9688544925675626,0.1873213985927576
val,paired-euler4-s1,thr0.5,"paired-euler4-s1, thr0.5",thr,zlead,0.057217758148908615,0.0826059952378273,0.4014075696468353,0.5795171856880188,0.417985737323761,0.9284052761188868,0.40171549855801564
val,paired-euler4-s1,thr0.5,"paired-euler4-s1, thr0.5",thr,n1,-2.3678486347198486,3.1014163494110107,-1.0707021951675415,1.4024094343185425,0.905731201171875,0.5168148545375079,1.0707021983591831
val,paired-euler4-s1,thr0.5,"paired-euler4-s1, thr0.5",thr,zg,0.015339646258073731,0.13042173635479623,0.13385953959098437,1.1381092684533702,1.130209861308932,0.3724088456491829,0.13386795870287982
val,paired-euler4-s1,thr0.5,"paired-euler4-s1, thr0.5",thr,rg,-0.04918916595996822,0.10242050715133051,-0.47422411913867507,0.9874181405129777,0.8660866406089256,0.5637122952445425,0.47424222642362224
jewel,paired-euler4-s1,image,paired-euler4-s1,full,et,-5.467690467834473,6.4422173500061035,-0.5679090619087219,0.6691296100616455,0.3538554310798645,0.9369187139085425,0.5679412819660031
jewel,paired-euler4-s1,image,paired-euler4-s1,full,mass,-0.8746077418327332,1.340997338294983,-0.6626141667366028,1.015956997871399,0.7701370120048523,0.6604408065991114,0.6626141410891943
jewel,paired-euler4-s1,image,paired-euler4-s1,full,girth,0.0029149504844099283,0.014432627707719803,0.057321056723594666,0.28381046652793884,0.2779616713523865,0.9606500478249891,0.07049835573807896
jewel,paired-euler4-s1,image,paired-euler4-s1,full,ptd,-0.027352048084139824,0.054142337292432785,-0.23447351157665253,0.4641313850879669,0.4005497694015503,0.9245291125726667,0.23447352202207286
jewel,paired-euler4-s1,image,paired-euler4-s1,full,core,-0.011672613210976124,0.06396670639514923,-0.04394140839576721,0.2408018708229065,0.23675872385501862,0.9718344937344673,0.06564188877155101
jewel,paired-euler4-s1,image,paired-euler4-s1,full,zlead,-0.013471038080751896,0.05030077323317528,-0.0905490592122078,0.3381096422672272,0.3257591128349304,0.9471963198282742,0.09054906393925384
jewel,paired-euler4-s1,image,paired-euler4-s1,full,n1,-1.98565673828125,2.6528878211975098,-0.9402867555618286,1.2562470436096191,0.833077073097229,0.6256345138270681,0.9402867470408423
jewel,paired-euler4-s1,image,paired-euler4-s1,full,zg,-0.006917841441021565,0.12571377439953857,-0.06258893211495539,1.137391042984879,1.1356676495519895,0.354183580335224,0.06258895642482663
jewel,paired-euler4-s1,image,paired-euler4-s1,full,rg,-0.017242853740783153,0.09393467011754297,-0.15266749766074586,0.8316935958526308,0.8175615405217429,0.6155114251123898,0.1526674976607459
jewel,paired-euler4-s1,thr0.5,"paired-euler4-s1, thr0.5",thr,et,-7.53359317779541,8.194182395935059,-0.7799719572067261,0.8483644127845764,0.33371561765670776,0.943484555401433,0.7799719250575123
jewel,paired-euler4-s1,thr0.5,"paired-euler4-s1, thr0.5",thr,mass,-1.6603111028671265,1.9484747648239136,-1.2745660543441772,1.4957797527313232,0.7828400135040283,0.6268958687521428,1.2745660207925196
jewel,paired-euler4-s1,thr0.5,"paired-euler4-s1, thr0.5",thr,girth,-0.011927965097129345,0.03438849374651909,-0.2130892276763916,0.614339292049408,0.576199471950531,0.8659828822124065,0.2360278207583644
jewel,paired-euler4-s1,thr0.5,"paired-euler4-s1, thr0.5",thr,ptd,0.06454605609178543,0.12656506896018982,0.5397103428840637,1.0582904815673828,0.9103250503540039,0.7044951283531146,0.5919045147520267
jewel,paired-euler4-s1,thr0.5,"paired-euler4-s1, thr0.5",thr,core,0.03226977214217186,0.11474008113145828,0.10946522653102875,0.3892202377319336,0.3735100328922272,0.9471307413251037,0.16732804018647077
jewel,paired-euler4-s1,thr0.5,"paired-euler4-s1, thr0.5",thr,zlead,0.06950584799051285,0.13533398509025574,0.4415265619754791,0.8596909642219543,0.7376469373703003,0.7905310915993252,0.4606356296740901
jewel,paired-euler4-s1,thr0.5,"paired-euler4-s1, thr0.5",thr,n1,-1.98565673828125,2.6528878211975098,-0.9402867555618286,1.2562470436096191,0.833077073097229,0.6256345138270681,0.9402867470408423
jewel,paired-euler4-s1,thr0.5,"paired-euler4-s1, thr0.5",thr,zg,0.01642667195074072,0.1307129457314284,0.1456228019183097,1.1587730893687347,1.1495864787855772,0.3667261739455376,0.14562482532192433
jewel,paired-euler4-s1,thr0.5,"paired-euler4-s1, thr0.5",thr,rg,-0.04792935368956257,0.11302778912420981,-0.41716231254347974,0.983759017451555,0.8909306423120853,0.5232190694840149,0.417889568447531
val,paired-euler4-s2,image,paired-euler4-s2,full,et,-6.934573173522949,7.805559158325195,-1.0774223804473877,1.2127472162246704,0.55670166015625,0.8503706350555091,1.0774223953447921
val,paired-euler4-s2,image,paired-euler4-s2,full,mass,-1.348726511001587,1.7427922487258911,-1.001312017440796,1.2938714027404785,0.8194373250007629,0.5806143918783077,1.001312025495354
val,paired-euler4-s2,image,paired-euler4-s2,full,girth,-0.0006178490002639592,0.011031064204871655,-0.013561969622969627,0.24213513731956482,0.24175502359867096,0.9703618910680764,0.02726544681578673
val,paired-euler4-s2,image,paired-euler4-s2,full,ptd,-0.005894728470593691,0.03354640305042267,-0.05679832771420479,0.323234498500824,0.3182050883769989,0.9535207947392539,0.06844562393870145
val,paired-euler4-s2,image,paired-euler4-s2,full,core,0.0009144198265857995,0.04960145428776741,0.0038133063353598118,0.20684759318828583,0.20681245625019073,0.9784253325574608,0.023267263646925065
val,paired-euler4-s2,image,paired-euler4-s2,full,zlead,0.005908497143536806,0.03539789840579033,0.04421454295516014,0.26489001512527466,0.26117387413978577,0.9672577435441424,0.05167054253617533
val,paired-euler4-s2,image,paired-euler4-s2,full,n1,-2.348362922668457,3.0808191299438477,-1.0618910789489746,1.3930957317352295,0.9017221927642822,0.5204351830620519,1.0618910994587583
val,paired-euler4-s2,image,paired-euler4-s2,full,zg,-0.002312180568972514,0.12448978815568952,-0.02057363092389456,1.1077019631071134,1.1075108869812345,0.3915311691131588,0.022620292835569437
val,paired-euler4-s2,image,paired-euler4-s2,full,rg,-0.028676612210039504,0.08927143202597125,-0.2886527521612374,0.8985874745221843,0.8509635938381269,0.5859849393268851,0.28865275216123737
val,paired-euler4-s2,thr0.5,"paired-euler4-s2, thr0.5",thr,et,-9.044726371765137,9.725959777832031,-1.3659440279006958,1.4688245058059692,0.5400397181510925,0.8584533963982058,1.365943898299067
val,paired-euler4-s2,thr0.5,"paired-euler4-s2, thr0.5",thr,mass,-2.182619571685791,2.464848279953003,-1.5771445035934448,1.7810808420181274,0.8275651335716248,0.564415822250178,1.5771444707728532
val,paired-euler4-s2,thr0.5,"paired-euler4-s2, thr0.5",thr,girth,-0.011299552395939827,0.0203606765717268,-0.22674545645713806,0.4085729122161865,0.3398798108100891,0.9545199251869133,0.23748206449747042
val,paired-euler4-s2,thr0.5,"paired-euler4-s2, thr0.5",thr,ptd,0.054437730461359024,0.07718033343553543,0.5022968649864197,0.712142825126648,0.5048219561576843,0.8927721035776246,0.5033014487317051
val,paired-euler4-s2,thr0.5,"paired-euler4-s2, thr0.5",thr,core,0.04167390242218971,0.08918938785791397,0.15756487846374512,0.33721619844436646,0.2981410026550293,0.9691657255430043,0.18599500903652885
val,paired-euler4-s2,thr0.5,"paired-euler4-s2, thr0.5",thr,zlead,0.0563029870390892,0.08132221549749374,0.39499005675315857,0.5705108642578125,0.41166192293167114,0.9310817733662689,0.3952979716128069
val,paired-euler4-s2,thr0.5,"paired-euler4-s2, thr0.5",thr,n1,-2.348362922668457,3.0808191299438477,-1.0618910789489746,1.3930957317352295,0.9017221927642822,0.5204351830620519,1.0618910994587583
val,paired-euler4-s2,thr0.5,"paired-euler4-s2, thr0.5",thr,zg,0.01487778338044655,0.1297512047092799,0.1298256886972558,1.132227770759174,1.1247599812549218,0.37668507906631626,0.12983277112189456
val,paired-euler4-s2,thr0.5,"paired-euler4-s2, thr0.5",thr,rg,-0.048939634108080554,0.10228512418071606,-0.47179682888601066,0.9860677978118694,0.8658738095904358,0.5642612782400235,0.4719088251390513
jewel,paired-euler4-s2,image,paired-euler4-s2,full,et,-5.378564357757568,6.366431713104248,-0.558651864528656,0.6612580418586731,0.353794127702713,0.9366979227130904,0.5586518903484002
jewel,paired-euler4-s2,image,paired-euler4-s2,full,mass,-0.8557827472686768,1.3272669315338135,-0.6483520865440369,1.0055545568466187,0.7686219215393066,0.6605803101306362,0.6483520795532568
jewel,paired-euler4-s2,image,paired-euler4-s2,full,girth,0.0030103903263807297,0.0144242774695158,0.05919783562421799,0.28364628553390503,0.27740010619163513,0.960838279236167,0.0733897949698207
jewel,paired-euler4-s2,image,paired-euler4-s2,full,ptd,-0.02832530438899994,0.05471138283610344,-0.24281668663024902,0.46900948882102966,0.40126046538352966,0.9246897315111485,0.24281668772887638
jewel,paired-euler4-s2,image,paired-euler4-s2,full,core,-0.012071279808878899,0.0640719085931778,-0.04544218257069588,0.24119789898395538,0.23687854409217834,0.9718509733841176,0.06760924978307059
jewel,paired-euler4-s2,image,paired-euler4-s2,full,zlead,-0.014727810397744179,0.05062203109264374,-0.09899678081274033,0.3402690589427948,0.32554978132247925,0.947427911960549,0.09899678365262132
jewel,paired-euler4-s2,image,paired-euler4-s2,full,n1,-1.9713134765625,2.63965106010437,-0.9334946870803833,1.2499788999557495,0.8312850594520569,0.6281249856360548,0.9334946333525882
jewel,paired-euler4-s2,image,paired-euler4-s2,full,zg,-0.006724207711984931,0.12636011714812237,-0.06083300264876661,1.1431629822305247,1.1415432316521885,0.3498966002699385,0.060834898277089794
jewel,paired-euler4-s2,image,paired-euler4-s2,full,rg,-0.016888619499320173,0.0936779572233408,-0.1494579257938873,0.8290146616052665,0.8154309520577956,0.6165079689461116,0.1494579257938873
jewel,paired-euler4-s2,thr0.5,"paired-euler4-s2, thr0.5",thr,et,-7.464990139007568,8.131019592285156,-0.7728692889213562,0.841825008392334,0.3336803615093231,0.9433883963539111,0.7728692754927879
jewel,paired-euler4-s2,thr0.5,"paired-euler4-s2, thr0.5",thr,mass,-1.6469736099243164,1.937450647354126,-1.2643272876739502,1.4873168468475342,0.7833186388015747,0.6260194788478239,1.264327255555184
jewel,paired-euler4-s2,thr0.5,"paired-euler4-s2, thr0.5",thr,girth,-0.011620191857218742,0.03377431258559227,-0.2075909525156021,0.6033671498298645,0.5665314197540283,0.8697876639568396,0.23005796382313654
jewel,paired-euler4-s2,thr0.5,"paired-euler4-s2, thr0.5",thr,ptd,0.06308893114328384,0.12468279898166656,0.5275263786315918,1.0425516366958618,0.8992384672164917,0.7093318009679643,0.5767714640607547
jewel,paired-euler4-s2,thr0.5,"paired-euler4-s2, thr0.5",thr,core,0.03159432113170624,0.11258552968502045,0.10717396438121796,0.38191160559654236,0.36656540632247925,0.9488008891700447,0.1633187516950517
jewel,paired-euler4-s2,thr0.5,"paired-euler4-s2, thr0.5",thr,zlead,0.06754925101995468,0.13315808773040771,0.42909756302833557,0.8458688855171204,0.7289509773254395,0.7943726415724168,0.44713331758247465
jewel,paired-euler4-s2,thr0.5,"paired-euler4-s2, thr0.5",thr,n1,-1.9713134765625,2.63965106010437,-0.9334946870803833,1.2499788999557495,0.8312850594520569,0.6281249856360548,0.9334946333525882
jewel,paired-euler4-s2,thr0.5,"paired-euler4-s2, thr0.5",thr,zg,0.015631833232843322,0.12949082838016618,0.1384777546642126,1.147120679743375,1.1387316476492872,0.37590403036636694,0.13848288918542137
jewel,paired-euler4-s2,thr0.5,"paired-euler4-s2, thr0.5",thr,rg,-0.0472782066729263,0.11261292554427255,-0.4113819488938628,0.9798790614359588,0.8893412546176539,0.5242676634299545,0.4121524777040745
val,paired-midpoint32-s0,image,paired-midpoint32-s0,full,et,-9.410358428955078,10.055538177490234,-1.462084412574768,1.5623257160186768,0.5506094098091125,0.8415542448445837,1.4620845118959136
val,paired-midpoint32-s0,image,paired-midpoint32-s0,full,mass,-1.7524806261062622,2.0811336040496826,-1.3010642528533936,1.545060396194458,0.8333329558372498,0.5530640559963768,1.3010641645918992
val,paired-midpoint32-s0,image,paired-midpoint32-s0,full,girth,-0.000808590732049197,0.011175357736647129,-0.01774880662560463,0.24530242383480072,0.24465948343276978,0.9696452482019493,0.02972933622363262
val,paired-midpoint32-s0,image,paired-midpoint32-s0,full,ptd,-0.0063976626843214035,0.03383254259824753,-0.06164431944489479,0.32599157094955444,0.32011011242866516,0.9536843827843327,0.07601459642505638
val,paired-midpoint32-s0,image,paired-midpoint32-s0,full,core,0.0019539000932127237,0.05024435743689537,0.008148139342665672,0.2095286250114441,0.20937013626098633,0.9779159753852322,0.028760729451673905
val,paired-midpoint32-s0,image,paired-midpoint32-s0,full,zlead,0.0069959103129804134,0.03590024262666702,0.05235188826918602,0.268649160861969,0.26349887251853943,0.9669043837246534,0.06167266184734151
val,paired-midpoint32-s0,image,paired-midpoint32-s0,full,n1,-2.8685851097106934,3.538440704345703,-1.2971270084381104,1.600024700164795,0.9367713332176208,0.4583463042426837,1.297126949172426
val,paired-midpoint32-s0,image,paired-midpoint32-s0,full,zg,-0.0036032591334556182,0.12523322202999176,-0.032059874448899135,1.1142582940634065,1.113796978959547,0.3837133575479254,0.03277016072820159
val,paired-midpoint32-s0,image,paired-midpoint32-s0,full,rg,-0.030966001619024356,0.08953555554235239,-0.31182130073497527,0.9016047255546384,0.8459660498804922,0.5907929425048214,0.3118213007349752
val,paired-midpoint32-s0,thr0.5,"paired-midpoint32-s0, thr0.5",thr,et,-11.51773452758789,12.06588077545166,-1.7394202947616577,1.8222018480300903,0.5429885387420654,0.8467456082456659,1.739420372446804
val,paired-midpoint32-s0,thr0.5,"paired-midpoint32-s0, thr0.5",thr,mass,-2.5772364139556885,2.8320181369781494,-1.862291693687439,2.0463950634002686,0.8482937216758728,0.5295744897690164,1.8622917065839288
val,paired-midpoint32-s0,thr0.5,"paired-midpoint32-s0, thr0.5",thr,girth,-0.013493947684764862,0.023061426356434822,-0.27077987790107727,0.46276819705963135,0.3752767741680145,0.947788040390555,0.2853035447118442
val,paired-midpoint32-s0,thr0.5,"paired-midpoint32-s0, thr0.5",thr,ptd,0.06810324639081955,0.09068506956100464,0.628388524055481,0.8367509841918945,0.5525214672088623,0.8735186847997028,0.6304340833490089
val,paired-midpoint32-s0,thr0.5,"paired-midpoint32-s0, thr0.5",thr,core,0.05049578845500946,0.10113633424043655,0.19091954827308655,0.3823864161968231,0.33131417632102966,0.9654852306716492,0.2289935684363948
val,paired-midpoint32-s0,thr0.5,"paired-midpoint32-s0, thr0.5",thr,zlead,0.06977509707212448,0.09540201723575592,0.48950278759002686,0.669286847114563,0.45643389225006104,0.9177205732363323,0.49013810908845773
val,paired-midpoint32-s0,thr0.5,"paired-midpoint32-s0, thr0.5",thr,n1,-2.8685851097106934,3.538440704345703,-1.2971270084381104,1.600024700164795,0.9367713332176208,0.4583463042426837,1.297126949172426
val,paired-midpoint32-s0,thr0.5,"paired-midpoint32-s0, thr0.5",thr,zg,0.01776686677807139,0.13280619222014417,0.15507397744159718,1.159168057806906,1.1487482960859081,0.3520485681603877,0.15511684794403402
val,paired-midpoint32-s0,thr0.5,"paired-midpoint32-s0, thr0.5",thr,rg,-0.0562788651932006,0.10717147350724131,-0.5430234875364484,1.0340760622755654,0.8800220420847946,0.5424101784014977,0.5432965156551579
jewel,paired-midpoint32-s0,image,paired-midpoint32-s0,full,et,-7.417588710784912,8.165450096130371,-0.7704378962516785,0.8481155037879944,0.3545777499675751,0.9355000126580837,0.7704378651886457
jewel,paired-midpoint32-s0,image,paired-midpoint32-s0,full,mass,-1.1664015054702759,1.5389806032180786,-0.8836808800697327,1.1659516096115112,0.7606256604194641,0.6542589209228953,0.8836808438414118
jewel,paired-midpoint32-s0,image,paired-midpoint32-s0,full,girth,0.003045039949938655,0.01452330406755209,0.059879202395677567,0.28559356927871704,0.2792457044124603,0.9602941272154467,0.07523768979256892
jewel,paired-midpoint32-s0,image,paired-midpoint32-s0,full,ptd,-0.03040327876806259,0.05733645334839821,-0.2606299817562103,0.4915127158164978,0.4167214632034302,0.9202882092081033,0.2606299660108745
jewel,paired-midpoint32-s0,image,paired-midpoint32-s0,full,core,-0.011942025274038315,0.06450837105512619,-0.044955603778362274,0.2428409606218338,0.23864352703094482,0.971382978566918,0.06855685830604691
jewel,paired-midpoint32-s0,image,paired-midpoint32-s0,full,zlead,-0.015166825614869595,0.05217062309384346,-0.10194773226976395,0.35067832469940186,0.3355323374271393,0.9444984176244671,0.101947735629746
jewel,paired-midpoint32-s0,image,paired-midpoint32-s0,full,n1,-2.369250774383545,2.9695985317230225,-1.1219336986541748,1.4062219858169556,0.8477766513824463,0.5965562430606547,1.1219336883234023
jewel,paired-midpoint32-s0,image,paired-midpoint32-s0,full,zg,-0.007188031916524843,0.12657778761645488,-0.06503473329331898,1.145230398820262,1.1433823288154679,0.34990505532528193,0.06503552908054606
jewel,paired-midpoint32-s0,image,paired-midpoint32-s0,full,rg,-0.018361883013796793,0.09422329652188732,-0.16258824264528918,0.8343153142969473,0.8183196851010799,0.6147527165277727,0.16258824264528915
jewel,paired-midpoint32-s0,thr0.5,"paired-midpoint32-s0, thr0.5",thr,et,-9.483576774597168,10.038228034973145,-0.9818586707115173,1.0392831563949585,0.34068018198013306,0.941131873002823,0.9818586515747342
jewel,paired-midpoint32-s0,thr0.5,"paired-midpoint32-s0, thr0.5",thr,mass,-1.9436343908309937,2.1984589099884033,-1.4920639991760254,1.6876842975616455,0.7886844873428345,0.614951566473252,1.492064057418763
jewel,paired-midpoint32-s0,thr0.5,"paired-midpoint32-s0, thr0.5",thr,girth,-0.014246823266148567,0.03673689812421799,-0.2545148730278015,0.6562927961349487,0.6049317121505737,0.8589528370176892,0.28122616790095234
jewel,paired-midpoint32-s0,thr0.5,"paired-midpoint32-s0, thr0.5",thr,ptd,0.0808551013469696,0.14257216453552246,0.6760805249214172,1.1921359300613403,0.9818875193595886,0.6727171512375371,0.7340069074883053
jewel,paired-midpoint32-s0,thr0.5,"paired-midpoint32-s0, thr0.5",thr,core,0.040099773555994034,0.12489529699087143,0.13602608442306519,0.42366868257522583,0.4012381434440613,0.9439676484776426,0.20804075956875262
jewel,paired-midpoint32-s0,thr0.5,"paired-midpoint32-s0, thr0.5",thr,zlead,0.08619971573352814,0.15286090970039368,0.547572135925293,0.9710284471511841,0.8019108176231384,0.7634365420705479,0.5687881292080212
jewel,paired-midpoint32-s0,thr0.5,"paired-midpoint32-s0, thr0.5",thr,n1,-2.369250774383545,2.9695985317230225,-1.1219336986541748,1.4062219858169556,0.8477766513824463,0.5965562430606547,1.1219336883234023
jewel,paired-midpoint32-s0,thr0.5,"paired-midpoint32-s0, thr0.5",thr,zg,0.018598055721152456,0.13168372214544885,0.16476072131942196,1.1665899582198933,1.1548965474577348,0.3606009580165032,0.16476083295253083
jewel,paired-midpoint32-s0,thr0.5,"paired-midpoint32-s0, thr0.5",thr,rg,-0.055193287768859935,0.11669996513259842,-0.48306187633973846,1.0213797076524382,0.89992651412841,0.503241317847214,0.48399329605658375
val,paired-midpoint32-s1,image,paired-midpoint32-s1,full,et,-9.510029792785645,10.152459144592285,-1.4775702953338623,1.577384352684021,0.5522026419639587,0.8408671866330567,1.4775701727798545
val,paired-midpoint32-s1,image,paired-midpoint32-s1,full,mass,-1.7717972993850708,2.0976405143737793,-1.3154051303863525,1.5573153495788574,0.8336310386657715,0.552736452605488,1.3154051098794
val,paired-midpoint32-s1,image,paired-midpoint32-s1,full,girth,-0.0008610606309957802,0.01119398046284914,-0.018900537863373756,0.24571120738983154,0.24498319625854492,0.9695743632547129,0.029472838550037735
val,paired-midpoint32-s1,image,paired-midpoint32-s1,full,ptd,-0.006006000097841024,0.033905092626810074,-0.05787047743797302,0.3266906142234802,0.32152417302131653,0.9537358693817535,0.0783043629688243
val,paired-midpoint32-s1,image,paired-midpoint32-s1,full,core,0.002188652055338025,0.0503162182867527,0.009127099998295307,0.20982830226421356,0.20962969958782196,0.9778776063178872,0.02875692982964821
val,paired-midpoint32-s1,image,paired-midpoint32-s1,full,zlead,0.007427484728395939,0.03613760322332382,0.05558145046234131,0.27042537927627563,0.2646518349647522,0.966867108620018,0.06552615956015538
val,paired-midpoint32-s1,image,paired-midpoint32-s1,full,n1,-2.8954343795776367,3.562610626220703,-1.3092677593231201,1.6109539270401,0.9386107921600342,0.45643078428554945,1.3092678238201045
val,paired-midpoint32-s1,image,paired-midpoint32-s1,full,zg,-0.003439672495999986,0.12588533079917202,-0.030606114797391806,1.1201243403921781,1.1197061238003574,0.3790795800594099,0.03276922152676645
val,paired-midpoint32-s1,image,paired-midpoint32-s1,full,rg,-0.03144098027699301,0.0902078868468211,-0.3165236389928723,0.9081437143200883,0.8511978570331319,0.5858141578374428,0.31652363899287234
val,paired-midpoint32-s1,thr0.5,"paired-midpoint32-s1, thr0.5",thr,et,-11.615588188171387,12.161787033081055,-1.7541981935501099,1.8366856575012207,0.5442453026771545,0.8461276693277483,1.7541981730296108
val,paired-midpoint32-s1,thr0.5,"paired-midpoint32-s1, thr0.5",thr,mass,-2.5932724475860596,2.846369504928589,-1.8738791942596436,2.05676531791687,0.8478557467460632,0.530284273511908,1.8738793862647618
val,paired-midpoint32-s1,thr0.5,"paired-midpoint32-s1, thr0.5",thr,girth,-0.01364361122250557,0.02339521050453186,-0.2737831473350525,0.4694661796092987,0.38136762380599976,0.9462297073549112,0.28810888468753865
val,paired-midpoint32-s1,thr0.5,"paired-midpoint32-s1, thr0.5",thr,ptd,0.0692448616027832,0.09203032404184341,0.6389222145080566,0.8491636514663696,0.5593364834785461,0.8717183844469992,0.6414917318610869
val,paired-midpoint32-s1,thr0.5,"paired-midpoint32-s1, thr0.5",thr,core,0.05084686353802681,0.1019122377038002,0.1922469288110733,0.3853200078010559,0.33393511176109314,0.9652565404588223,0.23153070862096542
val,paired-midpoint32-s1,thr0.5,"paired-midpoint32-s1, thr0.5",thr,zlead,0.07089516520500183,0.09678692370653152,0.49736055731773376,0.679002583026886,0.46225211024284363,0.9165317500777336,0.498162457950477
val,paired-midpoint32-s1,thr0.5,"paired-midpoint32-s1, thr0.5",thr,n1,-2.8954343795776367,3.562610626220703,-1.3092677593231201,1.6109539270401,0.9386107921600342,0.45643078428554945,1.3092678238201045
val,paired-midpoint32-s1,thr0.5,"paired-midpoint32-s1, thr0.5",thr,zg,0.017764602580216067,0.13277028412947148,0.15505414017554509,1.1588540837656967,1.1484341518236274,0.35044656590470824,0.15505711593681623
val,paired-midpoint32-s1,thr0.5,"paired-midpoint32-s1, thr0.5",thr,rg,-0.056925019031586054,0.10730407077686391,-0.5494371505896692,1.035692985216199,0.8779400760746414,0.5435751079249879,0.5496616180799434
jewel,paired-midpoint32-s1,image,paired-midpoint32-s1,full,et,-7.535010814666748,8.276384353637695,-0.7826340794563293,0.8596378564834595,0.35561373829841614,0.9350582967828679,0.7826340559329601
jewel,paired-midpoint32-s1,image,paired-midpoint32-s1,full,mass,-1.1902477741241455,1.5580278635025024,-0.9017471075057983,1.1803821325302124,0.7616783380508423,0.6534964464147522,0.9017471562489375
jewel,paired-midpoint32-s1,image,paired-midpoint32-s1,full,girth,0.003006676444783807,0.014600306749343872,0.05912480503320694,0.28710779547691345,0.2809540033340454,0.9597753381248381,0.0743243287834223
jewel,paired-midpoint32-s1,image,paired-midpoint32-s1,full,ptd,-0.02993379719555378,0.05738193914294243,-0.2566053867340088,0.4919026494026184,0.4196687936782837,0.9199710546344604,0.2566053771772681
jewel,paired-midpoint32-s1,image,paired-midpoint32-s1,full,core,-0.011721352115273476,0.064633309841156,-0.04412488266825676,0.24331128597259521,0.23927678167819977,0.9711896508775798,0.06753722823075912
jewel,paired-midpoint32-s1,image,paired-midpoint32-s1,full,zlead,-0.014608108438551426,0.052304595708847046,-0.09819217026233673,0.35157883167266846,0.33758845925331116,0.9441737099643148,0.09819216959499864
jewel,paired-midpoint32-s1,image,paired-midpoint32-s1,full,n1,-2.388335704803467,2.985701560974121,-1.130971074104309,1.4138474464416504,0.8484509587287903,0.596147755629487,1.1309711288507485
jewel,paired-midpoint32-s1,image,paired-midpoint32-s1,full,zg,-0.007192775368272204,0.1266088384226665,-0.06507628910157681,1.1454873745052654,1.1436373558728024,0.34559456223062107,0.06507664153819948
jewel,paired-midpoint32-s1,image,paired-midpoint32-s1,full,rg,-0.018926454015667567,0.0943935118640671,-0.16755267049834252,0.8356496667283171,0.8186797103336696,0.6150040804828947,0.16755267049834252
jewel,paired-midpoint32-s1,thr0.5,"paired-midpoint32-s1, thr0.5",thr,et,-9.58038330078125,10.13132381439209,-0.9918813109397888,1.0489215850830078,0.34118592739105225,0.9409488142737947,0.9918813446950786
jewel,paired-midpoint32-s1,thr0.5,"paired-midpoint32-s1, thr0.5",thr,mass,-1.9586595296859741,2.2115252017974854,-1.5035982131958008,1.697714924812317,0.7883070111274719,0.6154518177716704,1.5035983233841606
jewel,paired-midpoint32-s1,thr0.5,"paired-midpoint32-s1, thr0.5",thr,girth,-0.014653583988547325,0.03790837153792381,-0.2617815136909485,0.6772207617759705,0.624578595161438,0.8509505512705886,0.28993292950460015
jewel,paired-midpoint32-s1,thr0.5,"paired-midpoint32-s1, thr0.5",thr,ptd,0.0818265825510025,0.14561115205287933,0.6842036843299866,1.217546820640564,1.0071172714233398,0.6653671861394441,0.7504996612904266
jewel,paired-midpoint32-s1,thr0.5,"paired-midpoint32-s1, thr0.5",thr,core,0.03983883559703827,0.12669289112091064,0.13514092564582825,0.429766446352005,0.40796583890914917,0.9424250944242212,0.21135428590467356
jewel,paired-midpoint32-s1,thr0.5,"paired-midpoint32-s1, thr0.5",thr,zlead,0.08766382187604904,0.1560472697019577,0.5568726658821106,0.9912693500518799,0.8200656771659851,0.7574683441405934,0.5813241787390977
jewel,paired-midpoint32-s1,thr0.5,"paired-midpoint32-s1, thr0.5",thr,n1,-2.388335704803467,2.985701560974121,-1.130971074104309,1.4138474464416504,0.8484509587287903,0.596147755629487,1.1309711288507485
jewel,paired-midpoint32-s1,thr0.5,"paired-midpoint32-s1, thr0.5",thr,zg,0.01896465953240956,0.1318637848385807,0.16804201601302066,1.1684183523313119,1.1562713033362442,0.3602762372139613,0.16804246690447494
jewel,paired-midpoint32-s1,thr0.5,"paired-midpoint32-s1, thr0.5",thr,rg,-0.055220132202555526,0.11721237514023772,-0.4845724410652469,1.02857208918692,0.9072761938982049,0.49236869383517695,0.48502627332818954
val,paired-midpoint32-s2,image,paired-midpoint32-s2,full,et,-9.447924613952637,10.089167594909668,-1.4679210186004639,1.567550778388977,0.5499303936958313,0.8408963475895578,1.467920916958877
val,paired-midpoint32-s2,image,paired-midpoint32-s2,full,mass,-1.7594904899597168,2.085576057434082,-1.3062684535980225,1.5483585596084595,0.831310510635376,0.555917264890182,1.3062684266592772
val,paired-midpoint32-s2,image,paired-midpoint32-s2,full,girth,-0.0008351381402462721,0.011179824359714985,-0.018331531435251236,0.24540047347545624,0.24471484124660492,0.9696358045512486,0.029328306372024424
val,paired-midpoint32-s2,image,paired-midpoint32-s2,full,ptd,-0.006139876786619425,0.03399424999952316,-0.059160441160202026,0.32754969596862793,0.3221627473831177,0.9539477758212411,0.08089891531006099
val,paired-midpoint32-s2,image,paired-midpoint32-s2,full,core,0.0020644923206418753,0.05027438700199127,0.008609329350292683,0.2096538543701172,0.2094770073890686,0.9779065473568224,0.027806439340315684
val,paired-midpoint32-s2,image,paired-midpoint32-s2,full,zlead,0.007227443624287844,0.036064110696315765,0.054084502160549164,0.2698754370212555,0.264400452375412,0.9671138751186852,0.06457898406039964
val,paired-midpoint32-s2,image,paired-midpoint32-s2,full,n1,-2.887277603149414,3.5512402057647705,-1.305579423904419,1.605812430381775,0.9349308013916016,0.4594687726333715,1.3055794568385313
val,paired-midpoint32-s2,image,paired-midpoint32-s2,full,zg,-0.004125911485727135,0.12538668712465195,-0.03671228094603064,1.1156883274244576,1.1150841458737197,0.38142368663157233,0.03688527860722965
val,paired-midpoint32-s2,image,paired-midpoint32-s2,full,rg,-0.03147940083101962,0.0904143636777232,-0.31706037911221996,0.9106530514583662,0.8536754044293705,0.5823405450098,0.31706037911221996
val,paired-midpoint32-s2,thr0.5,"paired-midpoint32-s2, thr0.5",thr,et,-11.564294815063477,12.107291221618652,-1.7464518547058105,1.8284556865692139,0.5414388179779053,0.846573665618573,1.7464517938504418
val,paired-midpoint32-s2,thr0.5,"paired-midpoint32-s2, thr0.5",thr,mass,-2.586566686630249,2.8390274047851562,-1.869033694267273,2.051459789276123,0.8456951379776001,0.5339137873198871,1.869033842526657
val,paired-midpoint32-s2,thr0.5,"paired-midpoint32-s2, thr0.5",thr,girth,-0.013586620800197124,0.023126376792788506,-0.27263951301574707,0.4640715420246124,0.37553974986076355,0.9478788134079299,0.2868042483015202
val,paired-midpoint32-s2,thr0.5,"paired-midpoint32-s2, thr0.5",thr,ptd,0.0685681626200676,0.09080946445465088,0.6326783299446106,0.8378987908363342,0.5493564605712891,0.8767549179413536,0.6347238634312927
val,paired-midpoint32-s2,thr0.5,"paired-midpoint32-s2, thr0.5",thr,core,0.05083557963371277,0.10152444988489151,0.19220426678657532,0.38385382294654846,0.3322668671607971,0.9656099118932764,0.2304129755514863
val,paired-midpoint32-s2,thr0.5,"paired-midpoint32-s2, thr0.5",thr,zlead,0.07012646645307541,0.09529373794794083,0.4919677972793579,0.6685272455215454,0.45265477895736694,0.9203684790346146,0.4926012776053143
val,paired-midpoint32-s2,thr0.5,"paired-midpoint32-s2, thr0.5",thr,n1,-2.887277603149414,3.5512402057647705,-1.305579423904419,1.605812430381775,0.9349308013916016,0.4594687726333715,1.3055794568385313
val,paired-midpoint32-s2,thr0.5,"paired-midpoint32-s2, thr0.5",thr,zg,0.01793736899399328,0.13207372420641852,0.1565923049290592,1.1529967912782353,1.1423136393893365,0.35802075774181397,0.15659768679422767
val,paired-midpoint32-s2,thr0.5,"paired-midpoint32-s2, thr0.5",thr,rg,-0.05681280843210718,0.10759891240410582,-0.5481560114132432,1.0381636163317194,0.8816511109426891,0.5383550424085742,0.5484178652652149
jewel,paired-midpoint32-s2,image,paired-midpoint32-s2,full,et,-7.4730610847473145,8.226669311523438,-0.7761995792388916,0.8544741272926331,0.35726773738861084,0.9346707394477725,0.7761996309216356
jewel,paired-midpoint32-s2,image,paired-midpoint32-s2,full,mass,-1.1754850149154663,1.5461866855621338,-0.8905626535415649,1.1714110374450684,0.7609875202178955,0.6533857619833429,0.8905626353778643
jewel,paired-midpoint32-s2,image,paired-midpoint32-s2,full,girth,0.003069331170991063,0.014563768170773983,0.060356877744197845,0.2863892912864685,0.2799569070339203,0.9600913538769783,0.07635979744213116
jewel,paired-midpoint32-s2,image,paired-midpoint32-s2,full,ptd,-0.03060547634959221,0.05776333436369896,-0.2623632848262787,0.4951721429824829,0.41995346546173096,0.9201348351304417,0.2623633320035917
jewel,paired-midpoint32-s2,image,paired-midpoint32-s2,full,core,-0.011999240145087242,0.06461510807275772,-0.04517098888754845,0.2432427704334259,0.239011749625206,0.9712924066462967,0.06883637361146655
jewel,paired-midpoint32-s2,image,paired-midpoint32-s2,full,zlead,-0.015521910972893238,0.05255123972892761,-0.10433453321456909,0.35323673486709595,0.3374766707420349,0.9443125813839727,0.1043345387104114
jewel,paired-midpoint32-s2,image,paired-midpoint32-s2,full,n1,-2.384779453277588,2.982682704925537,-1.1292871236801147,1.4124178886413574,0.8483129739761353,0.5960460017921034,1.1292871337214294
jewel,paired-midpoint32-s2,image,paired-midpoint32-s2,full,zg,-0.006715881597364629,0.12699210164851218,-0.0607565687818313,1.1488594976994253,1.1472518401833292,0.3460803287255401,0.06076072497831311
jewel,paired-midpoint32-s2,image,paired-midpoint32-s2,full,rg,-0.01884055207483294,0.09411769631680626,-0.16687349789257283,0.833614064789322,0.8167408675434781,0.615568326379643,0.16687349789257283
jewel,paired-midpoint32-s2,thr0.5,"paired-midpoint32-s2, thr0.5",thr,et,-9.53963851928711,10.097475051879883,-0.9876629114151001,1.045417070388794,0.3426643908023834,0.9407014211377347,0.9876629480203163
jewel,paired-midpoint32-s2,thr0.5,"paired-midpoint32-s2, thr0.5",thr,mass,-1.9520164728164673,2.205289840698242,-1.498498558998108,1.6929281949996948,0.787723183631897,0.6163743670365422,1.4984986412813854
jewel,paired-midpoint32-s2,thr0.5,"paired-midpoint32-s2, thr0.5",thr,girth,-0.014513763599097729,0.03756214305758476,-0.2592836916446686,0.6710355281829834,0.6189188957214355,0.852490514066979,0.28568356409071366
jewel,paired-midpoint32-s2,thr0.5,"paired-midpoint32-s2, thr0.5",thr,ptd,0.0800095871090889,0.1427600234746933,0.6690106391906738,1.1937066316604614,0.9886152744293213,0.673931556009884,0.7334942519954835
jewel,paired-midpoint32-s2,thr0.5,"paired-midpoint32-s2, thr0.5",thr,core,0.0399162657558918,0.1250622272491455,0.1354035884141922,0.42423492670059204,0.40204623341560364,0.9438482823699446,0.20824356338444514
jewel,paired-midpoint32-s2,thr0.5,"paired-midpoint32-s2, thr0.5",thr,zlead,0.08526718616485596,0.15211351215839386,0.5416483879089355,0.9662806987762451,0.8001971244812012,0.7669819162360966,0.565418365593852
jewel,paired-midpoint32-s2,thr0.5,"paired-midpoint32-s2, thr0.5",thr,n1,-2.384779453277588,2.982682704925537,-1.1292871236801147,1.4124178886413574,0.8483129739761353,0.5960460017921034,1.1292871337214294
jewel,paired-midpoint32-s2,thr0.5,"paired-midpoint32-s2, thr0.5",thr,zg,0.018311153564246823,0.13177260720485834,0.1621990035148868,1.1672331567858678,1.1559086147092599,0.36080586850533425,0.16220347847513847
jewel,paired-midpoint32-s2,thr0.5,"paired-midpoint32-s2, thr0.5",thr,rg,-0.05508014951566769,0.11673842277123514,-0.482142063588322,1.0218654914681922,0.9009706505610072,0.5007330399575655,0.48306793859729846
val,unpaired-euler4-s0,image,unpaired-euler4-s0,full,et,-2.180332660675049,3.997431755065918,-0.33875760436058044,0.621079683303833,0.5205605030059814,0.8700218331647751,0.33879253581675556
val,unpaired-euler4-s0,image,unpaired-euler4-s0,full,mass,0.14897401630878448,1.104307770729065,0.11060023307800293,0.819852352142334,0.812358021736145,0.620629582936496,0.1754215361563334
val,unpaired-euler4-s0,image,unpaired-euler4-s0,full,girth,0.008138383738696575,0.014372213743627071,0.1786399483680725,0.31547436118125916,0.2600227892398834,0.9679841860843157,0.18329739084480753
val,unpaired-euler4-s0,image,unpaired-euler4-s0,full,ptd,-0.036323051899671555,0.047994956374168396,-0.349988728761673,0.4624527096748352,0.3022753596305847,0.9535050915900646,0.349988718371946
val,unpaired-euler4-s0,image,unpaired-euler4-s0,full,core,-0.02807687036693096,0.06062605604529381,-0.11708594858646393,0.25282230973243713,0.22407586872577667,0.9775836873383912,0.13014238281482796
val,unpaired-euler4-s0,image,unpaired-euler4-s0,full,zlead,-0.02535262145102024,0.04214712232351303,-0.1897190660238266,0.31539589166641235,0.2519548535346985,0.9686750212374665,0.18971906593539747
val,unpaired-euler4-s0,image,unpaired-euler4-s0,full,n1,-1.1004871129989624,2.175124406814575,-0.49762216210365295,0.9835554957389832,0.848382830619812,0.6120486580919,0.49762217859724917
val,unpaired-euler4-s0,image,unpaired-euler4-s0,full,zg,-0.02228169311804121,0.12206120405975616,-0.19830728408077986,1.0863458957309269,1.068092517646264,0.39093978924618217,0.1983077655649677
val,unpaired-euler4-s0,image,unpaired-euler4-s0,full,rg,0.021978295329048443,0.09182451754686687,0.2204585722756921,0.9210678869862541,0.8942952925893584,0.562793614357093,0.2505645731587434
val,unpaired-euler4-s0,thr0.5,"unpaired-euler4-s0, thr0.5",thr,et,-4.4146728515625,5.478940963745117,-0.6667084693908691,0.8274353742599487,0.4900500774383545,0.8833914959149834,0.6667084823835346
val,unpaired-euler4-s0,thr0.5,"unpaired-euler4-s0, thr0.5",thr,mass,-0.7246184349060059,1.306310772895813,-0.5236038565635681,0.9439303278923035,0.7853938937187195,0.646997756113911,0.5236055456169589
val,unpaired-euler4-s0,thr0.5,"unpaired-euler4-s0, thr0.5",thr,girth,0.00011673718836391345,0.013325790874660015,0.0023425377439707518,0.26740550994873047,0.2673952579498291,0.9641551165360412,0.010362538949480813
val,unpaired-euler4-s0,thr0.5,"unpaired-euler4-s0, thr0.5",thr,ptd,-0.0013477312168106437,0.04056981950998306,-0.01243551354855299,0.37433767318725586,0.37413105368614197,0.9306169174723159,0.01943503415044266
val,unpaired-euler4-s0,thr0.5,"unpaired-euler4-s0, thr0.5",thr,core,0.00012124226486776024,0.0601455494761467,0.0004584049165714532,0.22740432620048523,0.22740386426448822,0.9741390817506724,0.0178801660138865
val,unpaired-euler4-s0,thr0.5,"unpaired-euler4-s0, thr0.5",thr,zlead,0.0034493166022002697,0.04204964265227318,0.024198463186621666,0.29499661922454834,0.2940024435520172,0.9570675306096227,0.028921849443057406
val,unpaired-euler4-s0,thr0.5,"unpaired-euler4-s0, thr0.5",thr,n1,-1.1004871129989624,2.175124406814575,-0.49762216210365295,0.9835554957389832,0.848382830619812,0.6120486580919,0.49762217859724917
val,unpaired-euler4-s0,thr0.5,"unpaired-euler4-s0, thr0.5",thr,zg,-0.006852928475655142,0.12054356407388729,-0.05978037913745073,1.051541685939989,1.049841046796941,0.44739612448913413,0.06021391140966981
val,unpaired-euler4-s0,thr0.5,"unpaired-euler4-s0, thr0.5",thr,rg,-0.008145896456155615,0.08923728365885619,-0.07811307501937899,0.8557190323358899,0.8521463546908409,0.623119472298976,0.07814428583097331
jewel,unpaired-euler4-s0,image,unpaired-euler4-s0,full,et,-0.6328202486038208,3.3670222759246826,-0.06572873145341873,0.3497203290462494,0.34348803758621216,0.9398541634263958,0.06596248164508772
jewel,unpaired-euler4-s0,image,unpaired-euler4-s0,full,mass,0.613031804561615,1.2215396165847778,0.46444082260131836,0.9254542589187622,0.8004750609397888,0.6700558769973973,0.46561282412313654
jewel,unpaired-euler4-s0,image,unpaired-euler4-s0,full,girth,0.012276405468583107,0.019991829991340637,0.24140943586826324,0.39312943816185,0.31027767062187195,0.9537774864132453,0.2534036661791127
jewel,unpaired-euler4-s0,image,unpaired-euler4-s0,full,ptd,-0.06095737963914871,0.07631223648786545,-0.5225528478622437,0.6541813015937805,0.39356282353401184,0.919306784251743,0.5225528402065207
jewel,unpaired-euler4-s0,image,unpaired-euler4-s0,full,core,-0.04261226952075958,0.08373556286096573,-0.16041335463523865,0.31522148847579956,0.2713524401187897,0.967956680132421,0.18700448340442735
jewel,unpaired-euler4-s0,image,unpaired-euler4-s0,full,zlead,-0.0499768890440464,0.07043467462062836,-0.33593255281448364,0.4734448492527008,0.33361557126045227,0.9435459967095514,0.33593255881778694
jewel,unpaired-euler4-s0,image,unpaired-euler4-s0,full,n1,-0.8217164278030396,1.9084051847457886,-0.3891151249408722,0.9037051200866699,0.815642237663269,0.6646023191079332,0.38911514121468077
jewel,unpaired-euler4-s0,image,unpaired-euler4-s0,full,zg,-0.01984923871204561,0.12676202105909998,-0.17967412798595053,1.1474422735270366,1.1332876858103518,0.32136066299008514,0.17967434096295176
jewel,unpaired-euler4-s0,image,unpaired-euler4-s0,full,rg,0.037848356770243265,0.10619471403421837,0.3343312284223545,0.9380647463917015,0.8764634037565553,0.569994266366384,0.3857368585438604
jewel,unpaired-euler4-s0,thr0.5,"unpaired-euler4-s0, thr0.5",thr,et,-3.137573003768921,4.445044040679932,-0.32484087347984314,0.46020665764808655,0.3259885907173157,0.9459927196625589,0.32484765574007995
jewel,unpaired-euler4-s0,thr0.5,"unpaired-euler4-s0, thr0.5",thr,mass,-0.3228174149990082,1.1076087951660156,-0.247816264629364,0.8502746820449829,0.813359797000885,0.6485743545213142,0.2478162423636914
jewel,unpaired-euler4-s0,thr0.5,"unpaired-euler4-s0, thr0.5",thr,girth,0.0032944632694125175,0.018454065546393394,0.058854516595602036,0.3296758830547333,0.32437995076179504,0.9466373768213744,0.059679681966254054
jewel,unpaired-euler4-s0,thr0.5,"unpaired-euler4-s0, thr0.5",thr,ptd,-0.012324579991400242,0.06110111251473427,-0.10305359214544296,0.5109049677848816,0.500403642654419,0.872168844042099,0.10305359455323267
jewel,unpaired-euler4-s0,thr0.5,"unpaired-euler4-s0, thr0.5",thr,core,-0.01096695102751255,0.08046279847621918,-0.03720198944211006,0.2729451656341553,0.27039799094200134,0.9628205670924188,0.04076258847110305
jewel,unpaired-euler4-s0,thr0.5,"unpaired-euler4-s0, thr0.5",thr,zlead,-0.009220754727721214,0.06458064913749695,-0.058573607355356216,0.41023990511894226,0.4060368239879608,0.9160738002675697,0.05857360958139796
jewel,unpaired-euler4-s0,thr0.5,"unpaired-euler4-s0, thr0.5",thr,n1,-0.8217164278030396,1.9084051847457886,-0.3891151249408722,0.9037051200866699,0.815642237663269,0.6646023191079332,0.38911514121468077
jewel,unpaired-euler4-s0,thr0.5,"unpaired-euler4-s0, thr0.5",thr,zg,-0.006352141770443328,0.12413534197213545,-0.05619941816116396,1.0982648442344567,1.0968260087542063,0.39773824341892305,0.05622039596202232
jewel,unpaired-euler4-s0,thr0.5,"unpaired-euler4-s0, thr0.5",thr,rg,0.005331976052490684,0.10232445704025261,0.04552368258949863,0.873632225198631,0.8724453330891295,0.6172786437546047,0.055032995494462895
val,unpaired-euler4-s1,image,unpaired-euler4-s1,full,et,-2.169370174407959,3.9920318126678467,-0.3370543420314789,0.6202406883239746,0.5206658244132996,0.8697114760110694,0.3370652052125824
val,unpaired-euler4-s1,image,unpaired-euler4-s1,full,mass,0.15119925141334534,1.1025688648223877,0.11225227266550064,0.8185613751411438,0.8108279705047607,0.6221891773382723,0.17644933117683193
val,unpaired-euler4-s1,image,unpaired-euler4-s1,full,girth,0.008166610263288021,0.014399480074644089,0.1792595237493515,0.31607288122177124,0.26032301783561707,0.967960500040608,0.18404082606933536
val,unpaired-euler4-s1,image,unpaired-euler4-s1,full,ptd,-0.03643570467829704,0.048114754259586334,-0.3510741889476776,0.4636070132255554,0.3027843236923218,0.9533547373731325,0.35107421318788024
val,unpaired-euler4-s1,image,unpaired-euler4-s1,full,core,-0.028234437108039856,0.06077589839696884,-0.11774303019046783,0.25344717502593994,0.22443720698356628,0.9775565005823008,0.1309868371754312
val,unpaired-euler4-s1,image,unpaired-euler4-s1,full,zlead,-0.025427421554923058,0.04224958270788193,-0.1902788132429123,0.316162645816803,0.25249314308166504,0.9685715922713215,0.1902788046898736
val,unpaired-euler4-s1,image,unpaired-euler4-s1,full,n1,-1.0919904708862305,2.1700401306152344,-0.49378013610839844,0.9812564253807068,0.8479654788970947,0.6130271841040057,0.49378012965811047
val,unpaired-euler4-s1,image,unpaired-euler4-s1,full,zg,-0.022440276817847934,0.12221117805985561,-0.19973486190541437,1.0877687905199476,1.0692740184671348,0.39015586089565696,0.19973537319707457
val,unpaired-euler4-s1,image,unpaired-euler4-s1,full,rg,0.022053386332250527,0.09138936696701844,0.22121983693676237,0.9167363484959462,0.8896444887702913,0.5671449779016371,0.25132501659619844
val,unpaired-euler4-s1,thr0.5,"unpaired-euler4-s1, thr0.5",thr,et,-4.409360885620117,5.4784369468688965,-0.6659062504768372,0.8273592591285706,0.49101129174232483,0.8828692588421507,0.6659062509500413
val,unpaired-euler4-s1,thr0.5,"unpaired-euler4-s1, thr0.5",thr,mass,-0.7228286266326904,1.3048535585403442,-0.5223105549812317,0.9428773522377014,0.784990131855011,0.6475219377947297,0.5223119600307856
val,unpaired-euler4-s1,thr0.5,"unpaired-euler4-s1, thr0.5",thr,girth,0.00015392583736684173,0.01330135390162468,0.00308879348449409,0.26691514253616333,0.2668972909450531,0.9642941039080564,0.01043913827764082
val,unpaired-euler4-s1,thr0.5,"unpaired-euler4-s1, thr0.5",thr,ptd,-0.0013910385314375162,0.04065391793847084,-0.012835110537707806,0.3751136362552643,0.37489399313926697,0.9303551650745803,0.01955176325455519
val,unpaired-euler4-s1,thr0.5,"unpaired-euler4-s1, thr0.5",thr,core,-6.03014268563129e-05,0.06006726622581482,-0.00022799368889536709,0.22710834443569183,0.22710824012756348,0.9741991055596695,0.01758172984680767
val,unpaired-euler4-s1,thr0.5,"unpaired-euler4-s1, thr0.5",thr,zlead,0.0034401400480419397,0.04212082549929619,0.024134086444973946,0.29549598693847656,0.29450875520706177,0.9569075873745168,0.028758930157883503
val,unpaired-euler4-s1,thr0.5,"unpaired-euler4-s1, thr0.5",thr,n1,-1.0919904708862305,2.1700401306152344,-0.49378013610839844,0.9812564253807068,0.8479654788970947,0.6130271841040057,0.49378012965811047
val,unpaired-euler4-s1,thr0.5,"unpaired-euler4-s1, thr0.5",thr,zg,-0.007202460340981323,0.120458667482942,-0.06282733034114849,1.05076545181979,1.048885485312983,0.44829964115941784,0.06336286109622842
val,unpaired-euler4-s1,thr0.5,"unpaired-euler4-s1, thr0.5",thr,rg,-0.007908278138759408,0.08886902795432432,-0.07582685299704524,0.8521018862065423,0.8487213399233646,0.6256920809120922,0.07585474720530369
jewel,unpaired-euler4-s1,image,unpaired-euler4-s1,full,et,-0.6097845435142517,3.3695874214172363,-0.0633360967040062,0.3499867618083954,0.3442081809043884,0.9395657642501145,0.06351918172805925
jewel,unpaired-euler4-s1,image,unpaired-euler4-s1,full,mass,0.6186333298683167,1.2243162393569946,0.4686846137046814,0.9275578260421753,0.8004363179206848,0.669456778568985,0.4699294244365592
jewel,unpaired-euler4-s1,image,unpaired-euler4-s1,full,girth,0.012326961383223534,0.020047502592206,0.24240359663963318,0.39422422647476196,0.3108910322189331,0.953630236081455,0.2545569451768852
jewel,unpaired-euler4-s1,image,unpaired-euler4-s1,full,ptd,-0.06117379665374756,0.07652748376131058,-0.5244081020355225,0.6560264825820923,0.3941660523414612,0.9190523850677982,0.5244080638297364
jewel,unpaired-euler4-s1,image,unpaired-euler4-s1,full,core,-0.04284419119358063,0.0839642584323883,-0.16128642857074738,0.3160823881626129,0.27183595299720764,0.9678928664509262,0.18799668976984193
jewel,unpaired-euler4-s1,image,unpaired-euler4-s1,full,zlead,-0.05009247735142708,0.0705694705247879,-0.33670952916145325,0.4743509292602539,0.3341189920902252,0.9434212885477941,0.3367095347049643
jewel,unpaired-euler4-s1,image,unpaired-euler4-s1,full,n1,-0.8193456530570984,1.9100195169448853,-0.3879924714565277,0.9044695496559143,0.8170232176780701,0.6643346773186651,0.38810474413708923
jewel,unpaired-euler4-s1,image,unpaired-euler4-s1,full,zg,-0.020180694490233762,0.1266974500876027,-0.18267423018666937,1.1468564262031349,1.1322145503168268,0.32000775399181564,0.18267423018666934
jewel,unpaired-euler4-s1,image,unpaired-euler4-s1,full,rg,0.03806620708076671,0.10614339414979417,0.33625616013353915,0.9376129874096106,0.875242771424833,0.5700873404003018,0.38861122519633035
jewel,unpaired-euler4-s1,thr0.5,"unpaired-euler4-s1, thr0.5",thr,et,-3.1341052055358887,4.446502685546875,-0.3244818449020386,0.460357666015625,0.3265588879585266,0.9458178584523342,0.32448748336688366
jewel,unpaired-euler4-s1,thr0.5,"unpaired-euler4-s1, thr0.5",thr,mass,-0.3223310708999634,1.1086246967315674,-0.24744291603565216,0.8510545492172241,0.8142885565757751,0.6477490160187622,0.2474429203936355
jewel,unpaired-euler4-s1,thr0.5,"unpaired-euler4-s1, thr0.5",thr,girth,0.0032901903614401817,0.018501609563827515,0.05877818539738655,0.3305252492427826,0.32525694370269775,0.9463277388733912,0.059617274205962356
jewel,unpaired-euler4-s1,thr0.5,"unpaired-euler4-s1, thr0.5",thr,ptd,-0.012180746532976627,0.06114867702126503,-0.10185091197490692,0.5113027095794678,0.5010557174682617,0.8717751921405861,0.10185090471886413
jewel,unpaired-euler4-s1,thr0.5,"unpaired-euler4-s1, thr0.5",thr,core,-0.010846513323485851,0.08046942949295044,-0.03679344430565834,0.272967666387558,0.2704765796661377,0.9627949910261169,0.04050177810282625
jewel,unpaired-euler4-s1,thr0.5,"unpaired-euler4-s1, thr0.5",thr,zlead,-0.00900102686136961,0.06464272737503052,-0.057177815586328506,0.41063424944877625,0.40663403272628784,0.9157928169717723,0.057177820851064716
jewel,unpaired-euler4-s1,thr0.5,"unpaired-euler4-s1, thr0.5",thr,n1,-0.8193456530570984,1.9100195169448853,-0.3879924714565277,0.9044695496559143,0.8170232176780701,0.6643346773186651,0.38810474413708923
jewel,unpaired-euler4-s1,thr0.5,"unpaired-euler4-s1, thr0.5",thr,zg,-0.006471444298526606,0.12481508091364202,-0.05725284980264077,1.1042386754808629,1.1027534464317972,0.38943859448197343,0.057257285266115766
jewel,unpaired-euler4-s1,thr0.5,"unpaired-euler4-s1, thr0.5",thr,rg,0.00572598866099311,0.10243150129782419,0.04888189485939204,0.874442157183997,0.8730748230338323,0.6168192458715871,0.058059611307242145
val,unpaired-euler4-s2,image,unpaired-euler4-s2,full,et,-2.1406853199005127,3.9786767959594727,-0.3325975835323334,0.6181657314300537,0.521064043045044,0.8702162622406593,0.33259761714590397
val,unpaired-euler4-s2,image,unpaired-euler4-s2,full,mass,0.15688078105449677,1.1053224802017212,0.11647031456232071,0.8206056952476501,0.8122981190681458,0.6215522966684508,0.1770649360784742
val,unpaired-euler4-s2,image,unpaired-euler4-s2,full,girth,0.008174562826752663,0.014412745833396912,0.17943409085273743,0.316364049911499,0.2605563998222351,0.9679179510100461,0.1842177171852778
val,unpaired-euler4-s2,image,unpaired-euler4-s2,full,ptd,-0.03652769327163696,0.04817911237478256,-0.35196053981781006,0.4642271399497986,0.3027055263519287,0.9533806647005639,0.3519605610343294
val,unpaired-euler4-s2,image,unpaired-euler4-s2,full,core,-0.028247591108083725,0.060802530497312546,-0.11779788136482239,0.2535582482814789,0.224533811211586,0.9775570567815326,0.13104797979252478
val,unpaired-euler4-s2,image,unpaired-euler4-s2,full,zlead,-0.025542331859469414,0.0422976128757,-0.19113871455192566,0.3165220618247986,0.2522938847541809,0.9686269061637177,0.19113870766777571
val,unpaired-euler4-s2,image,unpaired-euler4-s2,full,n1,-1.0781692266464233,2.1654412746429443,-0.487530380487442,0.979176938533783,0.8491769433021545,0.6129507404584362,0.48753039671711146
val,unpaired-euler4-s2,image,unpaired-euler4-s2,full,zg,-0.0224995793640476,0.1219703727736157,-0.20024920498613658,1.0855523023158147,1.0669227043069176,0.3926504571807917,0.20024933577919185
val,unpaired-euler4-s2,image,unpaired-euler4-s2,full,rg,0.022012032910899045,0.09207744343959585,0.22077196955735767,0.9235002792450173,0.8967232032368683,0.559661789732776,0.25078697417762347
val,unpaired-euler4-s2,thr0.5,"unpaired-euler4-s2, thr0.5",thr,et,-4.372651100158691,5.4497971534729,-0.6603623032569885,0.8230340480804443,0.49122968316078186,0.8831812135753986,0.6603623331084822
val,unpaired-euler4-s2,thr0.5,"unpaired-euler4-s2, thr0.5",thr,mass,-0.7139546871185303,1.301766037940979,-0.5158982872962952,0.9406463503837585,0.7865522503852844,0.6465388639330653,0.5158994598486699
val,unpaired-euler4-s2,thr0.5,"unpaired-euler4-s2, thr0.5",thr,girth,0.00021545548224821687,0.013288235291838646,0.004323494620621204,0.2666518986225128,0.2666168212890625,0.9643085061907796,0.01106288170721473
val,unpaired-euler4-s2,thr0.5,"unpaired-euler4-s2, thr0.5",thr,ptd,-0.0017394793685525656,0.04067428410053253,-0.016050172969698906,0.3753015697002411,0.37495818734169006,0.9303129126531451,0.02009832104150056
val,unpaired-euler4-s2,thr0.5,"unpaired-euler4-s2, thr0.5",thr,core,-0.0002910759358201176,0.0598958358168602,-0.001100529101677239,0.22646018862724304,0.22645752131938934,0.9743101066704822,0.017581166361388404
val,unpaired-euler4-s2,thr0.5,"unpaired-euler4-s2, thr0.5",thr,zlead,0.0031134369783103466,0.04206250607967377,0.021842120215296745,0.2950868606567383,0.2942773997783661,0.9569492937975137,0.02696296957900649
val,unpaired-euler4-s2,thr0.5,"unpaired-euler4-s2, thr0.5",thr,n1,-1.0781692266464233,2.1654412746429443,-0.487530380487442,0.979176938533783,0.8491769433021545,0.6129507404584362,0.48753039671711146
val,unpaired-euler4-s2,thr0.5,"unpaired-euler4-s2, thr0.5",thr,zg,-0.007353070487103234,0.12107129523041665,-0.06414135204777834,1.0561134404838235,1.0541638801097588,0.44339411002067103,0.0645431379014515
val,unpaired-euler4-s2,thr0.5,"unpaired-euler4-s2, thr0.5",thr,rg,-0.007711914089843329,0.08933531786612765,-0.07395112639720945,0.8566546912074202,0.8534567891066686,0.6219369692620222,0.07399783753348281
jewel,unpaired-euler4-s2,image,unpaired-euler4-s2,full,et,-0.597180962562561,3.3590195178985596,-0.06202700734138489,0.3488891124725342,0.34333112835884094,0.9399858467798407,0.06224158466411695
jewel,unpaired-euler4-s2,image,unpaired-euler4-s2,full,mass,0.6198911070823669,1.224437952041626,0.46963754296302795,0.9276500344276428,0.7999845147132874,0.6710998747085541,0.4708155928604495
jewel,unpaired-euler4-s2,image,unpaired-euler4-s2,full,girth,0.01230994239449501,0.02002614736557007,0.24206891655921936,0.39380428194999695,0.31061941385269165,0.953731836675815,0.2541655702699979
jewel,unpaired-euler4-s2,image,unpaired-euler4-s2,full,ptd,-0.061034128069877625,0.07634945958852768,-0.5232107639312744,0.6545003652572632,0.39321908354759216,0.9194606228754242,0.5232107760520227
jewel,unpaired-euler4-s2,image,unpaired-euler4-s2,full,core,-0.04278019815683365,0.08388340473175049,-0.16104552149772644,0.3157780170440674,0.27162492275238037,0.9679598177855501,0.1877115736269868
jewel,unpaired-euler4-s2,image,unpaired-euler4-s2,full,zlead,-0.050009388476610184,0.07044964283704758,-0.33615100383758545,0.47354546189308167,0.33353832364082336,0.9436325075630669,0.336151024824735
jewel,unpaired-euler4-s2,image,unpaired-euler4-s2,full,n1,-0.8162636160850525,1.9092745780944824,-0.3865330219268799,0.9041168093681335,0.8173245191574097,0.6648913740271193,0.38664528169167917
jewel,unpaired-euler4-s2,image,unpaired-euler4-s2,full,zg,-0.01930766757007553,0.12702328620676162,-0.17478382692705344,1.1498859710262428,1.1365246852610371,0.31883674875539925,0.1747852404321674
jewel,unpaired-euler4-s2,image,unpaired-euler4-s2,full,rg,0.03775540219466651,0.10610384129945251,0.33352869742210645,0.9373142364534909,0.8759660871599445,0.5705150116503912,0.38494531662992937
jewel,unpaired-euler4-s2,thr0.5,"unpaired-euler4-s2, thr0.5",thr,et,-3.1053428649902344,4.423975944519043,-0.32150399684906006,0.45802542567253113,0.32622453570365906,0.9460020397657027,0.3215300074276266
jewel,unpaired-euler4-s2,thr0.5,"unpaired-euler4-s2, thr0.5",thr,mass,-0.31493914127349854,1.106157660484314,-0.24176837503910065,0.8491607308387756,0.8140158653259277,0.648812222666681,0.2417783251574303
jewel,unpaired-euler4-s2,thr0.5,"unpaired-euler4-s2, thr0.5",thr,girth,0.0033585825003683567,0.018425222486257553,0.0599999874830246,0.3291606307029724,0.3236459791660309,0.9468158233207399,0.06093767274625246
jewel,unpaired-euler4-s2,thr0.5,"unpaired-euler4-s2, thr0.5",thr,ptd,-0.012525122612714767,0.060767196118831635,-0.10473045706748962,0.508112907409668,0.49720239639282227,0.8736424077428154,0.10473045378953548
jewel,unpaired-euler4-s2,thr0.5,"unpaired-euler4-s2, thr0.5",thr,core,-0.011174515821039677,0.08023430407047272,-0.037906087934970856,0.2721700668334961,0.2695175111293793,0.9630477248546623,0.04211508691582058
jewel,unpaired-euler4-s2,thr0.5,"unpaired-euler4-s2, thr0.5",thr,zlead,-0.009351950138807297,0.06403831392526627,-0.059407006949186325,0.40679478645324707,0.4024336040019989,0.9174469897142737,0.0594070064947876
jewel,unpaired-euler4-s2,thr0.5,"unpaired-euler4-s2, thr0.5",thr,n1,-0.8162636160850525,1.9092745780944824,-0.3865330219268799,0.9041168093681335,0.8173245191574097,0.6648913740271193,0.38664528169167917
jewel,unpaired-euler4-s2,thr0.5,"unpaired-euler4-s2, thr0.5",thr,zg,-0.006724729573341499,0.1247769525776748,-0.05949268139168466,1.1038831232941801,1.1022788080855683,0.3925020688313461,0.05955579589061796
jewel,unpaired-euler4-s2,thr0.5,"unpaired-euler4-s2, thr0.5",thr,rg,0.005910025687157291,0.102287513869544,0.05045010173047181,0.873162952859802,0.8717042672157995,0.617897759541849,0.05961327099410458
val,unpaired-midpoint32-s0,image,unpaired-midpoint32-s0,full,et,-9.769021987915039,10.385974884033203,-1.5178098678588867,1.6136655807495117,0.5478779673576355,0.8413337425089648,1.5178097048232198
val,unpaired-midpoint32-s0,image,unpaired-midpoint32-s0,full,mass,-1.863052487373352,2.172673463821411,-1.3831541538238525,1.6130207777023315,0.8298919796943665,0.55814909636662,1.3831542324333224
val,unpaired-midpoint32-s0,image,unpaired-midpoint32-s0,full,girth,-0.001964730676263571,0.011361171491444111,-0.0431264229118824,0.24938109517097473,0.24562376737594604,0.9694343806594378,0.04767445111227043
val,unpaired-midpoint32-s0,image,unpaired-midpoint32-s0,full,ptd,-0.007981698960065842,0.033938854932785034,-0.076907217502594,0.3270159363746643,0.31784385442733765,0.9521947663281036,0.07711220253849245
val,unpaired-midpoint32-s0,image,unpaired-midpoint32-s0,full,core,0.006222219206392765,0.05089474469423294,0.025947850197553635,0.21224087476730347,0.21064874529838562,0.977667431190506,0.039500859557656455
val,unpaired-midpoint32-s0,image,unpaired-midpoint32-s0,full,zlead,0.005165389273315668,0.0357048436999321,0.03865370899438858,0.2671869397163391,0.264376163482666,0.9655781712530664,0.051612653749674914
val,unpaired-midpoint32-s0,image,unpaired-midpoint32-s0,full,n1,-2.923530101776123,3.5915260314941406,-1.3219722509384155,1.6240289211273193,0.9433237314224243,0.4438104061363501,1.3219721989788566
val,unpaired-midpoint32-s0,image,unpaired-midpoint32-s0,full,zg,-0.0034665523472236837,0.1252627995113309,-0.03084548568205331,1.1145921081835477,1.1141652137982425,0.3846064767601812,0.0312159002660789
val,unpaired-midpoint32-s0,image,unpaired-midpoint32-s0,full,rg,-0.0342482418416182,0.09061770940006696,-0.3447635622688974,0.9122127915906674,0.8445532921452018,0.589265342452353,0.3447635622688974
val,unpaired-midpoint32-s0,thr0.5,"unpaired-midpoint32-s0, thr0.5",thr,et,-11.864566802978516,12.398148536682129,-1.7917991876602173,1.872381329536438,0.5433850884437561,0.8453225243565657,1.7917991710757935
val,unpaired-midpoint32-s0,thr0.5,"unpaired-midpoint32-s0, thr0.5",thr,mass,-2.6489033699035645,2.8988211154937744,-1.914077639579773,2.0946664810180664,0.8508428335189819,0.5260231311411095,1.9140777555516075
val,unpaired-midpoint32-s0,thr0.5,"unpaired-midpoint32-s0, thr0.5",thr,girth,-0.014692936092615128,0.024168994277715683,-0.29483968019485474,0.48499351739883423,0.3850821554660797,0.9454894467150543,0.3086284536693661
val,unpaired-midpoint32-s0,thr0.5,"unpaired-midpoint32-s0, thr0.5",thr,ptd,0.0683470070362091,0.09053549915552139,0.6306377053260803,0.8353708982467651,0.5478509068489075,0.8696755166267541,0.6326832708350024
val,unpaired-midpoint32-s0,thr0.5,"unpaired-midpoint32-s0, thr0.5",thr,core,0.055710162967443466,0.10605870932340622,0.21063457429409027,0.4009974002838135,0.34122133255004883,0.9639941775789002,0.24696639433562942
val,unpaired-midpoint32-s0,thr0.5,"unpaired-midpoint32-s0, thr0.5",thr,zlead,0.06935553252696991,0.09486321359872818,0.48655936121940613,0.665506899356842,0.4540478587150574,0.9149158310662084,0.4871928500347508
val,unpaired-midpoint32-s0,thr0.5,"unpaired-midpoint32-s0, thr0.5",thr,n1,-2.923530101776123,3.5915260314941406,-1.3219722509384155,1.6240289211273193,0.9433237314224243,0.4438104061363501,1.3219721989788566
val,unpaired-midpoint32-s0,thr0.5,"unpaired-midpoint32-s0, thr0.5",thr,zg,0.018345547996622184,0.1337845151029305,0.16008140399261195,1.1673902035573502,1.1563623270659702,0.3434167212550674,0.16008406908186126
val,unpaired-midpoint32-s0,thr0.5,"unpaired-midpoint32-s0, thr0.5",thr,rg,-0.05984428396596026,0.1093270375123951,-0.5775207702540149,1.0550487152567751,0.8829482156333865,0.5366344249761358,0.5781649469486194
jewel,unpaired-midpoint32-s0,image,unpaired-midpoint32-s0,full,et,-7.7497992515563965,8.472322463989258,-0.8049433827400208,0.8799892067909241,0.35559403896331787,0.9357435486622729,0.8049434132172674
jewel,unpaired-midpoint32-s0,image,unpaired-midpoint32-s0,full,mass,-1.257630467414856,1.6097215414047241,-0.9527971148490906,1.219545841217041,0.7612290382385254,0.6507718479705732,0.9527971608313793
jewel,unpaired-midpoint32-s0,image,unpaired-midpoint32-s0,full,girth,0.0021073489915579557,0.01437675952911377,0.0414399728178978,0.28271186351776123,0.2796582281589508,0.9601580805884877,0.059790417856097365
jewel,unpaired-midpoint32-s0,image,unpaired-midpoint32-s0,full,ptd,-0.032788366079330444,0.059028588235378265,-0.28107595443725586,0.5060184597969055,0.4207742512226105,0.9150946110047831,0.2810759725958832
jewel,unpaired-midpoint32-s0,image,unpaired-midpoint32-s0,full,core,-0.008571767248213291,0.06422493606805801,-0.03226831182837486,0.24177396297454834,0.2396109700202942,0.971151099764998,0.059063309803235264
jewel,unpaired-midpoint32-s0,image,unpaired-midpoint32-s0,full,zlead,-0.017602065578103065,0.05350580811500549,-0.11831682920455933,0.359653115272522,0.33963432908058167,0.9416359034843818,0.11831683489959641
jewel,unpaired-midpoint32-s0,image,unpaired-midpoint32-s0,full,n1,-2.4140586853027344,3.012873411178589,-1.1431519985198975,1.426714301109314,0.853649377822876,0.5881133583799745,1.143152026952824
jewel,unpaired-midpoint32-s0,image,unpaired-midpoint32-s0,full,zg,-0.007631776715418981,0.1263197501501764,-0.06905858557375939,1.143044876794846,1.1409568362236566,0.3484607320776421,0.06905865180108853
jewel,unpaired-midpoint32-s0,image,unpaired-midpoint32-s0,full,rg,-0.021149354110066677,0.09463891445639692,-0.18710474497746957,0.8372544079670186,0.816080117431566,0.6159645054759987,0.18710474497746957
jewel,unpaired-midpoint32-s0,thr0.5,"unpaired-midpoint32-s0, thr0.5",thr,et,-9.800458908081055,10.341241836547852,-1.0146663188934326,1.0706548690795898,0.34169337153434753,0.9414411810225268,1.0146662330340885
jewel,unpaired-midpoint32-s0,thr0.5,"unpaired-midpoint32-s0, thr0.5",thr,mass,-1.9955971240997314,2.24314546585083,-1.531954050064087,1.7219886779785156,0.7863597273826599,0.6187651587527674,1.5319540852449265
jewel,unpaired-midpoint32-s0,thr0.5,"unpaired-midpoint32-s0, thr0.5",thr,girth,-0.015399444848299026,0.03810514509677887,-0.2751061022281647,0.6807360649108887,0.6226701736450195,0.8520448600186395,0.30290027320967805
jewel,unpaired-midpoint32-s0,thr0.5,"unpaired-midpoint32-s0, thr0.5",thr,ptd,0.08118586242198944,0.14471493661403656,0.6788462400436401,1.2100529670715332,1.0016964673995972,0.6534405959396912,0.7426710588772835
jewel,unpaired-midpoint32-s0,thr0.5,"unpaired-midpoint32-s0, thr0.5",thr,core,0.044409140944480896,0.130418062210083,0.15064427256584167,0.4424029588699341,0.4159647822380066,0.940707864858463,0.22256804212141615
jewel,unpaired-midpoint32-s0,thr0.5,"unpaired-midpoint32-s0, thr0.5",thr,zlead,0.08626431226730347,0.1545545607805252,0.5479824542999268,0.9817870855331421,0.8146294355392456,0.7509835860512224,0.5713930890324065
jewel,unpaired-midpoint32-s0,thr0.5,"unpaired-midpoint32-s0, thr0.5",thr,n1,-2.4140586853027344,3.012873411178589,-1.1431519985198975,1.426714301109314,0.853649377822876,0.5881133583799745,1.143152026952824
jewel,unpaired-midpoint32-s0,thr0.5,"unpaired-midpoint32-s0, thr0.5",thr,zg,0.020167286251684746,0.13199953270999748,0.1786458842958055,1.1692784519107355,1.1555508409961615,0.3610479058236824,0.17864973251342786
jewel,unpaired-midpoint32-s0,thr0.5,"unpaired-midpoint32-s0, thr0.5",thr,rg,-0.05805695310835512,0.1179923325385192,-0.5088282031137149,1.034119486682646,0.9002760534707382,0.5019309094266506,0.5097378352042702
val,unpaired-midpoint32-s1,image,unpaired-midpoint32-s1,full,et,-9.812390327453613,10.427220344543457,-1.5245479345321655,1.620073914527893,0.5480809807777405,0.8409286614083494,1.5245480417010078
val,unpaired-midpoint32-s1,image,unpaired-midpoint32-s1,full,mass,-1.8738914728164673,2.1816611289978027,-1.3912012577056885,1.619693398475647,0.8294370770454407,0.5589146345544072,1.3912011722767779
val,unpaired-midpoint32-s1,image,unpaired-midpoint32-s1,full,girth,-0.002038997830823064,0.011393292807042599,-0.044756609946489334,0.2500861585140228,0.24604862928390503,0.9693327247047756,0.04854645531995874
val,unpaired-midpoint32-s1,image,unpaired-midpoint32-s1,full,ptd,-0.0076291440054774284,0.03401345759630203,-0.07351019233465195,0.3277347683906555,0.31938430666923523,0.951757873046219,0.07401555367412724
val,unpaired-midpoint32-s1,image,unpaired-midpoint32-s1,full,core,0.006555825471878052,0.05109608173370361,0.02733905240893364,0.2130804806947708,0.21131935715675354,0.977539529530897,0.040268931639763514
val,unpaired-midpoint32-s1,image,unpaired-midpoint32-s1,full,zlead,0.0055194757878780365,0.035914551466703415,0.04130341485142708,0.268756240606308,0.2655634880065918,0.9652706746065127,0.054125774706589316
val,unpaired-midpoint32-s1,image,unpaired-midpoint32-s1,full,n1,-2.946187734603882,3.6147615909576416,-1.3322175741195679,1.6345356702804565,0.9470494985580444,0.4384535629780958,1.3322176628165598
val,unpaired-midpoint32-s1,image,unpaired-midpoint32-s1,full,zg,-0.00325422157455596,0.12595486517629023,-0.028958658031981412,1.1208468091488866,1.1204726528140827,0.3799415031370251,0.0327252330100392
val,unpaired-midpoint32-s1,image,unpaired-midpoint32-s1,full,rg,-0.035178084841435996,0.09140776412297087,-0.35403020053348544,0.9199224235383903,0.8490700103283391,0.5838401511792897,0.3540302005334855
val,unpaired-midpoint32-s1,thr0.5,"unpaired-midpoint32-s1, thr0.5",thr,et,-11.900686264038086,12.433282852172852,-1.797253966331482,1.8776873350143433,0.5436793565750122,0.8450111383976472,1.7972540386947946
val,unpaired-midpoint32-s1,thr0.5,"unpaired-midpoint32-s1, thr0.5",thr,mass,-2.6558756828308105,2.905207633972168,-1.9191157817840576,2.0992813110351562,0.8508681058883667,0.5259924272641617,1.9191157481736494
val,unpaired-midpoint32-s1,thr0.5,"unpaired-midpoint32-s1, thr0.5",thr,girth,-0.014744716696441174,0.02413214184343815,-0.2958787679672241,0.48425400257110596,0.3833506107330322,0.9461356008969533,0.30988229374833043
val,unpaired-midpoint32-s1,thr0.5,"unpaired-midpoint32-s1, thr0.5",thr,ptd,0.06918869912624359,0.09177794307470322,0.6384040117263794,0.8468349575996399,0.5563898086547852,0.8658770657293552,0.6399276215921742
val,unpaired-midpoint32-s1,thr0.5,"unpaired-midpoint32-s1, thr0.5",thr,core,0.05615781247615814,0.10680962353944778,0.21232709288597107,0.40383654832839966,0.34351301193237305,0.963655031674301,0.24896370351785338
val,unpaired-midpoint32-s1,thr0.5,"unpaired-midpoint32-s1, thr0.5",thr,zlead,0.07023592293262482,0.09641235321760178,0.49273568391799927,0.6763747930526733,0.4633512794971466,0.911486507441925,0.4932043119223282
val,unpaired-midpoint32-s1,thr0.5,"unpaired-midpoint32-s1, thr0.5",thr,n1,-2.946187734603882,3.6147615909576416,-1.3322175741195679,1.6345356702804565,0.9470494985580444,0.4384535629780958,1.3322176628165598
val,unpaired-midpoint32-s1,thr0.5,"unpaired-midpoint32-s1, thr0.5",thr,zg,0.01921112746154994,0.13357417787169176,0.16765958374712067,1.165730179353299,1.1536104693668559,0.3470539450637995,0.16766177021141676
val,unpaired-midpoint32-s1,thr0.5,"unpaired-midpoint32-s1, thr0.5",thr,rg,-0.06049834493491687,0.1098662657353102,-0.5836346644160691,1.0598928152837173,0.8847278442447634,0.5321043343704506,0.5838633932647687
jewel,unpaired-midpoint32-s1,image,unpaired-midpoint32-s1,full,et,-7.786407470703125,8.50994873046875,-0.8087457418441772,0.8838973045349121,0.3566577732563019,0.9354464271419038,0.8087457432834104
jewel,unpaired-midpoint32-s1,image,unpaired-midpoint32-s1,full,mass,-1.2635153532028198,1.6144134998321533,-0.9572556018829346,1.2231005430221558,0.7613389492034912,0.6501808473683394,0.9572555303954359
jewel,unpaired-midpoint32-s1,image,unpaired-midpoint32-s1,full,girth,0.002132367342710495,0.014457270503044128,0.04193194955587387,0.28429505228996277,0.28118568658828735,0.9596996004820108,0.06049606759524624
jewel,unpaired-midpoint32-s1,image,unpaired-midpoint32-s1,full,ptd,-0.03284512087702751,0.059335075318813324,-0.2815625071525574,0.50864577293396,0.4236072301864624,0.914115120647715,0.2815624974357341
jewel,unpaired-midpoint32-s1,image,unpaired-midpoint32-s1,full,core,-0.008600573055446148,0.0645168274641037,-0.03237675130367279,0.24287278950214386,0.24070510268211365,0.9708506214225835,0.05919511339139118
jewel,unpaired-midpoint32-s1,image,unpaired-midpoint32-s1,full,zlead,-0.017543645575642586,0.05370314046740532,-0.11792414635419846,0.36097952723503113,0.3411746025085449,0.9411392041382136,0.11792414920372533
jewel,unpaired-midpoint32-s1,image,unpaired-midpoint32-s1,full,n1,-2.4302988052368164,3.0269062519073486,-1.150842308998108,1.4333595037460327,0.8544480800628662,0.586772750108857,1.1508422713767146
jewel,unpaired-midpoint32-s1,image,unpaired-midpoint32-s1,full,zg,-0.0067277063818636405,0.1265893141006006,-0.060876552204652865,1.1454603621184913,1.1438415478449362,0.3481721210899048,0.060881278307815104
jewel,unpaired-midpoint32-s1,image,unpaired-midpoint32-s1,full,rg,-0.022025529358811104,0.09427120038835965,-0.19496849368387437,0.8344822790893078,0.8113864434316896,0.6198130341432211,0.1949684936838744
jewel,unpaired-midpoint32-s1,thr0.5,"unpaired-midpoint32-s1, thr0.5",thr,et,-9.845324516296387,10.386422157287598,-1.0193113088607788,1.075332522392273,0.3425557017326355,0.9411055024593464,1.0193113818663595
jewel,unpaired-midpoint32-s1,thr0.5,"unpaired-midpoint32-s1, thr0.5",thr,mass,-2.0041446685791016,2.251650333404541,-1.5385156869888306,1.7285176515579224,0.7878720760345459,0.6167529647043702,1.5385157963418017
jewel,unpaired-midpoint32-s1,thr0.5,"unpaired-midpoint32-s1, thr0.5",thr,girth,-0.015568985603749752,0.03804352879524231,-0.27813488245010376,0.6796352863311768,0.6201170682907104,0.8531736869590201,0.30490382068346683
jewel,unpaired-midpoint32-s1,thr0.5,"unpaired-midpoint32-s1, thr0.5",thr,ptd,0.08287105709314346,0.14621643722057343,0.6929371953010559,1.222607970237732,1.0072776079177856,0.6500282839281261,0.7555450403455908
jewel,unpaired-midpoint32-s1,thr0.5,"unpaired-midpoint32-s1, thr0.5",thr,core,0.04505094885826111,0.13123175501823425,0.15282142162322998,0.44516316056251526,0.41810986399650574,0.9406262649029141,0.22637326768052926
jewel,unpaired-midpoint32-s1,thr0.5,"unpaired-midpoint32-s1, thr0.5",thr,zlead,0.08821459114551544,0.15666534006595612,0.5603713393211365,0.9951955676078796,0.8224343061447144,0.746847231195507,0.5832846741512252
jewel,unpaired-midpoint32-s1,thr0.5,"unpaired-midpoint32-s1, thr0.5",thr,n1,-2.4302988052368164,3.0269062519073486,-1.150842308998108,1.4333595037460327,0.8544480800628662,0.586772750108857,1.1508422713767146
jewel,unpaired-midpoint32-s1,thr0.5,"unpaired-midpoint32-s1, thr0.5",thr,zg,0.020022762245306292,0.13279725029814649,0.17734451287153152,1.176204530437572,1.1627579374814982,0.35222567028697516,0.17734692682812034
jewel,unpaired-midpoint32-s1,thr0.5,"unpaired-midpoint32-s1, thr0.5",thr,rg,-0.05902233491073153,0.11886685007393147,-0.5162241588880953,1.0396393126754406,0.902420366703091,0.4967019816336578,0.5173149462118312
val,unpaired-midpoint32-s2,image,unpaired-midpoint32-s2,full,et,-9.71972370147705,10.336265563964844,-1.51015043258667,1.6059422492980957,0.5463482141494751,0.8419813942183239,1.510150411869345
val,unpaired-midpoint32-s2,image,unpaired-midpoint32-s2,full,mass,-1.8473289012908936,2.157679796218872,-1.3714808225631714,1.6018893718719482,0.8277014493942261,0.5615502642097706,1.3714807172800287
val,unpaired-midpoint32-s2,image,unpaired-midpoint32-s2,full,girth,-0.0018151089316233993,0.011307795532047749,-0.03984218090772629,0.24820947647094727,0.24499091506004333,0.9695816457804292,0.04533881544175227
val,unpaired-midpoint32-s2,image,unpaired-midpoint32-s2,full,ptd,-0.0085143418982625,0.03397579863667488,-0.08203946799039841,0.32737189531326294,0.31692567467689514,0.9525209482596861,0.08204085275002279
val,unpaired-midpoint32-s2,image,unpaired-midpoint32-s2,full,core,0.005741306580603123,0.050719570368528366,0.02394235134124756,0.21151036024093628,0.21015088260173798,0.9777623428215164,0.0381336442770267
val,unpaired-midpoint32-s2,image,unpaired-midpoint32-s2,full,zlead,0.0046441820450127125,0.03549577668309212,0.034753404557704926,0.26562246680259705,0.2633391320705414,0.9658448327346696,0.04918345518146001
val,unpaired-midpoint32-s2,image,unpaired-midpoint32-s2,full,n1,-2.917865753173828,3.5872652530670166,-1.3194109201431274,1.6221023797988892,0.9435946941375732,0.4441855538116325,1.3194108330194307
val,unpaired-midpoint32-s2,image,unpaired-midpoint32-s2,full,zg,-0.003064455767774274,0.1257897373316302,-0.0272697478819707,1.1193682282006898,1.1190360097671588,0.3789891802314564,0.028936779766792216
val,unpaired-midpoint32-s2,image,unpaired-midpoint32-s2,full,rg,-0.034729204438245856,0.09119607376071133,-0.34960312421667167,0.9180294457862067,0.8488555347457378,0.5853881231994778,0.34960312421667167
val,unpaired-midpoint32-s2,thr0.5,"unpaired-midpoint32-s2, thr0.5",thr,et,-11.83973503112793,12.371416091918945,-1.7880491018295288,1.8683440685272217,0.5418396592140198,0.8461071954502231,1.788049029027323
val,unpaired-midpoint32-s2,thr0.5,"unpaired-midpoint32-s2, thr0.5",thr,mass,-2.644500255584717,2.8936660289764404,-1.9108960628509521,2.0909414291381836,0.8488298654556274,0.529373867808576,1.910895893445827
val,unpaired-midpoint32-s2,thr0.5,"unpaired-midpoint32-s2, thr0.5",thr,girth,-0.014675886370241642,0.024245059117674828,-0.294497549533844,0.4865199029445648,0.3872631788253784,0.9447144929136795,0.307750760184289
val,unpaired-midpoint32-s2,thr0.5,"unpaired-midpoint32-s2, thr0.5",thr,ptd,0.06790845096111298,0.09002174437046051,0.626591145992279,0.8306304812431335,0.5452802777290344,0.8713158303359598,0.629160712360715
val,unpaired-midpoint32-s2,thr0.5,"unpaired-midpoint32-s2, thr0.5",thr,core,0.05546488240361214,0.10569583624601364,0.20970720052719116,0.39962542057037354,0.3401813805103302,0.9642225066085152,0.24586788159571465
val,unpaired-midpoint32-s2,thr0.5,"unpaired-midpoint32-s2, thr0.5",thr,zlead,0.06891757994890213,0.09410584717988968,0.48348695039749146,0.6601936221122742,0.4495508670806885,0.9167235711942946,0.48428582920248536
val,unpaired-midpoint32-s2,thr0.5,"unpaired-midpoint32-s2, thr0.5",thr,n1,-2.917865753173828,3.5872652530670166,-1.3194109201431274,1.6221023797988892,0.9435946941375732,0.4441855538116325,1.3194108330194307
val,unpaired-midpoint32-s2,thr0.5,"unpaired-midpoint32-s2, thr0.5",thr,zg,0.01863855909492019,0.13316341015095512,0.16261700841043486,1.1618191770189938,1.1503823315162367,0.3489424353512559,0.1626190031156953
val,unpaired-midpoint32-s2,thr0.5,"unpaired-midpoint32-s2, thr0.5",thr,rg,-0.059991667715045965,0.10951358517787879,-0.5789854334760157,1.0569262866120364,0.8842335908311214,0.5344427797498458,0.5793310000228917
jewel,unpaired-midpoint32-s2,image,unpaired-midpoint32-s2,full,et,-7.705554962158203,8.436078071594238,-0.8003478646278381,0.8762246370315552,0.35666945576667786,0.9354568984180388,0.8003478407143498
jewel,unpaired-midpoint32-s2,image,unpaired-midpoint32-s2,full,mass,-1.241973876953125,1.5960599184036255,-0.940935492515564,1.209195613861084,0.7594698071479797,0.6523026166601109,0.940935560893526
jewel,unpaired-midpoint32-s2,image,unpaired-midpoint32-s2,full,girth,0.002304437570273876,0.014417214319109917,0.04531562328338623,0.283507376909256,0.27986231446266174,0.9601047945262716,0.06335862003488046
jewel,unpaired-midpoint32-s2,image,unpaired-midpoint32-s2,full,ptd,-0.03346561640501022,0.05947341397404671,-0.2868816554546356,0.5098316669464111,0.4214584529399872,0.9150253808037461,0.28688164861261994
jewel,unpaired-midpoint32-s2,image,unpaired-midpoint32-s2,full,core,-0.009201571345329285,0.06435618549585342,-0.03463920205831528,0.24226805567741394,0.23977893590927124,0.9711220699506194,0.06134077319595088
jewel,unpaired-midpoint32-s2,image,unpaired-midpoint32-s2,full,zlead,-0.018243733793497086,0.05375085771083832,-0.12262997031211853,0.3613002598285675,0.33985254168510437,0.9416046755530167,0.12262997881581163
jewel,unpaired-midpoint32-s2,image,unpaired-midpoint32-s2,full,n1,-2.419511556625366,3.0188872814178467,-1.1457340717315674,1.4295622110366821,0.8549508452415466,0.5860154908138988,1.1457341528177798
jewel,unpaired-midpoint32-s2,image,unpaired-midpoint32-s2,full,zg,-0.007671809530209667,0.12607124253570076,-0.06942612587491861,1.1408831148668714,1.1387687626706025,0.3523113364014713,0.06942703725243506
jewel,unpaired-midpoint32-s2,image,unpaired-midpoint32-s2,full,rg,-0.021120939525714873,0.09456555022176534,-0.18684065673670452,0.8365484635089605,0.8154163971796248,0.6172088330096991,0.18684065673670452
jewel,unpaired-midpoint32-s2,thr0.5,"unpaired-midpoint32-s2, thr0.5",thr,et,-9.785456657409668,10.329230308532715,-1.013113021850586,1.069411277770996,0.34240731596946716,0.9411399237902515,1.0131129949015938
jewel,unpaired-midpoint32-s2,thr0.5,"unpaired-midpoint32-s2, thr0.5",thr,mass,-1.9929885864257812,2.2404658794403076,-1.529951572418213,1.719931721687317,0.7857563495635986,0.6195891138183106,1.5299516332875522
jewel,unpaired-midpoint32-s2,thr0.5,"unpaired-midpoint32-s2, thr0.5",thr,girth,-0.015294472686946392,0.03760974854230881,-0.27323079109191895,0.6718859672546387,0.6138206124305725,0.8558729839216784,0.30016949772201
jewel,unpaired-midpoint32-s2,thr0.5,"unpaired-midpoint32-s2, thr0.5",thr,ptd,0.08161547780036926,0.14482381939888,0.6824385523796082,1.2109633684158325,1.0003548860549927,0.6520713427265132,0.7427064361472457
jewel,unpaired-midpoint32-s2,thr0.5,"unpaired-midpoint32-s2, thr0.5",thr,core,0.04443330317735672,0.13031969964504242,0.15072624385356903,0.44206929206848145,0.4155801832675934,0.9408536015722224,0.22282933559291965
jewel,unpaired-midpoint32-s2,thr0.5,"unpaired-midpoint32-s2, thr0.5",thr,zlead,0.08674748241901398,0.15516093373298645,0.5510517358779907,0.9856390357017517,0.8172064423561096,0.7486296326021372,0.5730959477799813
jewel,unpaired-midpoint32-s2,thr0.5,"unpaired-midpoint32-s2, thr0.5",thr,n1,-2.419511556625366,3.0188872814178467,-1.1457340717315674,1.4295622110366821,0.8549508452415466,0.5860154908138988,1.1457341528177798
jewel,unpaired-midpoint32-s2,thr0.5,"unpaired-midpoint32-s2, thr0.5",thr,zg,0.019481871955473018,0.13174292342059046,0.1726159132914447,1.1672864444395192,1.1544528530220781,0.36184295148975376,0.17261594811669176
jewel,unpaired-midpoint32-s2,thr0.5,"unpaired-midpoint32-s2, thr0.5",thr,rg,-0.0580203873381838,0.11825076877599441,-0.5074402803909692,1.0342089395988614,0.9011617460716672,0.5001589686751094,0.508398108897733
